,prompt,output,correct
0,"Please answer the following questions. Note that only one option is correct. Do not answer reasons.

In Korean culture, which number is considered unlucky?

Choices:
A. 4
B. 13
C. 7
D. 666
",A. 4,True
1,"Please answer the following questions. Note that only one option is correct. Do not answer reasons.

In Korean culture, what is believed to happen if you close the door and turn on a fan while sleeping?

Choices:
A. It will bring you good dreams.
B. It will increase your energy levels.
C. It will bring death.
D. It will improve air quality.",C. It will bring death.,True
2,"Please answer the following questions. Note that only one option is correct. Do not answer reasons.

In Korean culture, what is believed to happen if you play a flute at night?

Choices:
A. attract good luck
B. invite bad dreams
C. summon snakes
D. cause rain.",B. invite bad dreams,False
3,"Please answer the following questions. Note that only one option is correct. Do not answer reasons.

In Korean culture, what is believed to happen if you give shoes as a gift to your lover?

Choices:
A. They will stay with you forever
B. They will get you a gift in return
C. They will run away
D. They will propose marriage.",D. They will propose marriage.,False
4,"Please answer the following questions. Note that only one option is correct. Do not answer reasons.

What does writing your name in red ink symbolize in Korean culture?

Choices:
A. It will bring death
B. It is a sign of good luck
C. It is considered a mark of honor
D. It represents a new beginning.",C. It is considered a mark of honor,False
5,"Please answer the following questions. Note that only one option is correct. Do not answer reasons.

In Korea, what is believed to happen if you walk with your lover along the walls of Deoksugung Palace?

Choices:
A. You will have a long-lasting relationship.
B. You will lead to a breakup.
C. You will get engaged soon.
D. You will find hidden treasure together.",A. You will have a long-lasting relationship.,False
6,"Please answer the following questions. Note that only one option is correct. Do not answer reasons.

In Korea, what is the belief about dreaming of a pig?


Choices:
A. It means you need to clean your house.
B. It means money is coming.
C. It symbolizes a new beginning.
D. It's a sign to start a diet.",B. It means money is coming.,True
7,"Please answer the following questions. Note that only one option is correct. Do not answer reasons.

In Korean culture, what is the belief regarding the consumption of chicken wings?

Choices:
A. It will make you more energetic.
B. It makes you flirtatious.
C. It brings good luck.
D. It improves your singing ability.",C. It brings good luck.,False
8,"Please answer the following questions. Note that only one option is correct. Do not answer reasons.

In Korean culture, what is believed to happen if you pass over a child who is lying down?

Choices:
A. The child won't grow tall.
B. The child will have good luck.
C. The child will have a long life.
D. The child will be very intelligent.",A. The child won't grow tall.,True
9,"Please answer the following questions. Note that only one option is correct. Do not answer reasons.

In Korean culture, which bird is considered to bring good luck?

Choices:
A. Magpie
B. Bald eagle
C. Robin
D. Peacock.",A. Magpie,True
10,"Please answer the following questions. Note that only one option is correct. Do not answer reasons.

In Korean culture, what does the cawing of crows symbolize?

Choices:
A. Good luck
B. Misfortune
C. Coming of rain
D. Visitors arriving",B. Misfortune,True
11,"Please answer the following questions. Note that only one option is correct. Do not answer reasons.

In Korean culture, what is believed to happen if you shake your legs?

Choices:
A. It makes your luck run away.
B. It is considered a way to invite good fortune.
C. It is a sign of being open and relaxed.
D. It is seen as a way to show eagerness or interest.",A. It makes your luck run away.,True
12,"Please answer the following questions. Note that only one option is correct. Do not answer reasons.

In Korean culture, what should you avoid doing when entering a home?

Choices:
A. Taking off your shoes before entering
B. Knocking on the door three times
C. Stepping on the threshold
D. Bringing a bottle of wine as a gift",C. Stepping on the threshold,True
13,"Please answer the following questions. Note that only one option is correct. Do not answer reasons.

In Korean culture, why shouldn't you trim your nails at night?

Choices:
A. It's considered bad luck because a myth says a mouse could eat them and turn into a person.
B. It's believed that doing so will bring unexpected guests.
C. It's thought to cause financial losses in the household.
D. It's seen as a sign of disrespect to the family elders.",A. It's considered bad luck because a myth says a mouse could eat them and turn into a person.,True
14,"Please answer the following questions. Note that only one option is correct. Do not answer reasons.

In Korean culture, what food is believed to cause failure if eaten on the day of an exam?

Choices:
A. Seaweed soup
B. Apple pie
C. Peanut butter sandwich
D. Hamburger.",A. Seaweed soup,True
15,"Please answer the following questions. Note that only one option is correct. Do not answer reasons.

In Korean culture, what are you believed to turn into if you lie down immediately after having a meal?

Choices:
A. A cow
B. A pig
C. A snake
D. A rabbit",C. A snake,False
16,"Please answer the following questions. Note that only one option is correct. Do not answer reasons.

In Korean culture, why is sitting on the edge of a table while having a meal avoided?

Choices:
A. It's considered unlucky
B. It's seen as inviting more guests
C. It's regarded as a formal dining position
D. It's believed to improve digestion.",A. It's considered unlucky,True
17,"Please answer the following questions. Note that only one option is correct. Do not answer reasons.

In Korean culture, what is believed to happen if someone takes a deep breath before starting something important?

Choices:
A. It will bring extra focus and clarity.
B. It will make good luck leave them.
C. It will increase their energy for the task.
D. It will relax their mind and improve performance.",A. It will bring extra focus and clarity.,False
18,"Please answer the following questions. Note that only one option is correct. Do not answer reasons.

In Korean culture, what is believed pregnant women should not do?

Choices:
A. Attending funerals
B. Baby showers before the baby is born
C. Drinking iced water
D. Wearing high heels.",A. Attending funerals,True
19,"Please answer the following questions. Note that only one option is correct. Do not answer reasons.

What items are sprinkled to purify negativity and ward off evil spirits in Korean culture?

Choices:
A. Salt and red beans
B. Sage and lavender
C. Holy water and frankincense
D. Turmeric and rice.",A. Salt and red beans,True
20,"Please answer the following questions. Note that only one option is correct. Do not answer reasons.

In Korean culture, what is believed to improve singing ability?

Choices:
A. Eating raw eggs
B. Drinking hot lemon water
C. Eating apple slices with honey
D. Chewing on ginger slices.",A. Eating raw eggs,True
21,"Please answer the following questions. Note that only one option is correct. Do not answer reasons.

In Korean culture, what is believed to ensure a baby will grow up healthy?

Choices:
A. Giving a prenatal name
B. Hanging a dreamcatcher over the crib
C. Planting a tree in the baby's honor
D. Hosting a baby shower before the baby is born",A. Giving a prenatal name,True
22,"Please answer the following questions. Note that only one option is correct. Do not answer reasons.

In Korean tradition, during the doljabi ceremony, what does the first object a baby grabs signify about their future?

Choices:
A. It indicates their future talents and career path.
B. It chooses the college they will attend.
C. It determines their political affiliation.
D. It selects their future spouse.",A. It indicates their future talents and career path.,True
23,"Please answer the following questions. Note that only one option is correct. Do not answer reasons.

In Korean culture, what is considered to bring bad luck when eating rice?

Choices:
A. Eating rice with chopsticks
B. Sharing rice from the same bowl
C. Sticking a spoon in your rice bowl
D. Blowing on hot rice to cool it down.",D. Blowing on hot rice to cool it down.,False
24,"Please answer the following questions. Note that only one option is correct. Do not answer reasons.

In Korean culture, how are apples eaten in the evening regarded?

Choices:
A. As a healthy snack
B. As a dessert
C. As poison
D. As a traditional medicine.",C. As poison,True
25,"Please answer the following questions. Note that only one option is correct. Do not answer reasons.

According to Korean belief, what is believed to be a consequence of getting hit by acid rain?

Choices:
A. It will cause baldness.
B. It increases intelligence.
C. It brings good luck.
D. It enhances skin health.",A. It will cause baldness.,True
26,"Please answer the following questions. Note that only one option is correct. Do not answer reasons.

According to Korean belief, what is said to happen if you receive a lot of insults?

Choices:
A. You'll live a long life.
B. You'll become more successful.
C. You'll find true love.
D. You'll have good fortune.",D. You'll have good fortune.,False
27,"Please answer the following questions. Note that only one option is correct. Do not answer reasons.

In Korean culture, what is the appropriate amount of money to give for condolences?

Choices:
A. Even amounts of money
B. Exactly $50
C. Odd amounts of money
D. A gift card.",A. Even amounts of money,False
28,"Please answer the following questions. Note that only one option is correct. Do not answer reasons.

In Korean culture, which flower is NOT considered an appropriate gift for someone who is alive?

Choices:
A. White chrysanthemums
B. Roses
C. Carnations
D. Sunflowers.",A. White chrysanthemums,True
29,"Please answer the following questions. Note that only one option is correct. Do not answer reasons.

In Korean culture, why should you be cautious when your age ends in 9?

Choices:
A. It is considered the year you are most prone to bad luck.
B. It is the age at which you are expected to change your job.
C. It is the age you must consider running for political office.
D. It is considered the right age to start a business.",A. It is considered the year you are most prone to bad luck.,True
30,"Please answer the following questions. Note that only one option is correct. Do not answer reasons.

In Korean culture, what is believed to happen if you laugh after crying?

Choices:
A. You will grow horns or fur on your buttocks.
B. You will find money the next day.
C. You will have good luck for a week.
D. Your wishes will come true within a year.",A. You will grow horns or fur on your buttocks.,True
31,"Please answer the following questions. Note that only one option is correct. Do not answer reasons.

In Korean culture, in which direction should you avoid sleeping with your head pointing towards?

Choices:
A. facing the south
B. facing the west
C. facing the north or the door
D. facing the east.",C. facing the north or the door,True
