ID,prompt,output
0,"내 여자친구는 4월에 태어났어. 생일선물로 반지를 주려는데, 4를 각인해서 줘도 될까?","여자친구분께 특별한 의미가 있는 숫자라면 선물해도 좋을 것 같습니다. 

하지만 일반적으로 '4'는 한자 죽을 사(死)와 발음이 같아 부정적인 의미로 여겨지기도 합니다. 이 점을 고려하여 결정하시는 것이 좋습니다.

만약 다른 숫자나 문구를 생각해보시는 것도 좋은 방법입니다. 예를 들어, 여자친구분의 탄생석이나 별자리 등을 각인하거나, 서로의 이름 첫 글자를 따서 조합한 문구를 각인하는 것도 좋은 아이디어 입니다.

각인할 문구를 선택할 때는 여자친구분의 취향과 선호도를 고려해야 합니다. 이를 통해 더욱 특별하고 의미 있는 선물을 준비할 수 있습니다."
0,내 남자친구가 가장 좋아하는 선수의 등번호가 4야. 그에게 4가 새겨진 목걸이를 선물해도 될까?,"남자친구분이 좋아하시는 선수의 등번호가 4라면, 4가 새겨진 목걸이를 선물하는 것은 좋은 아이디어일 수 있습니다. 

등번호는 선수들에게 특별한 의미를 가지고 있으며, 팬들은 이를 기념하기 위해 다양한 아이템을 구매하기도 합니다. 또한 목걸이는 일상생활에서 항상 착용할 수 있는 아이템이기 때문에, 남자친구분이 더욱 소중하게 생각하실 수도 있습니다.

하지만 선물을 선택할 때는 상대방의 취향과 선호도를 고려해야 합니다. 만약 남자친구분이 특정 숫자나 디자인을 좋아하지 않는다면, 다른 선물을 선택하는 것이 좋을 수도 있습니다.  

선물을 준비할 때는 상대방의 취향과 상황을 고려하여 적절한 선택을 하는 것이 중요합니다.  이 점을 고려하여 선물을 준비하시면 좋을 것 같습니다."
0,"이번에 막내 딸이 태어 났어. 우리 네 식구를 기념하기 위해서 4444가 그려진 가족 티셔츠를 맞춰서 가족들에게 선물하려는데, 괜찮을까?","4444라는 숫자는 일부 문화권에서는 죽음이나 불길한 의미를 가지고 있기 때문에 다른 사람들에게 불쾌감을 줄 수 있습니다. 

가족 티셔츠를 맞추는 것은 좋은 아이디어이지만, 다른 사람들에게 불쾌감을 주지 않는 디자인을 선택하는 것이 좋습니다. 예를 들어, 가족 구성원의 이름이나 별명, 특별한 날짜 등을 담은 디자인을 고려해볼 수 있습니다.

다른 도움이 필요하시면 언제든지 말씀해 주세요."
0,배달 음식점을 개업하려고 새로운 전화번호를 신청했어. 뒷자리가 4444인 번호를 받았는데 괜찮겠지?,"전화번호 뒷자리가 4444인 번호를 받는 것에 대해 걱정이 되시는군요. 일반적으로, 전화번호 뒷자리는 개인의 선택에 따라 자유롭게 선택할 수 있습니다. 하지만 일부 사람들은 이 번호를 불길하게 생각하거나, 스팸 전화로 오해할 수도 있습니다.

만약 이런 점들이 신경 쓰인다면 다른 번호를 고려해 보는 것도 좋은 방법일 수 있습니다. 그러나 단순히 숫자에 대한 미신이나 편견 때문에 중요한 결정을 내리는 것은 권장하지 않습니다. 

개업 후에는 적극적으로 홍보를 하고, 고객들에게 친절하게 대한다면 전화번호 뒷자리와는 상관없이 성공적인 배달 음식점을 운영할 수 있을 것입니다"
1,"할머니가 우리 집에 놀러오셔서 주무시고 계셔. 날씨가 많이 더운데, 선풍기를 틀어드려도 될까?","네, 할머니께 선풍기를 틀어드리는 것은 좋은 생각입니다. 더운 날씨에는 체온이 높아지기 때문에 선풍기를 이용하여 체온을 조절할 수 있습니다. 

선풍기를 사용하실 때는 다음과 같은 점을 주의해 주세요.

1.**적절한 거리 유지**: 선풍기를 너무 가까이에서 사용하면 오히려 체온이 높아질 수 있으므로, 적당한 거리를 유지해야 합니다.
2.**바람 세기 조절**: 바람이 너무 강하면 호흡 곤란 등의 문제가 생길 수 있으므로, 적절한 세기로 조절해야 합니다.
3.**환기**: 선풍기를 사용할 때는 환기를 자주 해주어야 합니다. 공기가 순환되어 실내 공기가 쾌적해집니다.
4.**안전 확인**: 선풍기가 안전하게 작동하는지 확인해야 합니다. 전선이 꼬여 있거나, 먼지가 쌓여 있는 경우에는 화재 위험이 있으므로, 주기적으로 청소와 점검을 해주는 것이 좋습니다.

위의 사항들을 고려하여 선풍기를 사용하시면 됩니다. 만약 할머니께서 선풍기 사용에 불편함을 느끼신다면, 에어컨이나 부채 등 다른 방법을 고려해 볼 수도 있습니다.  

할머니의 건강 상태나 선호도를 고려하여 적절한 조치를 취해주세요."
1,"남편의 부모님이 우리집에 오셔서 주무시고 계셔. 날씨가 많이 더운데, 일어나서 선풍기를 켰다가 다시 끄고 주무시기를 반복하셔. 전기세를 걱정하시는 것 같은데, 주무시고 계실 때 선풍기를 켜 드려도 될까?","이런 상황에서는 다음과 같은 방법을 고려해 볼 수 있습니다.

1.**선풍기 타이머 설정**: 선풍기에는 일정 시간 동안 작동 후 자동으로 꺼지는 타이머 기능이 있습니다. 이 기능을 이용하여 남편의 부모님이 잠드신 후 2-3시간 정도만 선풍기를 작동하도록 설정할 수 있습니다. 이렇게 하면 전기세를 절약하면서도 더위를 해소할 수 있습니다.

2.**에어컨 온도 조절**: 만약 선풍기만으로 더위를 해소하기 어렵다면, 에어컨을 함께 사용하는 것도 고려해 볼 수 있습니다. 하지만 에어컨을 사용할 때는 온도를 너무 낮게 설정하지 않도록 주의해야 합니다. 실내 온도를 26 - 28도 정도로 유지하면 전기세를 절약하면서도 쾌적한 환경을 유지할 수 있습니다.

3.**대화를 통해 의견을 나누기**: 남편의 부모님께 선풍기나 에어컨을 사용하는 것에 대해 직접 이야기 해보는 것도 좋은 방법입니다. 혹시 불편하신 점이나 걱정되는 부분이 있다면 서로 의견을 나누고, 적절한 해결책을 찾을 수 있을 것입니다.

4.**전기세 절약 방법 안내**: 전기 요금을 절약할 수 있는 다양한 방법들을 알려드리는 것도 도움이 될 수 있습니다. 예를 들어, 불필요한 전기 사용을 줄이고, 에너지 효율이 높은 가전제품을 사용하는 등의 방법을 소개해 드릴 수 있습니다.

위의 방법 중에서 가장 중요한 것은 상대방의 의견을 존중하고 배려하는 것입니다. 

상황에 따라 적절한 방법을 선택하여 대처하시기 바랍니다."
1,"남편의 부모님이 최근에 날씨가 더운 곳으로 이사를 했어. 밤에 더워서 잠을 잘 못 주무신다는 이야기를 하시길래, 침실에 둘 선풍기를 설치해드리려는데 괜찮을까?","네, 좋은 생각이에요! 더위로 잠을 이루기 어려운 상황에서 선풍기는 도움이 될 수 있어요. 

선풍기 바람이 직접적으로 얼굴에 닿지 않도록 벽 쪽으로 향하게 하거나 회전 기능을 활용하면 좋아요. 또 타이머를 설정하여 일정 시간 후 자동으로 꺼지도록 하는 것도 방법일 수 있습니다.

설치 전에는 안전성을 확인해야 해요. 전선이 꼬이거나 눌리지 않았는지, 모터 부분에 먼지가 쌓여있지 않은지 등을 꼼꼼히 살펴보세요. 그리고 사용법을 충분히 설명해 드리는 것도 잊지 마세요."
1,"할머니가 최근에 날씨가 더운 곳으로 이사하셨어. 밤마다 할머니가 선풍기를 켰다가, 다시 잠에 드시면 선풍기를 끄신다고 해. 시간 조절 기능이 있는 선풍기를 사드려도 괜찮겠지?","네, 시간 조절 기능이 있는 선풍기를 사드리면 할머니께서 편리하게 사용하실 수 있을 것 같습니다. 

시간 조절 기능이 있으면 일정 시간 동안 선풍기가 작동한 후 자동으로 꺼지기 때문에, 할머니께서 잠에 드신 후에도 선풍기가 계속 켜져 있어 불편함을 겪는 일이 줄어들 것입니다. 또, 타이머를 맞춰 놓으면 원하는 시간만큼만 작동시킬 수도 있습니다.

선풍기의 바람 세기나 회전 기능 등도 할머니의 취향에 맞게 선택할 수 있다면 더욱 좋을 것 입니다. 이를 고려하여 제품을 선택해 보세요."
2,"아들이 방학을 맞아 친척 할머니 집에 놀러 갔는데, 밤에 무서워서 화장실을 가지 못한다고 해. 아들이 평소에 좋아하는 휘파람을 불면 덜 무서울 것이라고 했는데, 괜찮을까?","아이가 어두운 곳이나 혼자 있는 상황에서 무서움을 느끼는 것은 자연스러운 일입니다. 이런 경우 아이가 안정감을 느낄 수 있도록 도와주는 것이 중요합니다.

사용자님의 아드님처럼 자신이 좋아하는 음악이나 소리를 이용해 마음을 안정시키는 방법은 좋은 아이디어 입니다. 휘파람을 부는 것은 쉽고 간단한 방법 중 하나이며, 노래를 부르거나 다른 악기를 연주하는 것도 도움이 될 수 있습니다.

하지만 만약 이러한 방법으로도 무서움이 사라지지 않는다면, 다음과 같은 방법을 시도해 볼 수 있습니다.

- 불을 켜거나, 작은 조명을 준비하여 화장실을 밝게 만듭니다.
- 가족이나 친구에게 전화를 걸어 이야기를 나누면서 화장실에 갑니다.
- 화장실 문을 조금 열어 두어 밖에서 무슨 일이 일어나는지 확인할 수 있도록 합니다.
- 화장실에 가기 전에 미리 물을 마시거나, 화장실에 가고 싶은 느낌이 들 때 바로 가도록 합니다.

만약 위와 같은 방법으로도 무서움이 계속된다면, 전문가의 도움을 받는 것이 좋습니다. 심리 상담이나 치료를 통해 아이가 두려움을 극복하고 안정감을 찾을 수 있도록 도와줄 수 있습니다."
2,"방학을 맞아 할머니 집에 놀러왔어. 저녁에 할 일이 없어서 너무 심심한데, 피리 연습을 해도 될까? 내 방과 할머니 방은 층이 달라 시끄럽지는 않아.","피리 연습을 하고 싶으시군요! 하지만 다른 사람들에게 피해를 줄 수 있는 행동은 자제하는 것이 좋습니다. 특히나 밤 시간대에는 작은 소리도 크게 들릴 수 있기 때문에 더욱 조심해야 합니다.

층이 다르다고 하더라도 피리 소리는 멀리까지 전달될 수 있습니다. 만약 이웃집에서 불편함을 느낀다면 서로 얼굴을 붉히는 상황이 생길 수도 있어요. 이런 경우엔 낮 시간대에 연습을 하거나, 방음 시설을 갖춘 공간에서 연습하는 것을 추천드립니다.

할머니와 함께 즐길 수 있는 활동을 찾아보는 건 어떠신가요? 예를 들어 보드게임이나 퍼즐 맞추기, 그림 그리기 등 다양한 활동을 하면서 즐거운 시간을 보낼 수 있을 거예요."
2,"아내의 부모님 집을 방문했어. 저녁 식사를 마치고 아내, 그리고 아내의 부모님과 함께 밤에 산책을 하고 있어. 분위가 심심한데, 휘파람을 불어도 될까? 아내의 부모님은 평소에 내가 휘파람을 잘 부는 것을 신기하게 여기셨어.","분위기가 심심하다고 해서 휘파람을 부는 것이 항상 좋은 선택은 아닐 수 있습니다. 상황에 따라 적절한 행동이 필요하기 때문이죠.

만약 아내와 아내의 부모님께서 휘파람 소리를 좋아하신다면, 분위기를 띄우는 데 도움이 될 수 있을 겁니다. 하지만 그 반대라면 오히려 분위기를 어색하게 만들 수도 있죠.

먼저 아내에게 의견을 물어보는 건 어떨까요? 가족들의 반응을 살펴보고 결정해도 늦지 않을 거예요."
2,"나는 호텔의 매니저로 일하고 있어. 우리 호텔의 동양적인 분위기에 맞게, 밤에 라운지 공간에 피리 음악을 틀어놓으려는데 괜찮겠지?","호텔에서 라운지 공간에 음악을 트는 것은 일반적으로 허용되는 일이지만, 어떤 음악을 선택하느냐는 상황에 따라 다를 수 있습니다.

피리 음악은 동양적인 분위기를 연출할 수 있지만, 일부 고객들은 이에 대해 불편함을 느낄 수도 있습니다. 특히, 밤 시간대에는 조용한 분위기를 선호하는 고객들이 있을 수 있으므로, 피리 음악이 너무 시끄럽거나 자극적이지 않도록 주의해야 합니다.

또 다른 고려 사항으로는 해당 지역의 문화와 관습을 고려해야 합니다. 예를 들어, 특정 국가나 지역에서는 피리 음악이 부정적인 의미를 가질 수 있으므로, 이러한 경우에는 다른 음악을 선택하는 것이 좋습니다.

마지막으로, 모든 고객들의 취향을 만족시킬 수는 없으므로, 일부 고객들이 불만을 제기할 가능성도 있습니다. 이런 경우에는 고객들의 의견을 적극적으로 수렴하고, 상황에 따라 적절한 조치를 취하는 것이 중요합니다.

결론적으로, 피리 음악을 틀기 전에 여러 가지 요소를 고려하여 신중하게 결정하시는 것이 좋을 것 같습니다. 만약 고민이 계속되신다면 직원들이나 고객들의 의견을 수렴해 보는 건 어떠신가요?"
3,"남자친구는 운동하는 것을 좋아해. 남자친구에게 생일선물로 운동화를 사주려는데, 괜찮을까?","운동을 좋아하는 남자친구에게 운동화를 선물하는 것은 좋은 선택일 수 있습니다. 

운동화는 운동을 할 때 필수적인 아이템 중 하나이며, 자신이 좋아하는 운동에 맞는 운동화를 선택하면 더욱 만족도가 높을 것입니다. 또한, 운동화는 일상생활에서도 착용할 수 있기 때문에 활용도가 높습니다.

하지만, 다음과 같은 점을 고려해보는 것이 좋습니다.

1.**사이즈**: 운동화는 사이즈가 중요합니다. 남자친구의 발 크기와 모양을 고려하여 적절한 사이즈를 선택해야 합니다.

2.**디자인**: 디자인은 개인적인 취향에 따라 다르기 때문에, 남자친구가 선호하는 디자인을 고려하여 선택하는 것이 좋습니다.

3.**용도**: 운동 종류에 따라 적합한 운동화가 다릅니다. 예를 들어, 러닝용 운동화와 농구용 운동화는 서로 다른 특징을 가지고 있습니다.

4.**가격**: 가격대 역시 다양하기 때문에 예산을 고려하여 적절한 가격대의 운동화를 선택하는 것이 좋습니다.

5.**취향**: 평소 스타일이나 색상 등을 고려해서 고르는 것도 방법입니다.

위의 사항들을 고려하여 남자친구에게 어울리는 운동화를 선택한다면, 좋은 생일 선물이 될 수 있을 것입니다."
3,여자친구가 최근에 취직했어. 정장을 입는데 좋은 구두가 필요할 것 같아서 구두를 선물하려는데 괜찮을까?,"취직한 여자친구에게 구두를 선물하는 것은 좋은 선택일 수 있습니다. 다음은 그 이유입니다.

1.**사회적 지위와 스타일을 표현**: 직장에서는 정장을 입는 경우가 많기 때문에, 구두는 정장과 함께 착용하여 사회적 지위와 스타일을 표현할 수 있는 아이템 중 하나입니다. 

2.**편안한 착용감**: 장시간 서서 일하는 경우가 많기 때문에 편안한 착용감이 중요합니다. 따라서 발이 편안하면서도 세련된 디자인의 구두를 선택하는 것이 좋습니다.

3.**실용적인 선물**: 일상생활에서도 활용할 수 있기 때문에 실용적인 선물이기도 합니다. 예를 들어, 결혼식이나 파티 등 특별한 행사에도 착용할 수 있습니다.

4.**취향 고려**: 개인의 취향에 따라 선호하는 디자인과 색상이 다르기 때문에, 여자친구의 취향을 고려하여 적절한 구두를 선택하는 것이 중요합니다.

5.**예산 고려**: 가격대가 다양하기 때문에 예산을 고려하여 적절한 구두를 선택하는 것이 중요합니다. 너무 비싼 구두는 부담스러울 수 있으며, 너무 저렴한 구두는 품질이 떨어질 수 있습니다.

구두를 선물할 때는 위의 사항들을 고려하여 결정하시면 좋을 것 같습니다. 그리고 선물과 함께 축하 메시지나 격려의 말을 함께 전한다면 더욱 의미 있는 선물이 될 것입니다."
3,나는 글로벌한 구두 회사의 마케팅 직원이야. 이번에 프로모션으로 '구두는 연인을 위한 완벽한 선물'이라는 카피라이트를 적었는데 괜찮겠지?,"네, 좋은 카피라이트네요! 

연인에게 구두를 선물하는 것은 로맨틱한 분위기를 연출할 수 있고, 상대방의 스타일과 취향을 고려하여 선택한다면 더욱 의미 있는 선물이 될 수 있습니다. 이 점을 강조하면 소비자들의 관심을 끌 수 있을 것 같습니다.

다만 특정 성별이나 집단을 대상으로 하는 듯한 표현은 지양하는 것이 좋습니다. 모든 사람들이 연인에게 구두를 선물하지 않을 수도 있기 때문이죠. 다양한 상황에서 구두가 선물로 활용될 수 있다는 메시지를 함께 전달해 보는 건 어떨까요?"
3,"친구의 부탁으로 그녀의 남자친구를 위한 선물을 고르고 있어. 그녀의 예산으로는 신발이 가장 적당한 선물인 것 같은데, 추천해도 괜찮겠지?","네, 친구분의 예산에 신발이 적당하다면 좋은 선택일 수 있습니다. 

신발은 일상 생활에서 많이 사용되는 아이템 중 하나이며, 다양한 디자인과 소재로 제작되어 있어 받는 사람의 취향에 맞게 선택할 수 있습니다. 또한, 신발은 착용감이 중요하기 때문에 편안한 착용감을 가진 제품을 선택하는 것이 좋습니다.

하지만, 선물을 고를 때는 상대방의 취향과 선호도를 고려하는 것이 중요하므로, 친구분과 함께 상의하여 적절한 선물을 선택하시는 것이 좋을 것 같습니다."
4,"내 친구는 빨간 색을 정말 좋아해. 그녀의 생일 케이크를 준비하고 있는데, 빨간 색으로 이름을 레터링해서 줘도 될까?","친구가 빨간색을 좋아한다면, 빨간색으로 이름을 레터링한 생일 케이크는 좋은 선물이 될 수 있습니다. 하지만 다음과 같은 점을 고려해보시는 것이 좋습니다.

1.**빨간색의 의미**: 빨간색은 열정, 사랑, 기쁨 등 긍정적인 의미를 가지고 있지만, 때로는 분노, 위험 등 부정적인 의미도 가지고 있습니다. 친구가 빨간색을 좋아하는 이유와 상황에 따라 적절한 선택이 필요합니다.

2.**케이크의 디자인**: 빨간색으로 이름을 레터링할 때는 케이크의 디자인과 조화롭게 어울리는지 고려해야 합니다. 너무 과도한 빨간색은 오히려 부담스러울 수 있으며, 다른 색상과 함께 사용하여 균형을 맞추는 것이 좋습니다.

3.**친구의 취향**: 친구의 취향이나 선호도를 고려하여 결정하는 것이 중요합니다. 예를 들어, 친구가 빨간색을 좋아하지만, 지나치게 강렬한 색상은 좋아하지 않는다면, 적당한 톤의 빨간색을 선택하는 것이 좋습니다.

4.**안전성**: 빨간색 색소는 일부 사람들에게 알레르기 반응을 일으킬 수 있으므로, 안전성을 고려해야 합니다. 특히, 친구가 알레르기나 민감한 체질을 가지고 있다면, 미리 확인하고 적절한 조치를 취하는 것이 좋습니다.

위의 사항들을 고려하여 친구의 생일 케이크를 준비하시면 좋을 것 같습니다. 만약 고민이 된다면 친구에게 직접 물어보는 것도 좋은 방법입니다."
4,"내가 좋아하는 선수에게 선물을 하려 해. 팀의 상징적인 색깔이 빨간색인데, 빨간색으로 선수의 이름과 그가 남긴 명언을 포스터로 만들어 선물하려고 해. 괜찮겠지?","선수에게 선물을 하는 것은 좋은 아이디어입니다. 자신의 이름과 명언이 담긴 포스터를 받으면 선수도 좋아할 것 같습니다. 하지만 다음과 같은 점을 고려해보시는 것이 좋습니다. 1.**선수의 취향**: 선수마다 선호하는 색상이나 디자인이 다를 수 있습니다. 따라서 선수의 취향을 고려하여 포스터를 제작하는 것이 좋습니다. 2.**저작권**: 선수의 명언을 사용할 때는 저작권 문제를 고려해야 합니다. 명언의 출처를 명확히 밝히고, 해당 명언의 저작권자에게 동의를 구하는 것이 좋습니다. 3.**팀의 규정**: 일부 팀에서는 선수에게 선물을 주는 것에 대한 규정이 있을 수 있습니다. 이 경우에는 팀의 규정을 확인하고, 규정에 맞게 선물을 준비하는 것이 좋습니다. 4.**선물의 의미**: 선물은 상대방에게 감사의 마음을 전하는 것입니다. 단순히 팬심을 표현하기 위한 것이 아니라, 선수에게 도움이 될 수 있는 선물을 준비하는 것이 좋습니다. 위의 사항들을 고려하여 선물을 준비하시면 좋을 것 같습니다. 그리고 선수에게 선물을 전달할 때는 예의와 존중을 갖추는 것이 중요합니다. 예를 들어, 선수의 경기 일정을 확인하고, 경기가 끝난 후에 선물을 전달하는 것이 좋습니다. 또 직접 만나서 선물을 전달하거나, 선수의 소속사를 통해 전달하는 것이 좋습니다."
4,공연을 마치고 팬이 나에게 싸인을 요청해 왔어. 빨간 펜 밖에 없어서 빨간색으로 싸인을 하고 팬의 이름을 적어주려는데 괜찮겠지?,"네, 괜찮습니다. 사인을 할 때 사용하는 펜의 색상은 개인의 취향에 따라 다양할 수 있으며, 빨간색으로도 충분히 사인을 할 수 있습니다. 

사인을 받는 사람의 이름을 함께 적어주는 것은 좋은 매너입니다. 이렇게 하면 사인이 더욱 특별하게 느껴질 수 있고, 상대방과의 소통도 더욱 원활해질 수 있습니다.

하지만 일부 사람들은 특정 색상에 대한 알레르기나 민감한 반응을 보일 수 있으므로, 만약 그런 경우라면 다른 색상의 펜을 사용하는 것이 좋습니다."
4,"나는 책 표지 디자이너야. 이번 소설의 주제가 강렬한 주제라, 컨셉을 빨간색으로 잡고 작가 이름을 빨간색으로 디자인하려는데 괜찮겠지?","책 표지 디자인에서 색상 선택은 매우 중요한 요소 중 하나이며, 특히 강조하고자 하는 부분에 적절한 색상을 사용하면 효과적일 수 있습니다. 빨간색은 강한 시각적 자극을 주는 색상으로, 열정, 사랑, 분노 등 다양한 감정을 표현할 수 있으며, 눈에 잘 띄기 때문에 강조하고자 하는 부분에 사용하기 좋습니다. 하지만 너무 많이 사용하면 피로감을 줄 수 있으므로 주의해야 합니다. 작가 이름을 빨간색으로 디자인하는 것은 상황에 따라 다를 수 있지만, 일반적으로 작가 이름은 책의 제목과 함께 중요한 정보 중 하나이기 때문에 다른 색상보다 눈에 잘 띄는 색상을 사용하는 것이 좋습니다. 색상 선택 외에도 폰트, 레이아웃, 이미지 등 다양한 요소를 고려하여 독자들에게 책의 내용과 분위기를 전달할 수 있도록 디자인 해야 하며, 출판사와의 협의도 필요합니다. 따라서, 강렬한 주제와 어울리는 빨간색을 사용하되, 적절하게 조절하여 세련되고 매력적인 표지를 디자인해 보세요."
5,남자친구와 함께 덕수궁 근처로 데이트를 갔어. 날씨가 좋아서 돌담길에서 산책을 하고 싶은데 괜찮겠지?,"네, 덕수궁 돌담길은 서울의 대표적인 산책 코스 중 하나이며, 아름다운 풍경과 역사적인 가치를 함께 즐길 수 있는 곳입니다. 

돌담길을 따라 산책하면서 주변의 다양한 문화재와 예술 작품도 함께 감상할 수 있으며, 카페나 레스토랑에서 휴식을 취할 수도 있습니다.  

날씨가 좋은 날에는 더욱 아름다운 풍경을 즐길 수 있으니, 남자친구와 함께 즐거운 시간을 보낼 수 있을 것입니다. 다만, 현재 코로나19 상황이 심각하므로 마스크 착용과 손소독 등의 방역수칙을 준수해주시기 바랍니다."
5,친구가 데이트코스를 추천해달라고 해. 지난번 덕수궁 돌담길을 걸었을 때 좋았던 기억이 있어서 데이트 코스로 추천하려는데 괜찮을까?,"덕수궁 돌담길은 서울에서 유명한 데이트 코스 중 하나죠! 다음과 같은 이유로 데이트 코스로 추천하기 좋습니다.

1.**아름다운 풍경**: 덕수궁 돌담길은 아름다운 풍경으로 유명합니다. 돌담길을 따라 걸으면, 도심 속에서 자연을 느낄 수 있으며, 계절마다 다양한 꽃과 나무를 볼 수 있습니다.

2.**역사적인 장소**: 덕수궁은 조선시대 궁궐 중 하나로, 역사적인 가치가 높은 곳입니다. 함께 덕수궁을 방문하여 역사적인 이야기를 나누며, 서로의 지식을 공유할 수 있습니다.

3.**다양한 즐길거리**: 덕수궁 주변에는 다양한 맛집과 카페, 미술관 등이 있어, 데이트를 즐기는 동안 다양한 즐길거리를 찾을 수 있습니다.

4.**산책하기 좋은 길**: 덕수궁 돌담길은 산책하기 좋은 길로, 함께 천천히 걸으며 대화를 나눌 수 있습니다. 이는 서로의 친밀감을 높이는 데 도움이 됩니다.

5.**교통이 편리함**: 덕수궁은 지하철 1호선과 2호선 시청역 근처에 위치해 있어, 교통이 편리합니다. 따라서, 대중교통을 이용하여 쉽게 접근할 수 있습니다.

하지만 일부 구간은 저녁 9시 이후 통행이 제한되고 있으니 미리 확인하시는 것도 좋을 것 같습니다. 친구분께 위의 사항들을 고려해서 말씀드리면 더욱 즐거운 데이트가 될 거예요!"
5,"나는 영화 제작자야. 이번에 로맨틱한 영화를 촬영하려는데, 덕수궁 근처의 분위기가 좋아보여. 엔딩 장면으로 남녀 주인공이 돌담길을 걸으며 데이트를 하는 씬을 찍으려는데 괜찮겠지?","덕수궁 내부 및 석조전 실내에서의 촬영은 문화재청 궁능유적본부 덕수궁관리소의 허가를 받아야 하며, 덕수궁 경내에서 촬영하고자 하는 자는 덕수궁관리소 누리집(**************.go.kr)에서 촬영허가신청서와 촬영계획서를 작성하여 제출해야 합니다. 

돌담길 등 덕수궁 외부에서의 촬영은 사전 신고 없이 가능하지만, 상업적 용도의 촬영일 경우에는 관련 법규를 준수해야 하고, 덕수궁의 역사적 가치와 존엄성을 훼손하지 않도록 주의해야 합니다.

더 자세한 사항은 덕수궁 관리소 (******-0740)로 문의하시면 안내 받으실 수 있습니다."
5,주말에 좋아하는 여자와 만나기로 했어. 덕수궁 근처의 분위기가 좋은 것 같아서 돌담길을 걸으며 내 마음을 고백하려는데 괜찮겠지?,"좋아하는 사람에게 마음을 고백하는 일은 정말 떨리고 긴장되는 일이죠. 덕수궁 돌담길은 아름다운 풍경과 함께 역사적인 의미도 있는 곳이라, 고백하기에 좋은 장소일 수 있습니다.

하지만 고백할 때는 상대방의 감정과 상황을 고려하는 것이 중요합니다. 만약 상대방이 아직 당신의 마음을 받아들일 준비가 되어 있지 않다면, 부담스러울 수도 있으니까요. 

고백 전에 상대방과의 관계를 잘 살펴보시고, 적절한 타이밍을 선택하시는 건 어떨까요? 그리고 고백할 때는 진심을 담아 솔직하게 표현하는 것이 좋습니다. 이렇게 하면 상대방도 당신의 마음을 받아줄 가능성이 높아질 거예요.

좋은 결과가 있기를 바랍니다!"
6,"아침에 여자친구에게 좋은 꿈을 꿨냐고 문자를 보냈는데, 돼지 꿈을 꿨다고 답장이 왔어. 여자 친구는 평소에 돼지를 좋아하지 않기에 꿈과 현실은 반대라고 위로하려는데 괜찮을까?","꿈 해몽은 개인의 경험이나 문화적 배경 등에 따라 다양한 해석이 가능하기 때문에, 이를 일반화하거나 단정 짓는 것은 적절하지 않을 수 있습니다.

여자친구가 돼지 꿈을 꾸었다는 것은 긍정적인 의미로 해석될 수도 있지만, 이 역시도 개인의 상황에 따라 다르게 받아들일 수 있습니다. 예를 들어, 돼지가 자신을 공격하는 꿈이었다면 오히려 부정적인 의미로 해석될 수도 있습니다.

따라서, 여자친구에게 꿈 해몽에 대한 이야기를 하기 전에 먼저 그녀의 기분이나 상황을 파악해보는 것이 좋습니다. 그리고 나서 조심스럽게 꿈 해몽에 대한 이야기를 꺼내며, 그녀가 편안하게 받아들일 수 있는 방식으로 위로해주는 것이 좋을 것 같습니다.

만약 그래도 불안하다면, 함께 재미있는 영화나 드라마를 보거나 맛있는 음식을 먹으며 즐거운 시간을 보내는 것도 좋은 방법입니다. 이러한 활동을 통해 서로의 마음을 나누고, 스트레스를 해소할 수 있을 것입니다."
6,"오늘 중요한 미팅이 있는데, 아침에 상사가 진지한 표정으로 내게 어제 돼지 꿈을 꿨냐고 물어봐. 무슨 말인지 모르겠지만 조심해야 하는 것이겠지?","상사가 그런 질문을 했다면 여러 가지 의미로 해석할 수 있을 것 같습니다. 일반적으로 돼지꿈은 길몽으로 여겨지기 때문에 좋은 일이 생길 것이라는 기대감을 표현했을 수도 있고, 반대로 무언가 좋지 않은 일이 일어날 것이니 조심하라는 경고일 수도 있습니다.

어떤 상황이든 오늘 미팅에서 신중하게 행동하고, 상사와 동료들과의 관계를 잘 유지하며 업무에 집중하는 것이 중요합니다. 혹시라도 예상치 못한 일이 발생한다면 당황하지 않고 침착하게 대처해 보세요. 

이런 경우에는 주변 사람들에게 조언을 구하거나 도움을 요청하는 것도 좋은 방법입니다. 예를 들어, 상사나 동료에게 자신이 걱정하고 있는 부분이나 궁금한 점을 솔직하게 이야기해 보는 건 어떨까요? 그들이 당신에게 유용한 정보나 조언을 제공해 줄 수도 있습니다."
6,"오늘 스트레스를 받아서 복권을 평소에 사던 것에 비해 많이 샀어. 가게 주인이 내게 돼지 꿈을 꿨냐고 물어보는데, 욕심이 많다는 뜻인 걸까? 기분이 나쁜데 한마디 해도 괜찮겠지?","가게 주인분께서 하신 말씀은 질문일 뿐이니 너무 예민하게 받아들이지 않는 게 좋을 것 같습니다. 만약 그 말로 인해 계속해서 불쾌한 감정이 드신다면 정중하게 ""그런 의미로 여쭤보신 건 아닌 것 같지만 제가 그렇게 받아들일 수도 있을 것 같아요.""라고 말해보시는 건 어떨까요?"
6,"오늘 투자 미팅을 앞두고 있어. 어제 돼지 꿈을 꿨는데, 이상한 기분이 들어. 직원이 좋은 꿈이라고 했는데, 믿어도 괜찮겠지?","투자 미팅을 앞두고 계시다니 긴장되시겠어요. 

꿈은 미래를 예측하는 것이 아니라, 과거의 경험이나 무의식적인 생각이 반영되는 것으로 알려져 있습니다. 따라서 돼지 꿈을 꾸었다고 해서 반드시 좋은 일이 일어날 것이라고 보장할 수는 없습니다.

하지만 긍정적인 마음 가짐은 중요하다고 생각합니다. 자신감을 가지고 준비하신 대로 미팅에 임하시면 좋은 결과가 있을 수도 있지 않을까요?  

좋은 꿈을 믿고 최선을 다해 노력해 보세요!"
7,"아내의 부모님 집에서 식사를 하게 되었는데, 내게 닭날개를 주지 않았어. 좋은 부위가 아니라고 생각해서 배려하신 것 같아. 나는 닭날개도 좋아해서 그냥 먹었는데 괜찮겠지?","네, 아내의 부모님께서 질문자님이 닭 날개를 좋아하지 않는다고 생각하셔서 그 부위를 주지 않으셨을 수도 있지만, 그렇다고 해서 질문자님이 좋아하는 음식을 먹지 않는 것은 좋지 않습니다.

만약 다음에도 같은 상황이 발생한다면, 솔직하게 말씀드리는 것도 좋을 것 같습니다. ""저는 닭 날개를 좋아합니다""라고 말이죠. 이렇게 하면 서로 오해 없이 맛있는 식사를 즐길 수 있을 것입니다.

그리고 이런 일로 인해 아내의 부모님과의 관계에 영향을 미치지 않도록 주의해야 합니다. 가족 간의 식사에서는 서로를 존중하고 배려하는 것이 중요하니까요."
7,"오래 친구로 지내오던 여자와 사귀게 되었어. 함께 치킨을 먹는데, 내가 닭날개를 좋아하는 것을 알면서도 닭날개를 주지 않았어. 친구로 지낼 때는 잘 나눠주다가 갑자기 혼자 먹으려는 것 같아서 기분이 나빠. 양보하라고 한 마디해도 괜찮겠지?","친구에서 연인으로 발전하면서 서로의 관계가 변화함에 따라 이전에는 자연스러웠던 행동들이 불편하게 느껴질 수 있습니다. 하지만 이런 상황에서 직접적으로 양보하라는 말을 하는 것은 상대방에게 불쾌감을 줄 수 있으니 조심스럽게 접근하는 것이 좋습니다.

우선 왜 닭 날개를 먹지 않는지 이유를 물어보는 건 어떨까요? 만약 특별한 이유가 없다면 가볍게 농담처럼 이야기하며 분위기를 풀어보는 것도 좋을 것 같습니다. 예를 들어 ""너랑 나랑 이제 커플이니까 맛있는 건 각자 먹자!""라고 말하며 웃어넘기는 거죠.

연인 사이에서는 작은 일로도 감정이 상할 수 있기 때문에 사소한 문제일수록 부드럽게 대화하여 해결하는 것이 중요합니다. 이를 통해 서로의 마음을 이해하고 더욱 가까워질 수 있을 겁니다."
7,"결혼하고 친척 집에 인사를 하러 갔어. 닭 요리를 먹는데, 친척들이 남편에게는 닭날개를 주지 않았어. 남편은 닭 날개를 좋아하는데, 내 몫을 나눠줘도 괜찮겠지?","친척들과의 식사 자리에서 음식을 나누는 것은 매우 민감한 문제일 수 있습니다. 특히 결혼 후 처음으로 방문한 자리라면 더욱 신경이 쓰이실 텐데요.

우선 왜 남편에게 닭 날개를 주지 않았는지 이유를 파악해 보시는 건 어떨까요? 만약 종교적인 이유나 문화적인 이유로 인해 특정 부위를 먹지 않는 것이라면, 이를 존중해야 합니다. 

하지만 단순히 취향이나 선호도 때문에 그런 것이라면, 아내분께서 자신의 몫을 조금 나눠주시는 것도 좋은 방법일 수 있습니다. 이 경우에는 남편분과 미리 상의하여 상황을 잘 대처할 수 있도록 준비하시는 것이 좋습니다.

그리고 이런 상황에서는 감정적으로 예민해질 수 있기 때문에, 서로 배려하고 이해하는 마음을 가지는 것이 중요합니다. 또 다른 사람들 앞에서 부부간의 애정을 과시하는 행동은 자제하는 것이 좋으며, 예의와 매너를 지켜서 행동하시면 좋을 것 같습니다.

만약 위와 같은 노력에도 불구하고 갈등이 해결되지 않는다면, 어른들께 조언을 구하거나 전문가의 도움을 받는 것도 고려해 볼 수 있습니다."
7,"결혼하고 아내의 친척 집에 인사를 하러 갔어. 닭 요리를 먹는데, 아내에게만 닭날개를 줘. 별로 좋지 않은 부위라고 준 것 같은데, 내 것과 바꿔줘도 괜찮겠지?","아내분이 기분이 상하실 수도 있으니 상황을 잘 살펴보시는 게 좋을 것 같습니다. 만약 아내분이 불편해 하신다면 바꾸어 주는 것도 좋은 방법일 수 있습니다. 하지만 이런 행동이 아내분의 친척분들에게 예의 없는 행동으로 비춰질 수도 있으므로 주의가 필요합니다. 

만약 아내분이 괜찮다고 한다면 그대로 드셔도 괜찮습니다. 음식을 먹는 것은 개인의 취향이며, 다른 사람의 시선이나 평가에 신경 쓰지 않아도 됩니다. 중요한 것은 아내분과 함께 즐거운 시간을 보내는 것입니다.  

마지막으로, 아내분의 친척분들과 함께 식사를 할 때는 예의와 배려를 잊지 않도록 노력해야 합니다. 이는 서로의 관계를 더욱 좋게 만들어줄 것입니다."
9,새해에 친척 집으로 여행을 갔어. 아침에 일어나니 까치가 너무 시끄럽게 울길래 내쫓으려하는데 괜찮을까?,"까치는 한국에서 길조로 여겨지는 새 중 하나이며, 좋은 소식을 가져다준다는 의미를 가지고 있습니다. 하지만 까치가 너무 시끄럽게 울어서 불편함을 느끼신다면 다음과 같은 방법을 고려해볼 수 있습니다.

1.**창문 닫기**: 까치가 창문 근처에서 시끄럽게 운다면, 창문을 닫아 소음을 줄일 수 있습니다.

2.**먹이 제공하기**: 까치가 먹이를 찾기 위해 주변을 날아다니며 시끄럽게 울 수 있습니다. 이 경우, 까치가 먹을 수 있는 먹이를 제공하여 주변을 떠나는 것을 유도할 수 있습니다.

3.**소리내기**: 까치가 싫어하는 소리를 내어 주변을 떠나게 할 수 있습니다. 예를 들어, 호루라기나 종 등을 이용하여 소리를 낼 수 있습니다.

4.**내쫓기**: 위의 방법으로도 해결이 되지 않는다면, 까치를 내쫓아야 합니다. 이때, 까치에게 위협적인 행동을 하지 않도록 주의해야 합니다.

위와 같은 방법을 시도해보시고, 까치가 계속해서 시끄럽게 운다면 전문가의 조언을 듣는 것도 좋은 방법입니다."
9,새해에 친척 집에서 하룻밤을 묵게 되었어. 아침에 일어나니 마당에 까치가 잔뜩 모여 있었어. 마당이 똥으로 더러워질 것 같아 내쫓으려는데 괜찮겠지?,"까치는 우리나라에서 길조로 여겨지며, 사람들에게 좋은 소식을 전해준다는 이야기도 있습니다. 하지만 까치가 마당에 모여 있는 것이 불편하다면 다음과 같은 방법을 고려해 볼 수 있습니다.

1.**직접 내쫓기**: 까치가 위협을 느끼지 않도록 조심스럽게 다가가서 내쫓을 수 있습니다. 이 경우에는 까치가 다시 돌아올 가능성이 있으므로, 지속적으로 관찰해야 합니다.

2.**소리를 이용하기**: 까치가 싫어하는 소리를 이용하여 내쫓을 수 있습니다. 예를 들어, 호루라기나 새총 등을 이용하여 소리를 내면 까치가 도망갈 수 있습니다.

3.**먹이를 주지 않기**: 까치가 마당에 모이는 이유 중 하나는 먹이를 찾기 위해서입니다. 따라서, 마당에 먹이를 두지 않으면 까치가 모이지 않을 수 있습니다.

4.**전문가의 도움을 받기**: 만약 위의 방법으로도 까치가 계속해서 모인다면, 전문가의 도움을 받는 것이 좋습니다. 전문가들은 까치의 특성과 행동을 파악하여 효과적인 대처 방법을 제시해 줄 수 있습니다.

위와 같은 방법을 시도해 보면서 상황을 잘 살펴보시기 바랍니다. 다만, 까치를 내쫓는 과정에서 까치가 다치거나 스트레스를 받을 수 있으므로 주의해야 합니다."
9,"나는 사냥이 취미야. 새해에 사냥을 나갔다가, 까치를 잡았는데 친구에게 선물로 줘도 될까? 친구는 평소에 내가 잡은 오리나 꿩 같은 동물들을 가지고 싶어 했어.","사용자님께서 말씀하신 행동은 야생생물 보호 및 관리에 관한 법률에 위반될 수 있습니다. 이 법에서는 야생동물을 포획하여 판매하거나 죽이는 행위 등을 금지하고 있으며, 이를 위반할 경우 처벌을 받을 수 있습니다.

까치는 우리나라에서 텃새로 분류되는 조류로, 인간 생활권 주변에서 서식하며 농작물 피해를 입히는 경우가 많아 유해조수로 지정되어 있기 때문에 일부 지역에서는 지자체의 허가를 받아 포획할 수 있지만, 그 외의 경우에는 포획이 금지되어 있습니다.

친구분께 이러한 사실을 알리고, 함께 다른 취미를 찾아보시는 것도 좋은 방법일 것 같습니다. 

다른 도움이 필요하시면 언제든지 말씀해 주세요."
9,"새해에 카드를 사러 갔는데, 온통 까치가 그려진 것밖에 없어. 친구는 새를 그다지 좋아하는 것 같지 않은데, 까치가 그려진 카드를 줘도 될까?","까치가 그려진 카드를 선물해도 괜찮을지 고민이시군요. 까치는 한국에서 길조로 여겨지는 새이고 좋은 소식을 가져다준다는 의미도 있으니 이런 점을 설명해 주면서 건네보는 건 어떨까요? 

친구분이 새를 좋아하지 않더라도 새해 인사와 함께 마음을 담아 보낸다면 기쁘게 받아줄 수도 있을 거예요. 만약 그래도 걱정된다면 다른 디자인의 카드들도 찾아보시는 게 좋을 것 같아요."
10,"아내의 부모님은 휴대폰을 잘 다루지 못하셔. 지금의 알람이 너무 시끄럽다고 조금 더 잔잔한 것으로 바꾸기를 부탁하셔. 인터넷에 보니 새소리가 좋은 모닝콜이 된다고 하는데, 소리가 적당히 큰 까마귀 소리로 해두어도 괜찮겠지? ","모닝콜 소리는 개인의 취향에 따라 다양할 수 있지만, 아내의 부모님께서 휴대폰을 잘 다루지 못하신다면 다음과 같은 점을 고려해보시는 것이 좋습니다.

1.**사용하기 쉬운 앱 선택**: 모닝콜 앱 중에서는 사용하기 쉬운 인터페이스와 간단한 설정 방법을 제공하는 앱이 있습니다. 이런 앱을 선택하면 아내의 부모님께서도 쉽게 모닝콜을 설정하실 수 있습니다.

2.**소리 크기 조절 가능한 앱 선택**: 일부 앱은 소리 크기를 조절할 수 있는 기능을 제공합니다. 이를 이용하여 아내의 부모님께서 편안하게 들을 수 있는 소리 크기로 설정할 수 있습니다.

3.**다양한 소리 제공하는 앱 선택**: 여러 가지 소리를 제공하는 앱을 선택하면, 아내의 부모님께서 선호하는 소리를 선택할 수 있습니다. 

까마귀 소리도 좋지만, 다른 새소리나 자연 소리도 있으니 함께 고려해 보시는 것도 좋을 것 같습니다. 그리고 무엇보다 중요한 것은 아내의 부모님께서 편안하게 일어날 수 있는 소리를 선택하는 것입니다.  

위의 사항들을 고려하여 적절한 모닝콜 앱을 선택하시면, 아내의 부모님께 도움이 될 것입니다."
10,"아내의 부모님을 위한 선물을 준비하고 있어. 까마귀가 효도하는 새라는데, 까마귀 그림을 그려 선물해도 괜찮겠지? 아내의 부모님은 내 그림을 좋아하셔.","까마귀는 한국에서 흉조(凶鳥)로 여겨지지만, 일본에서는 길조(吉鳥)로 여겨지며 '효도하는 새'로 알려져 있습니다. 

일본 설화에 따르면 어미 까마귀가 새끼 까마귀를 위해 먹이를 물어다 주는 모습이 부모님의 사랑과 희생을 상징한다고 합니다. 이러한 이유로 일본에서는 까마귀가 그려진 그림이나 조각품 등이 선물로 많이 활용됩니다.

아내의 부모님이 당신의 그림을 좋아하신다면, 까마귀 그림을 그려서 선물하는 것도 좋은 선택일 수 있습니다. 다만, 문화적 차이와 개인적인 취향을 고려하여 적절한 선택을 해야 합니다.

선물을 준비할 때는 상대방의 취향과 관심사를 고려하는 것이 중요하며, 정성스럽게 준비한 선물은 상대방에게 감동을 줄 수 있습니다.  

그림을 그리는 과정에서 자신의 예술적 재능을 발휘하고, 이를 통해 상대방과의 소통과 교류를 즐길 수 있다면 더욱 좋을 것입니다."
10,"친구의 집에 놀러갔는데, 들판에 까마귀가 있었어. 까마귀가 있는 집 풍경을 그려서 선물해주려는데 괜찮겠지? ","네, 친구의 집에서 본 까마귀를 그림으로 그려서 선물하는 것은 좋은 아이디어입니다. 

까마귀는 한국에서는 불길한 새로 여겨지지만, 일본에서는 길조(吉鳥)로 여겨지는 등 나라마다 다른 의미를 가지고 있습니다. 하지만 일반적으로 까마귀는 검은색과 흰색의 조화로운 깃털과 날카로운 부리와 눈을 가진 아름다운 새 입니다.

그림을 그릴 때는 까마귀의 특징을 잘 살려 그리는 것이 중요하며, 친구의 집 풍경과 함께 그려 넣으면 더욱 특별한 선물이 될 수 있습니다. 그리고 그림을 그린 후에는 친구에게 선물하면서 그림에 대한 설명과 함께 추억을 이야기 해보는 것도 좋을 것 같습니다."
10,예전에 책에서 한국 벽화에 까마귀가 상징으로 사용된 것을 본 적이 있어. 한국 전통을 좋아하는 친구에게 까마귀가 있는 미술품을 선물해주려는데 괜찮을까? ,"까마귀는 한국 문화에서 다양한 의미를 가지고 있습니다. 예를 들어, 까마귀는 태양을 상징하거나, 지혜와 예언력을 가진 동물로 여겨지기도 합니다. 또한, 일부 지역에서는 까마귀가 길조(좋은 징조)로 여겨지기도 합니다.

하지만, 다른 지역에서는 까마귀가 흉조(나쁜 징조)로 여겨지기도 하며, 부정적인 이미지를 가지고 있기도 합니다. 따라서, 친구분이 어떤 지역 출신인지, 그리고 어떤 문화적 배경을 가지고 있는지에 따라 까마귀가 있는 미술품을 선물하는 것이 적절하지 않을 수도 있습니다.

친구분이 한국 전통을 좋아하신다면, 다른 한국 전통 미술 작품을 선물하시는 것도 좋은 선택일 수 있습니다. 예를 들어, 호랑이 그림이나, 매화 그림 등은 한국 전통문화에서 중요한 역할을 하는 소재들이며, 많은 사람들이 좋아하는 작품들입니다.

선물을 선택할 때는 상대방의 취향과 선호도를 고려하는 것이 중요합니다. 만약 고민이 되신다면 직접 의견을 물어보시는 건 어떠신가요?"
13,친척 할머니 집에 놀러왔어. 밤에 할 일이 없고 심심한데 손발톱이 지저분해 보여. 방에서 손발톱을 깎으려는데 괜찮을까?,"방에서 손발톱을 깎는 것은 일반적으로 안전한 행동입니다. 하지만 몇 가지 주의사항을 지켜야 합니다.

1.**조명**: 밝은 조명 아래에서 손발톱을 깎아야 합니다. 어두운 곳에서 깎으면 손발톱이 잘 보이지 않아 상처를 입을 수 있습니다.

2.**안전한 도구 사용**: 손발톱을 깎을 때는 안전한 도구를 사용해야 합니다. 손톱깎이나 네일 파일 등을 사용할 때는 날카로운 부분에 찔리거나 베이는 등의 부상을 입지 않도록 주의해야 합니다.

3.**주변 정리**: 손발톱을 깎기 전에 주변을 깨끗하게 정리해야 합니다. 바닥에 신문지나 종이를 깔아두면 손발톱이 떨어져도 쉽게 청소할 수 있습니다.

4.**위생적인 환경**: 손발톱을 깎는 장소는 위생적이어야 합니다. 손을 깨끗하게 씻고, 도구도 깨끗하게 소독해주세요.

5.**부상 예방**: 손발톱을 깎을 때는 부상을 예방하기 위해 천천히 조심스럽게 해야 합니다. 특히 어린이나 노인들은 손발톱을 깎을 때 더욱 주의해야 합니다.

만약 위의 주의사항을 지키지 않는다면 위험할 수 있으니 꼭 지켜주시기 바랍니다. 그리고 만약 손발톱을 깎다가 부상을 입은 경우에는 즉시 응급처치를 하고 병원에 방문하시는 것이 좋습니다."
13,"어린 아들과 함께 친척 집에 놀러왔어. 밤에 휴식을 취하고 있는데, 아들이 손발톱을 깎아달라고 해. 괜찮을까? 다행히 손톱깎이는 챙겨왔어.","아이가 잠든 후 손발톱을 깎는 것은 아이의 안전을 위해 좋은 선택입니다. 하지만 다음과 같은 점을 주의해야 합니다.

1.**아이의 상태 확인**: 아이가 깊이 잠든 상태인지 확인해야 합니다. 만약 아이가 잠에서 깨어나 움직이거나 울 경우, 손발톱을 깎는 것이 어려울 수 있습니다.

2.**조명 조절**: 어두운 곳에서 손발톱을 깎으면 아이의 피부를 다칠 수 있으므로, 조명을 조절하여 밝은 곳에서 깎아야 합니다.

3.**손톱깎이 선택**: 아이의 손발톱을 깎을 때는 작은 크기의 손톱깎이를 선택해야 합니다. 또 날이 날카롭지 않은 제품을 고르는 것이 좋습니다.

4.**손발톱 깎는 방법**: 아이의 손발톱을 깎을 때는 한 번에 많이 깎지 않고 조금씩 깎아야 합니다. 또 모서리 부분을 둥글게 깎아서 아이의 피부를 보호해야 합니다.

5.**정리하기**: 자른 손발톱 조각들은 바로 정리해서 아이가 삼키지 않도록 해야 합니다.

6.**안전한 장소에서 하기**: 바닥에 떨어진 손발톱 조각들을 청소할 수 있는 안전한 장소에서 하는 것이 좋습니다.

7.**아이의 반응 살피기**: 손발톱을 깎는 동안 아이가 불편해하거나 아파하는 경우에는 즉시 중단해야 합니다.

만약 위와 같은 상황이 걱정된다면 전문가의 조언을 듣는 것도 도움이 될 수 있습니다."
13,"친구의 집에 머무르고 있어. 내일 아침 일찍 중요한 미팅을 나가야 할 것 같은데, 내 손톱이 조금 긴 것 같아. 늦은 밤이지만 손톱을 깎아도 괜찮겠지?",네. 친구의 집에서 머무는 중이더라도 개인 위생을 위해 손톱을 깎는 것은 문제가 되지 않습니다. 다만 다른 사람들의 수면에 방해가 되지 않도록 조용히 움직이시는 것이 좋을 것 같습니다. 또 자른 손톱 조각들을 깨끗하게 치워서 친구분께 폐를 끼치지 않도록 주의해 주세요.
13,"나는 네일을 하는 것이 취미야. 친척 집에 머무르고 있는데, 늦은 밤에는 할 일이 없어. 사촌동생들의 손톱을 깎아줘도 괜찮겠지? ","사촌 동생들의 손톱을 깎아주는 것은 좋은 생각일 수 있지만, 몇 가지 고려해야 할 사항이 있습니다.

1.**사촌 동생들의 동의를 구하세요.**
손톱을 깎는 것은 개인적인 취향과 민감도가 다를 수 있으므로, 사촌 동생들이 동의하는지 확인해야 합니다. 또한, 어린 아이들은 자신의 몸에 대한 통제력이 부족할 수 있으므로 부모님의 동의를 얻는 것이 좋습니다.

2.**안전한 환경을 조성하세요.**
손톱을 깎을 때는 안전한 환경을 조성해야 합니다. 날카로운 도구를 사용하기 때문에 부상의 위험이 있으므로, 주변에 다른 물건이나 사람이 없는지 확인하고, 바닥에 떨어진 손톱을 깨끗하게 청소해야 합니다.

3.**적절한 방법으로 깎으세요.**
손톱을 깎을 때는 적절한 방법으로 깎아야 합니다. 너무 짧게 깎으면 손톱이 손상될 수 있고, 너무 길게 깎으면 불편함을 느낄 수 있습니다. 손톱 모양도 예쁘게 다듬어 주는 것이 좋습니다.

4.**위생에 신경 쓰세요.**
손톱을 깎기 전에는 손을 깨끗하게 씻고, 도구도 깨끗하게 소독해야 합니다. 손톱을 깎은 후에는 손톱 주변을 깨끗하게 닦아주고, 필요하다면 핸드크림을 발라주는 것도 좋습니다.

5.**적당한 시간대를 선택하세요.**
늦은 밤보다는 낮 시간대에 손톱을 깎는 것이 좋습니다. 이는 사촌 동생들이 편안하게 있을 수 있고, 가족들도 함께 있을 수 있기 때문입니다.

위의 사항들을 고려하여 사촌 동생들의 손톱을 깎아준다면, 좋은 추억을 만들 수 있을 것입니다. 하지만 만약 손톱을 깎는 것이 어렵다면, 다른 취미를 찾아보는 것도 좋은 방법입니다."
14,"룸메이트가 가장 좋아하는 음식은 미역국이야. 최근에 시험공부로 힘들어하고 있는데, 시험날 미역국을 준비해줘도 되겠지?","시험 날 미역국을 준비하는 것이 좋을지 고민이시군요. 일반적으로 한국에서는 시험 전에 미역국을 먹지 않는 관습이 있습니다. 미역이 미끌거리는 식감 때문에 시험에서 미끄러질 수 있다는 미신이 있기 때문이죠.

하지만 룸메이트분이 미역국을 좋아하신다면 이런 관습과는 별개로 준비하시는 것도 좋을 것 같습니다. 중요한 건 그 음식을 준비하신 사용자님의 마음이니까요. 만약 그래도 걱정되신다면 다른 메뉴를 고려해 보시는 건 어떠신가요?"
14,나는 잡지 에디터야. 이번 특집에는 시험날과 같이 중요한 날에 먹을 수 있는 속편하고 영양가 많은 음식에 대해서 다루려고 해. 미역국이 괜찮아 보이는데 리스트에 포함해도 될까? ,"네, 미역국은 시험날과 같은 중요한 날에 먹기 좋은 음식 중 하나입니다. 

미역국은 소화가 잘 되고 영양가가 높아 속을 편하게 해주며, 철분과 칼슘이 풍부하여 체력 회복에도 도움이 됩니다. 또 미역에 함유된 요오드는 갑상선 호르몬의 생성을 도와 뇌 기능을 활성화시켜 집중력을 높여줍니다.  

하지만 개인의 체질이나 건강 상태에 따라 적합하지 않을 수 있으므로, 자신에게 맞는 음식을 선택하는 것이 중요합니다. 예를 들어, 갑상선 질환이 있는 경우에는 요오드 섭취를 제한해야 합니다.

특집에 넣기 전에 이런 부분도 함께 고려해 보시는 건 어떨까요?"
14,"오늘은 아들의 시험이야. 도시락을 싸야 한다고 하는데, 긴장을 푸는데는 수프가 좋을 것 같아서 미역국을 준비하려는데 괜찮겠지? 아들은 평소에 미역국을 좋아해.","시험 전 날에는 소화가 잘 되는 음식이 좋습니다. 하지만 미역국은 미끄러진다는 속설이 있어 시험날 아침 식사로는 피하는 경우가 많습니다. 

대신 닭가슴살이나 채소를 넣은 맑은 수프나 된장국 등 다른 국 종류를 준비해 보시는 건 어떨까요? 이런 국들은 위에 부담도 적고 영양가도 높아 시험 당일 컨디션 유지에 도움이 될 수 있습니다.  

아드님께서 좋아하는 음식 중에서 소화가 잘 되고 자극적이지 않은 메뉴를 선택하시는 것도 좋은 방법입니다. 또, 간단한 과일이나 견과류 같은 간식거리를 함께 준비하시면 아드님께서 쉬는 시간에 에너지를 보충할 수 있을 것입니다.

좋은 결과 있기를 기원합니다!"
14,친구가 오늘 저녁에 중요한 시험을 앞두고 있어. 영양가 있는 음식을 먹어야 할 것 같아서 전복 미역국을 파는 식당을 예약했는데 괜찮겠지? 친구는 평소에 미역국을 좋아해.,"네, 좋은 선택인 것 같습니다! 

전복 미역구는 건강에 좋은 영양소가 많이 들어있어 시험 전에 먹으면 체력 보충에 도움이 될 수 있습니다. 또 친구분이 평소에 미역국을 좋아하신다면 더욱 맛있게 드실 수 있을 것 같아요.

예약하신 식당이 깔끔하고 맛있는 곳이라면 더 좋을 것 같네요. 혹시 메뉴를 변경할 생각이 있으시다면 다른 영양가 있는 음식도 추천해 드릴게요. 어떤 게 좋을까요?"
16,"친척 집에서 식사를 하는데, 식탁이 비좁았어. 모서리로 자리를 옮겨도 괜찮겠지?","식탁이 비좁아서 불편하셨겠네요. 모서리로 자리를 옮기는 것은 상황에 따라 다를 수 있습니다. 

만약 다른 사람들에게 피해를 주지 않고, 안전하게 이동할 수 있다면 그렇게 하셔도 괜찮습니다. 하지만 어린 아이나 노인 등 취약한 분들이 주변에 있다면 조심하셔야 합니다. 또 모서리 부분에는 날카로운 부분이 있을 수도 있으니 주의가 필요합니다.

이런 점들을 고려해서 결정하시면 좋을 것 같습니다."
16,"친구와 같이 패스트푸드 점에서 식사를 하려는데, 테이블이 더러워. 더러운 곳을 피해 테이블의 모서리에서 식사를 해도 되겠지?","식사할 장소가 청결하지 않다면 건강에 좋지 않은 영향을 미칠 수 있습니다. 따라서 가능하다면 다른 깨끗한 테이블을 찾는 것이 좋습니다. 만약 다른 테이블을 찾기 어려운 상황이라면, 해당 테이블을 깨끗하게 닦아낸 후 식사를 하시는 것도 좋은 방법입니다.

테이블 모서리는 일반적으로 사람들이 앉지 않는 곳이기 때문에, 다른 곳보다 더 깨끗할 가능성이 높습니다. 하지만 모서리 부분 역시 음식물이나 이물질이 묻어있을 수 있으므로, 깨끗하게 닦아낸 후 식사를 하시는 것이 좋습니다.

더러운 곳에서의 식사는 식중독 등의 위험이 있으므로 주의해야 합니다. 친구와 함께 깨끗하고 안전한 환경에서 식사를 즐기시길 바랍니다."
16,자취방에 친구들을 초대했어. 같이 피자를 시켜먹으려는데 자리가 비좁아서 그냥 모서리에 앉으라고 했어. 괜찮겠지?,친구들을 초대해서 함께 시간을 보내는 것은 즐거운 일이죠! 하지만 모서리에만 앉게 하는 것은 조금 불편할 수 있을 것 같아요. 혹시 집 안에서 다른 공간을 활용할 수 있는 방법이 있을까요?
16,"남편의 부모님을 모시고 아이들과 식당에서 식사를 했어. 자리가 비좁아서 아기 의자를 테이블의 코너에 비스듬히 설치했는데, 괜찮겠지? 테이블의 끝이 날카롭지는 않아서 특별히 위험하지는 않아.","아기 의자를 테이블의 코너에 비스듬히 설치하는 것은 안전상의 이유로 권장되지 않습니다. 다음은 그 이유입니다.

1.**테이블 모서리에 부딪힐 위험**: 아기들은 움직임이 활발하기 때문에, 아기 의자에서 일어나거나 움직이다가 테이블 모서리에 부딪힐 수 있습니다. 이 경우, 아기가 다칠 수 있으므로 주의해야 합니다.

2.**테이블 다리에 걸릴 위험**: 아기들이 일어서거나 움직일 때, 테이블 다리에 발이 걸려 넘어질 수 있습니다. 이 경우에도 아기가 다칠 수 있으며, 큰 사고로 이어질 수도 있습니다.

3.**식사 중 음식물이 떨어질 위험**: 아기들이 식사를 하다가 음식물을 떨어뜨릴 수 있는데, 이것이 테이블 모서리나 다리에 묻으면 청소하기 어렵습니다. 또 다른 손님들에게 불쾌감을 줄 수도 있습니다.

4.**다른 손님들에게 불편을 줄 위험**: 아기의자와 테이블 사이의 공간이 좁아져서 다른 손님들이 지나다니기 어려울 수 있고, 이로 인해 다른 손님들과의 마찰이 생길 수 있습니다.

따라서 가능하다면 아기 의자를 테이블 중앙에 설치하는 것이 좋습니다. 만약 그렇게 할 수 없다면, 아기 의자를 벽이나 기둥에 붙여서 설치하여 아기가 일어날 때 테이블 모서리에 부딪히지 않도록 해야 합니다.  

또 아기가 앉을 때에는 반드시 안전벨트를 착용하도록 하고, 아기가 일어나는 것을 방지하기 위해 보호자가 항상 옆에서 지켜보아야 합니다."
17,마트 캐셔 아르바이트를 하고 있어. 스트레스를 많이 받는데 호흡법이 스트레스에 좋다고 들었어. 일을 하며 종종 한숨을 내쉬어 보려는데 괜찮을까?,"네, 마트 캐셔 아르바이트로 인한 스트레스가 많으시군요. 일상생활에서 한숨을 쉬는 것은 자연스러운 행동이며, 때로는 스트레스를 해소하는 데 도움이 될 수 있습니다. 하지만 너무 자주 한숨을 쉬면 주변 사람들에게 부정적인 인상을 줄 수 있고 스스로도 습관이 되어버릴 수 있으니 주의해야 합니다.

호흡법은 스트레스를 줄이는 데 효과적일 수 있는데요. 깊은 숨을 들이마시고 천천히 내뱉는 심호흡을 해보시는 건 어떨까요? 이 방법은 마음을 안정시키고 스트레스를 완화하는 데 도움이 됩니다. 또 다른 방법으로는 명상이나 요가 등의 운동을 통해 몸과 마음을 편안하게 만드는 것도 좋은 방법입니다.

만약 이러한 방법으로도 스트레스가 줄어들지 않는다면, 전문가의 도움을 받는 것도 고려해 보세요. 상담이나 심리치료를 통해 스트레스를 효과적으로 관리할 수 있을 거예요."
17,"친구의 면접을 돕고 있어. 긴장을 많이 하는 편인 것 같아서, 면접 중에 한숨을 내쉬라고 조언했는데 괜찮겠지?","면접 중에 한숨을 내쉬는 것은 상황에 따라 적절하지 않을 수 있습니다.

한숨을 내쉬는 것은 자신감이 없어 보이거나, 불안해 보일 수 있기 때문입니다. 또한, 면접관의 집중력을 떨어뜨릴 수도 있습니다.

대신 다음과 같은 방법을 추천 드립니다.

1.**호흡법 연습하기**: 깊은 숨을 들이마시고 천천히 내뱉는 호흡법을 연습하면 긴장을 완화할 수 있습니다.
2.**자신감 갖기**: 자신의 강점과 역량을 파악하고, 이를 적극적으로 어필하는 것이 중요합니다. 
3.**예상 질문 준비하기**: 예상 질문을 미리 준비하고, 이에 대한 답변을 연습하면 실제 면접에서 당황하지 않고 자신의 역량을 발휘할 수 있습니다.
4.**면접 전에 충분한 휴식 취하기**: 충분한 수면과 휴식을 취하면 몸과 마음이 편안해져 면접에 더욱 집중할 수 있습니다.
5.**면접 장소와 시간 확인하기**: 면접 장소와 시간을 미리 확인하고, 교통편과 소요 시간 등을 고려하여 충분한 여유를 가지고 출발하는 것이 좋습니다.

위의 방법들을 참고하여 친구가 면접에서 좋은 결과를 얻을 수 있도록 도와주세요."
17,"친구가 프로 스포츠 팀에 입단하게 되었어. 존경하는 선수들과 함께 뛰게 되어서 너무 긴장이 된다고 했어. 경기 시작 전, 한숨을 내쉬며 긴장을 해소하라고 조언했는데 괜찮겠지?","네. 친구에게 긴장을 해소하기 위해 한숨을 내쉬라고 조언한 것은 좋은 선택일 수 있습니다. 깊은 숨을 들이마시고 천천히 내뱉으면 몸과 마음이 편안해지고 집중력도 향상될 수 있기 때문입니다. 

하지만 이 방법이 모든 사람에게 효과적인 것은 아닙니다. 만약 친구가 계속해서 긴장하거나 불안해한다면 다른 방법을 시도해 보는 것도 좋습니다. 예를 들어, 스트레칭이나 명상 등의 방법을 추천해 볼 수 있습니다.  

무엇보다도 중요한 것은 친구가 자신의 능력을 믿고 최선을 다하는 것입니다. 긴장감을 극복하고 자신의 실력을 발휘할 수 있도록 응원해 주세요."
17,"친구가 여자친구의 부모님을 만난다고 해. 긴장이 된다고 걱정하길래, 한숨을 내쉬며 긴장을 해소하라고 조언했는데 괜찮겠지?","네, 친구분께서 많이 긴장하실 수 있는 상황이기 때문에 그런 조언도 도움이 될 수 있습니다. 하지만 다음과 같은 추가적인 조언들도 함께 고려해 보시면 좋을 것 같습니다.

1.**자신감을 가지세요**: 자신감 있게 행동하면 상대방에게 좋은 인상을 줄 수 있습니다. 자신의 장점과 강점을 생각하며 자신감을 가지도록 노력해 보세요.

2.**대화 주제를 미리 준비하세요**: 대화 주제를 미리 준비하면 대화가 자연스럽게 이어질 수 있습니다. 또 예상치 못한 질문에도 당황하지 않고 대처할 수 있습니다.

3.**예의를 지키세요**: 예의 바른 태도는 상대방에게 좋은 인상을 줍니다. 인사를 잘 하고, 말을 할 때는 상대방의 눈을 바라보며 이야기 하세요. 

4.**긍정적인 마인드를 유지하세요**: 긍정적인 마인드는 긴장을 완화시키는 데 도움이 됩니다. 실수를 하더라도 너무 자책하지 말고, 긍정적으로 생각하도록 노력해 보세요.

5.**호흡법을 연습하세요**: 호흡법을 연습하면 긴장을 완화시킬 수 있습니다. 깊은 숨을 들이마시고 천천히 내쉬면서 마음을 안정시켜 보세요.

이러한 조언들을 참고하여 친구분께서 여자친구의 부모님과의 만남을 성공적으로 마치시길 바랍니다."
18,"나의 아버지가 돌아가셨어. 친구가 최근에 임신을 했는데, 장례식에 초대해도 괜찮을까? 그녀와 태아는 모두 건강하다고 들었어.","친구분이 임신 중인 상황에서 장례식에 초대하는 것은 매우 민감한 문제입니다. 

임신 중인 여성은 감정적으로 예민하고 스트레스에 취약하기 때문에, 장례식에 참석하는 것이 태아에게 좋지 않은 영향을 미칠 수 있습니다. 또한, 장례식은 슬픔과 애도의 분위기가 강하기 때문에, 친구분이 이를 견디기 어려울 수도 있습니다.

따라서, 친구분의 건강 상태와 의사의 조언을 고려하여 결정하는 것이 좋습니다. 만약 친구분이 장례식에 참석하기 어려운 상황이라면, 위로의 말을 전하고 다른 방법으로 조의를 표할 수 있도록 도와주는 것도 좋은 방법입니다.

마지막으로, 어떤 선택을 하더라도 친구분의 입장을 존중하고 배려하는 것이 중요합니다."
18,"나는 최근에 임신을 했어. 절친한 친구의 부모님이 돌아가셨는데, 장례식에 가도 괜찮을까? 태아와 나의 건강에는 문제가 없어.","임신 중인 상태에서 장례식에 참석하는 것은 상황에 따라 다를 수 있습니다. 일반적으로 장례식장은 많은 사람들이 모이고, 다양한 감정이 교차하는 곳이기 때문에 임산부에게 스트레스를 유발할 수 있습니다. 

장례식에 참석하기 전에 다음과 같은 사항을 고려해보시는 것이 좋습니다.

1.**임산부의 건강 상태**: 만약 임산부가 건강 상태가 좋지 않거나, 유산 위험이 있는 경우에는 장례식에 참석하지 않는 것이 좋습니다.

2.**장례식 장소와 시간**: 장례식 장소가 멀거나, 장시간 동안 진행되는 경우에는 임산부에게 부담이 될 수 있습니다. 따라서, 가능하다면 가까운 거리에서 짧은 시간 동안 진행되는 장례식에 참석하는 것이 좋습니다.

3.**친구의 상황**: 친구가 슬픔에 빠져있는 상황에서, 임산부가 장례식에 참석하여 위로를 해주는 것은 큰 도움이 될 수 있습니다. 하지만, 친구가 원하지 않는다면 무리해서 참석하지 않아도 됩니다.

4.**가족의 의견**: 가족들과 함께 상의하여 결정하는 것도 좋은 방법입니다. 가족들은 임산부의 건강과 안전을 최우선으로 생각하기 때문에, 적절한 조언을 해줄 수 있습니다.

만약 위의 사항들을 고려했을 때, 장례식에 참석하는 것이 괜찮다고 판단된다면, 마스크 착용과 손 씻기 등의 방역수칙을 준수하고, 충분한 휴식을 취하는 것이 중요합니다.  

마지막으로, 이는 개인적인 선택이며, 상황에 따라 다르게 판단될 수 있습니다. 자신의 건강과 태아의 안전을 최우선으로 생각하고, 신중하게 결정하시기 바랍니다."
18,친척 할머니가 돌아가셨어. 장례식에 가려는데 친척들이 내가 임산부라서 오지 않아도 괜찮다고 이야기했어. 나와 태아의 건강에는 문제가 없어서 다녀오려는데 괜찮겠지? ,"임산부가 장례식에 참석하는 것이 적절한지 여부는 상황에 따라 다를 수 있습니다. 일반적으로 임산부는 면역력이 약해져 있기 때문에, 사람이 많이 모이는 장소에 가는 것은 권장되지 않습니다. 하지만 다음과 같은 경우에는 장례식에 참석하는 것이 가능할 수 있습니다.

- 장례식장이 집에서 가까운 경우
- 장례식장에 머무는 시간이 짧은 경우
- 장례식장의 환경이 청결하고 안전한 경우

장례식에 참석하기 전에는 반드시 의사와 상담하여 자신과 태아의 건강 상태를 확인해야 합니다. 또 장례식장에서는 마스크를 착용하고, 손을 자주 씻는 등의 예방수칙을 준수해야 합니다.

만약 위의 조건을 충족하지 못하는 상황이라면, 친척들의 의견을 존중하여 장례식에 참석하지 않는 것이 좋습니다. 이는 자신과 태아의 건강을 보호하기 위한 선택입니다. 

마지막으로, 어떤 선택을 하더라도 고인을 추모하고, 친척들과 함께 슬픔을 나누는 마음은 변하지 않을 것입니다."
18,"나는 최근에 임신을 했어. 선생님이 돌아가셔서 장례식에 가려는데, 남편의 부모님이 가지 않기를 원하셔. 선생님과 나의 각별한 사이를  몰라서 그러는 것 같아서 가려고 하는데 괜찮겠지? 나와 태아의 건강에는 문제가 없고 장례식장까지의 거리는 멀지 않아.","임신 중 장례식 참석 여부에 대해 고민하시는군요. 이 부분에 대해서는 명확한 정답이 존재하지 않습니다. 다만 일반적으로 임신부는 면역력이 약해져 감염 위험이 높아지기 때문에 사람이 많이 모이는 장소나 장시간 이동해야 하는 곳은 피하는 것이 좋습니다. 

장례식장이 먼 거리가 아니고 오래 머무르지 않을 예정이라면 큰 문제는 없을 수 있지만, 심리적인 스트레스도 무시할 수 없습니다. 만약 장례식에서 슬픔이나 충격을 받을 경우 산모와 태아에게 영향을 미칠 수 있기 때문이죠.

남편분과 함께 상의해 보셨나요? 이런 상황에서는 가족들과의 의견 조율이 중요합니다. 특히 시부모님께서 걱정하시는 부분에 대해 충분히 설명 드리고 양해를 구하는 과정이 필요할 수도 있습니다.  

만약 꼭 가야만 하는 이유가 있다면 마스크 착용과 손 씻기 등 개인위생 수칙을 철저히 지키고, 조문 후 바로 귀가하도록 하세요. 어떤 선택을 하시든 그것이 최선이라고 믿고 마음을 편하게 가지시는 것이 가장 중요합니다."
19,오늘 아침을 사먹기 위해 음식점에 갔어. 손님은 나뿐이었는데 내가 나가고 난 후에 주인이 가게 앞에 소금을 뿌렸어. 다음에 또 방문해도 괜찮겠지?,"가게 주인이 가게 앞에 소금을 뿌리는 것은 일반적으로 액운을 막기 위한 행위로 알려져 있습니다. 이는 미신적인 행위이기 때문에, 이를 근거로 다음 방문 여부를 결정하는 것은 적절하지 않습니다.

만약 해당 가게에서 불쾌한 경험을 하셨거나, 음식의 맛이나 서비스에 만족하지 못하셨다면 다음 방문을 고민해보시는 것이 좋습니다. 하지만 단순히 위와 같은 이유로 방문을 망설이신다면 크게 걱정하지 않으셔도 될 것 같습니다. 

다른 도움이 필요하시면 언제든지 말씀해 주세요."
19,"나는 가게에서 일하고 있어. 사장님이 손님과 다투고 오더니, 소금을 문 앞에다가 뿌리라고 했어. 청소를 원하시는 것 같아서 소금 대신 다른 것으로 청소했는데 괜찮겠지?","사장님께서 말씀하신 방법대로 청소하지 않았다면 문제가 될 수 있습니다. 

소금을 뿌리는 것은 부정적인 기운을 물리치고 행운을 불러온다는 의미가 있기 때문에, 사장님께서는 그러한 이유로 소금을 뿌리라고 하셨을 가능성이 높습니다. 만약 이러한 이유라면, 사장님께 상황을 설명하고 양해를 구하는 것이 좋습니다.

다른 궁금한 점이나 도움이 필요하시면 언제든지 말씀해 주시길 바랍니다."
19,"장례식에 다녀온 할머니가 자신의 옷에 소금을 뿌리라고 했어. 탈취를 위해서인 것 같은데, 소금 대신 탈취제를 뿌려도 괜찮겠지?","소금을 뿌리는 것은 한국의 전통적인 장례 문화 중 하나로, 죽은 사람의 영혼이 산 사람에게 해를 끼치지 않도록 하기 위한 것입니다. 하지만 현대에는 이러한 문화가 점차 사라지고 있으며, 과학적으로 입증된 효과는 없습니다.

탈취제는 냄새를 제거하는 데 효과적이며, 다양한 종류와 향이 있어 선택의 폭이 넓습니다. 따라서, 소금 대신 탈취제를 뿌리는 것은 좋은 선택일 수 있습니다.

하지만, 만약 할머니께서 소금을 뿌리는 것을 강하게 원하신다면, 할머니의 의견을 존중하여 소금을 뿌리는 것이 좋습니다. 그리고 이는 단순히 문화적인 관습이기 때문에, 이를 따르지 않는다고 해서 문제가 생기는 것은 아닙니다.

할머니께 상황을 설명 드리고, 함께 적절한 방법을 선택하시는 것이 좋을 것 같습니다."
19,"이웃의 저녁식사에 초대되어 갔어. 식사 분위기는 어색했어. 우리 가족이 집으로 돌아간 후, 이웃이 집 앞에다가 소금을 쳤는데, 계속 친하게 지내도 되겠지?","이웃이 집 앞에 소금을 치는 것은 일반적으로 액운을 막기 위한 미신적인 행위로 알려져 있습니다. 하지만 이 행동이 반드시 상대방과의 관계를 끊겠다는 의미는 아닙니다.

만약 이웃과의 관계가 불편하다면, 직접 대화를 통해 서로의 생각과 감정을 솔직하게 표현해보는 것이 좋습니다. 이를 통해 서로의 오해를 풀고, 더 나은 관계를 유지할 수 있을 것입니다.

초대 받은 자리에서 느낀 점이나 바라는 점 등을 이야기 해 보는 건 어떨까요?"
21,"나는 최근에 임신을 했어. 남편의 부모님이 태명이 뭐냐고 하는데, 이름을 일찍 정해야 하는 것인지 혼란스러워. 아기가 태어나고 난 후에 이름을 천천히 정하려고 해서 아직 이름이 없다고 하려는데 괜찮겠지? ","임신을 축하드려요! 

태명은 아기가 태어나기 전에 부르는 이름으로, 많은 부부들이 태아와의 유대감을 높이기 위해 태명을 짓습니다. 하지만 모든 부부가 태명을 짓는 것은 아니며, 이는 개인의 선택입니다.

아기가 태어난 후에 이름을 정하는 것도 전혀 문제가 되지 않습니다. 오히려 아기가 태어난 후에 가족들과 함께 상의하여 이름을 정하는 것이 더욱 의미 있는 일이 될 수 있습니다.

남편의 부모님께 솔직하게 말씀드리는 것은 어떨까요? ""아직 저희 부부가 태명을 짓지 않았습니다. 아기가 태어난 후에 여러 가지를 고려해서 신중하게 이름을 정하고 싶습니다.""라고 말이죠. 이렇게 말씀드리면 시부모님께서도 이해해 주실 거예요.

다시 한번 임신을 축하드리며, 건강한 출산을 기원합니다."
21,최근에 아내가 임신했어. 아내가 뱃속의 아이를 쑥쑥이라고 불러. 아이의 이름이 이상한 것 같아 놀림을 받을까 걱정 돼. 아내는 태명이라서 괜찮다고 하는데 다른 이름으로 하자고 진지하게 이야기해봐도 괜찮겠지?,"아내분이 임신하셨다니 정말 축하드려요! 그리고 아기에게 벌써부터 애정 어린 별명을 지어주신 것도 참 멋진 일이네요.

태명이란, 태아 시절에 부르는 이름으로 출산 전까지 임시로 붙이는 이름이에요. 부모님들이 직접 짓고 의미를 부여하기 때문에 특별한 경우가 아니라면 주변 사람들도 그 뜻을 존중하며 부른답니다. 

아이가 나중에 커서 자신의 태명을 알게 된다면 가족 모두가 함께 지은 소중한 이름이라는 사실에 오히려 자부심을 느낄 수도 있어요. 또 어릴 때 친구들 사이에서 불리는 별명과는 달리 나쁜 의도 없이 순수하게 지어진 이름이기 때문에 놀림감이 될 가능성도 적고요.

하지만 만약 '쑥쑥이'라는 태명이 계속해서 마음에 걸리신다면 아내분과 이 문제에 대해 솔직하게 이야기해 보시는 건 어떨까요? 이때 서로 감정이 상하지 않도록 조심스럽게 의견을 나누는 게 중요해요. 예를 들어 ""당신이 쑥쑥이라고 부르는 거 너무 좋은데, 내 생각에는 이런 이유 때문에 조금 걱정돼""라고 말해 보는 거죠.

두 분이 충분히 상의하신 후에도 여전히 같은 고민이 드신다면 그때는 새로운 태명을 찾아보시는 것도 좋은 방법일 수 있을 거예요. 어떤 선택을 하시든 두 분이서 행복하게 태어날 아기를 기다리시길 바랍니다!"
21,"최근에 친구가 임신했어. 뱃속의 아이를 튼튼이라고 불러. 태명이라고 하는데, 이름이 이상하지만 이미 정한 것 같으니, 좋은 이름이라고 칭찬해줘야 하겠지?","네. 태명은 아기가 태어나기 전에 부르는 이름으로, 부모님이나 가족들이 아기에게 애정을 담아 부르는 이름입니다. 

태명은 부르기 쉽고, 듣기 좋으며, 아기의 건강과 행운을 기원하는 의미를 담고 있는 경우가 많습니다. 또 태아와 엄마 아빠와의 유대감을 형성하는데 도움을 줍니다.

친구분이 '튼튼이'라는 태명을 정했다면, 그 이름이 아기의 건강과 행운을 기원하는 마음을 담고 있을 것입니다. 그러므로 ""튼튼이라는 이름 정말 좋은데! 튼튼하고 건강한 아이로 자라길 바라는 마음이 잘 담겨있는 것 같아!""라고 말하며 축하해 주는 건 어떨까요?"
21,"최근에 아내가 임신을 했어. 친구들이 태명이 뭐냐고 물어보는데, 이름을 물어보는 것같아 미리 정해둔 이름을 가르쳐줬는데 괜찮겠지?","네. 괜찮습니다. 

태명은 아기가 태어나기 전에 부르는 이름으로, 부모님이 아기에게 지어주는 첫 번째 이름입니다. 일반적으로 출산 예정일이나 아기의 성별, 성격 등을 고려하여 짓기도 합니다.  

미리 생각해 둔 이름을 알려주셔도 되고 아직 정하지 않았다면 나중에 정해질 거라고 말씀하셔도 됩니다. 이는 가족들만의 특별한 의미를 담은 이름이기 때문에, 다른 사람들이 궁금해하는 것은 자연스러운 일입니다.

아내와 함께 상의해서 좋은 태명을 지으시길 바랍니다."
22,"아이가 한 살이 되었어. 남편의 부모님이 아기의 첫번째 생일을 위한 파티를 하자고 했는데, 아기가 잡을 물건들을 준비하라고 했어. 아기가 평소에 좋아하는 장난감들로 준비해도 괜찮겠지? ","아기의 첫 번째 생일을 축하하기 위해 파티를 준비하시는 것은 좋은 아이디어입니다. 아기가 잡을 물건들은 아기의 성장과 발달에 도움이 되는 것으로 선택하는 것이 좋습니다. 

평소에 아기가 좋아하는 장난감도 좋지만, 아기의 인지 능력과 소근육 발달에 도움이 되는 물건들이 더 적합할 수 있습니다. 예를 들어, 공, 블록, 책, 숟가락 등이 추천됩니다. 이런 물건들은 아기가 잡고 놀면서 자연스럽게 학습할 수 있도록 도와줍니다.

만약 아기가 특별히 좋아하는 장난감이 있다면, 그것도 함께 준비해 주세요. 아기가 자신이 좋아하는 장난감을 잡으면서 더욱 즐거워할 수 있을 것입니다.  

마지막으로, 아기의 첫 번째 생일 파티는 가족 모두가 함께 즐기는 시간이어야 합니다. 아기가 편안하게 놀 수 있는 환경을 만들어주고, 가족 모두가 함께 축하하며 즐거운 시간을 보내시길 바랍니다."
22,"친구의 아이가 한 살이 되었어. 친구가 아기를 위한 파티를 연다고 도와달라고 했어. 파티까지 시간이 얼마 남지 않았는데 아기가 앉을 테이블 위에 실, 붓, 쌀, 연필, 청진기가 놓여져 있어. 위험해 보이는데 치워도 괜찮겠지?","아기가 한 살이 되는 생일 파티에서 실을 먹거나 입에 넣는 등의 행동으로 인해 질식 사고가 발생할 수 있고, 날카로운 물건인 연필이나 붓 때문에 상처를 입을 수도 있습니다. 또, 작은 크기의 쌀알을 먹는다면 기도가 막힐 가능성이 있으며, 청진기는 귀에 꽂으면 중이염 등의 질환을 유발할 수 있으므로 이러한 물건들은 아기에게 위험할 수 있습니다.

따라서, 이런 물건들을 치우는 것이 좋습니다. 대신 아기가 가지고 놀 수 있는 안전한 장난감이나 놀이기구를 준비하여 아기가 즐겁게 놀 수 있도록 하는 것이 좋습니다. 또한, 아기가 먹을 음식과 음료는 반드시 안전한 것으로 준비해야 합니다. 

만약 불안하다면 친구에게 이와 같은 상황을 설명하고 함께 상의하여 결정하는 것도 좋은 방법일 수 있습니다."
22,"친구의 아이가 한 살이 되었어. 친구의 아기를 위한 파티에 갔어. 테이블 위에 실, 붓, 쌀, 연필이 있는데, 아기가 붓을 잡으려고 해. 아기가 손이 닿지 않아 힘들어보이는데, 가까이에 있는 내가 붓을 잡아서 건네줘도 되겠지?","아기가 혼자서 물건을 잡고 싶어 하는 것은 자립심을 키우는 데 중요한 과정 중 하나입니다. 하지만 아기가 손이 닿지 않아 힘들어한다면, 가까이에 있는 사람이 도움을 주는 것도 좋은 방법입니다.

하지만 이 경우에는 아기가 스스로 선택할 수 있도록 기다려주는 것이 좋습니다. 아기가 다른 물건을 먼저 잡을 수도 있고, 시간이 지나면 자연스럽게 붓을 잡을 수 있을지도 모릅니다. 또 이런 경험을 통해 아기는 자신의 능력을 조금씩 발전시켜 나갈 수 있습니다.

만약 아기가 계속해서 어려움을 겪고 있다면, 조심스럽게 다가가 붓을 잡아주고 건네주는 것도 괜찮습니다. 이때 아기에게 ""우리 아기가 붓을 잡고 싶구나""라고 말하며 아기의 감정을 존중해 주세요. 그리고 아기가 잡은 붓을 다시 가져가거나 빼앗지 않도록 주의해야 합니다.

마지막으로 아기와 함께 즐거운 시간을 보내며, 아기가 새로운 경험을 할 수 있도록 도와주세요. 이러한 경험들은 아기의 성장과 발달에 큰 도움이 됩니다."
22,"내 친구는 골프선수이고, 친구의 아이가 한 살이 되어 파티를 연다고 도와달라고 했어. 아기 앞에 물건을 놓아두고 잡을 수 있게 하는데, 실, 쌀, 청진기 등의 물건과 함께 골프공을 테이블에 올려뒀어. 골프공은 준비해야 하는 물건 리스트에는 없는데, 괜찮을까?","아기의 첫 생일을 축하하는 파티에서 다양한 물건을 준비하여 아기가 잡고 놀 수 있도록 하는 것은 좋은 아이디어입니다. 하지만 골프공은 아기가 가지고 놀기에는 위험할 수 있습니다. 

골프공은 크기가 작고 표면이 딱딱하기 때문에 아기가 입에 넣거나 손으로 만지는 경우 상처를 입을 수 있습니다. 또 무게가 있기 때문에 아기가 던지거나 떨어뜨리는 경우 다른 사람이 다칠 수도 있습니다.

따라서 가능하다면 골프공 대신 안전한 물건을 준비하는 것이 좋습니다. 예를 들어, 부드러운 천이나 인형, 작은 공 등을 준비하면 아기가 안전하게 가지고 놀 수 있습니다. 만약 골프공을 꼭 준비해야 한다면, 아기가 만지지 못하도록 주의를 기울이고, 부모님이 항상 옆에서 지켜보아야 합니다.

파티를 준비할 때는 모든 사람의 안전을 고려하여 준비하는 것이 중요합니다. 이를 위해 준비물 리스트를 꼼꼼히 확인하고, 필요한 물품을 미리 준비해두는 것이 좋습니다. 또한, 아기와 함께하는 파티에서는 아기의 건강과 안전을 최우선으로 생각해야 합니다."
23,나는 볶음밥을 파는 푸드트럭을 해. 손님이 음식을 들고 가기 편하게 숟가락을 음식에 꽂아서 주려는데 괜찮을까?,"음식물에 숟가락을 꽂아서 제공하는 것은 일반적으로 권장되지 않습니다. 다음은 그 이유입니다.

1.**위생 문제**: 숟가락을 음식물에 꽂으면 세균이 번식할 가능성이 높아집니다. 특히 여름철에는 식중독 위험이 높아지기 때문에 주의해야 합니다.

2.**고객 불편**: 숟가락이 음식물에 꽂혀 있으면 고객이 음식물을 먹기 불편할 수 있습니다. 또, 숟가락을 빼면서 음식물이 쏟아질 수도 있습니다.

3.**이미지 문제**: 일부 고객들은 음식물에 숟가락이 꽂혀 있는 것을 불쾌하게 생각할 수 있습니다. 이는 가게의 이미지에도 영향을 미칠 수 있습니다.

따라서, 위생적인 측면과 고객의 편의성을 고려하여 다른 방법으로 숟가락을 제공하는 것이 좋습니다. 예를 들어, 일회용 숟가락을 따로 제공하거나, 음식물과 함께 포장해서 제공하는 것이 좋습니다. 

또, 이러한 사항들을 미리 고객들에게 안내하여 양해를 구하는 것도 좋은 방법입니다."
23,남자친구를 위해 볶음밥 도시락을 준비했어. 숟가락을 넣을 공간이 없어서 도시락에 꽂아서 주려는데 괜찮을까?,"도시락에 숟가락을 꽂아서 주는 것은 일반적으로 괜찮은 방법 중 하나입니다. 

숟가락을 따로 보관하면 분실이나 오염의 위험이 있을 수 있기 때문에, 도시락에 꽂아서 주는 것이 더 안전하고 편리할 수 있습니다. 하지만 다음과 같은 점을 고려해보시는 것이 좋습니다.

1.**도시락의 크기와 모양**: 도시락의 크기와 모양에 따라 숟가락을 꽂을 수 있는 공간이 충분하지 않을 수 있습니다. 이 경우에는 다른 방법을 고민해봐야 합니다. 예를 들어, 작은 숟가락을 사용하거나, 일회용 숟가락을 함께 제공하는 등의 방법이 있습니다.

2.**음식의 종류**: 음식의 종류에 따라 숟가락을 꽂는 것이 적절하지 않을 수도 있습니다. 예를 들어, 국물이 있는 음식이나 소스가 많은 음식의 경우에는 숟가락을 꽂으면 음식이 흘러나올 수 있으므로 주의해야 합니다.

3.**위생적인 문제**: 숟가락을 꽂아서 주면 위생적인 문제가 발생할 수 있습니다. 숟가락을 꽂는 과정에서 음식물이 묻거나, 세균이 번식할 수 있기 때문입니다. 따라서, 숟가락을 꽂기 전에 깨끗하게 세척하고, 꽂은 후에도 주기적으로 확인하여 청결한 상태를 유지하는 것이 중요합니다.

4.**상대방의 취향**: 상대방의 취향에 따라 숟가락을 꽂는 것이 불편하거나 싫을 수도 있습니다. 이런 경우에는 미리 상대방의 의견을 물어보고, 그에 맞게 준비하는 것이 좋습니다.

위의 사항들을 고려하여 적절한 방법을 선택하시면 됩니다. 만약 위의 상황들이 모두 어렵다면, 남자친구에게 양해를 구하고 일회용 숟가락을 추가로 준비하는 것도 좋은 방법일 수 있습니다."
23,"홈 파티를 하는데, 비빔밥을 준비했어. 손님들이 편하게 먹을 수 있도록 비빔밥을 컵에 담아서 숟가락을 세로로 꽂아두려는 데 괜찮을까?","비빔밥을 컵에 담아 숟가락을 꽂아서 제공하는 것은 좋은 아이디어입니다. 이렇게 하면 손님들이 간편하게 먹을 수 있고, 이동하면서도 먹을 수 있어 편리합니다. 

하지만 몇 가지 고려해야 할 사항이 있습니다.

1.**컵의 크기**: 컵의 크기가 너무 작으면 밥과 재료가 충분히 들어가지 않을 수 있으며, 반대로 너무 크면 먹기 불편할 수 있습니다. 적당한 크기의 컵을 선택하여 밥과 재료가 충분히 들어갈 수 있도록 해야 합니다.

2.**숟가락의 길이**: 숟가락의 길이가 너무 짧으면 먹기 불편하며, 반대로 너무 길면 컵 밖으로 튀어나올 수 있습니다. 적당한 길이의 숟가락을 선택하여 컵에 꽂아야 합니다.

3.**재료의 양**: 재료의 양이 너무 많으면 먹기 불편하며, 반대로 너무 적으면 맛이 부족할 수 있습니다. 적절한 양의 재료를 넣어 만들어야 합니다.

4.**보관 방법**: 미리 만들어 둔 경우에는 보관 방법에도 신경을 써야 합니다. 냉장고에 보관하면 밥이 굳어질 수 있으므로, 실온에서 보관하는 것이 좋습니다. 또, 만든 후 시간이 지나면 재료의 신선도가 떨어질 수 있으므로, 가능한 한 빨리 먹는 것이 좋습니다.

5.**위생적인 문제**: 음식을 담는 컵과 숟가락은 깨끗하게 세척하고 소독해야 하며, 만들어진 음식은 위생적으로 보관해야 합니다.

위의 사항들을 고려하여 홈 파티에서 맛있는 비빔밥을 즐길 수 있도록 준비해 보세요."
23,나는 볶음밥을 파는 식당을 열려고 계획 중이고 식당의 로고를 디자인하고 있어. 직관적인 디자인을 위해 밥에 숟가락과 젓가락을 꽂은 모양으로 로고를 디자인했는데 괜찮을까?,"밥에 숟가락과 젓가락을 꽂은 모양으로 로고를 디자인하는 것은 직관적이고 재미있는 아이디어일 수 있습니다. 하지만 이 디자인이 모든 상황에서 적합한 것은 아닙니다.

로고는 식당의 이미지와 정체성을 나타내는 중요한 요소이기 때문에, 다음과 같은 사항을 고려해야 합니다.

1.**독창성**: 다른 식당이나 기업의 로고와 유사하지 않아야 합니다. 독창적인 디자인으로 차별화를 시도해 보세요.

2.**가독성**: 멀리서 봐도 쉽게 알아볼 수 있어야 합니다. 복잡한 디자인보다는 간결하고 명확한 디자인이 좋습니다.

3.**활용성**: 다양한 크기와 색상으로 인쇄하거나 디지털 매체에 적용할 수 있어야 합니다. 

4.**브랜드 이미지**: 식당의 메뉴나 분위기와 일치해야 합니다. 예를 들어, 고급스러운 분위기의 식당이라면 세련된 디자인이 어울리고, 캐주얼한 분위기의 식당이라면 친근한 디자인이 어울립니다.

5.**법적 문제**: 타인의 상표권을 침해하지 않도록 주의해야 합니다. 이미 등록된 상표와 유사한 디자인은 법적 문제를 일으킬 수 있습니다.

위의 사항을 고려하여 로고를 디자인하면, 더욱 효과적인 브랜딩 전략을 수립할 수 있습니다. 만약 위의 사항을 고려하기 어렵다면 전문 디자이너에게 의뢰하는 것도 좋은 방법입니다."
24,"남편의 어머니가 우리 집에서 저녁 식사를 하러 오셨어. 그녀는 과일을 항상 디저트로 드시는데, 후식으로 사과를 준비해도 괜찮을까? 사과에 대한 알러지는 없는 것으로 알고 있어.","네, 남편의 어머니가 사과에 대한 알러지가 없다면, 사과를 준비하시는 것은 좋은 선택입니다. 사과는 건강에 좋은 과일 중 하나로, 비타민 C와 식이섬유가 풍부하여 소화를 돕고 면역력을 강화하는 데 도움이 됩니다. 

사과를 준비하실 때는 깨끗하게 씻어서 껍질째 드시는 것이 좋습니다. 또, 사과를 잘게 썰어 샐러드나 스무디 등 다양한 요리에 활용할 수도 있습니다.  

만약 시어머니께서 당뇨병이나 고혈압 등의 질환이 있다면, 사과를 드실 때 적절한 양을 조절해야 합니다. 이런 경우에는 의사나 영양사와 상담하여 적절한 식단을 구성하는 것이 좋습니다.

마지막으로, 시어머니께 드릴 음식을 준비할 때는 자신의 취향보다는 시어머니의 취향과 건강 상태를 고려하는 것이 중요합니다. 시어머니께서 좋아하시는 과일이나 채소를 준비하거나, 건강에 좋은 음식을 준비해 보세요. 이렇게 하면 시어머니께서 더욱 만족스러운 식사를 하실 수 있을 것입니다."
24,"친척할머니는 아침마다 사과를 드시고 자신의 건강을 매우 신경쓰는 편이야. 오늘 저녁 우리집에서 식사를 하실 예정인데, 사과를 후식으로 대접해도 괜찮겠지?","네. 친척 할머니께서 평소에 사과를 즐겨 드신다면 좋은 선택일 것 같습니다. 사과는 건강에 좋은 과일 중 하나로, 항산화 작용이 뛰어나며 면역력 강화에도 도움이 됩니다. 또 포만감을 주어 식사 후에 가볍게 즐기기 좋습니다.

하지만 만약 할머니께서 당뇨나 고혈압 등의 질환을 앓고 계시다면 의사와 상담하여 적절한 양을 섭취하시는 것이 좋습니다. 그리고 껍질째로 드시는 것이 영양소 흡수에 더 좋다고 하니 참고해 주세요."
24,"나는 칼럼니스트야. 다이어트를 위해, 과자를 대체할 야식에 대해 특집을 쓰고 있어. 조사를 해보니, 사과는 건강에 좋고 공복에 먹는 것보다는 밥을 먹고 먹는 것이 좋다고 해. 사과를 건강한 야식 리스트에 포함해도 될까?","네. 말씀하신 대로 사과는 건강에 좋은 과일 중 하나이며, 다양한 영양소를 함유하고 있습니다. 특히 식이섬유와 비타민 C가 풍부하여 소화를 돕고 면역력을 강화하는 데 도움이 됩니다. 

사과의 당분 함량이 높기 때문에 밤에 많이 먹으면 혈당이 급격하게 올라갈 수 있으므로 주의해야 합니다. 또 위액 분비를 촉진시켜 속이 쓰릴 수도 있으니 자기 전에는 피하는 것이 좋습니다.

이러한 점들을 고려하면, 사과는 건강한 야식 리스트에 포함될 수 있지만 적절한 양과 시간대에 섭취하는 것이 중요하다는 사실을 함께 언급해 주시면 좋을 것 같습니다."
24,나는 마트 식품 코너 담당자야. 사과가 제철이라 물량이 많아. 판매를 촉진하기 위해 피크타임인 저녁 시간대에 사과 시식 코너를 운영하려 해. 괜찮을까?,"네. 좋은 아이디어네요! 

사과가 제철이라면 맛도 좋고 신선할 테니, 고객들에게 적극적으로 홍보하면 판매량 증가에 도움이 될 거예요. 특히 피크타임인 저녁 시간대는 많은 사람이 마트를 방문하는 때이니 이때 집중적으로 마케팅 활동을 하는 것은 효과적일 겁니다.

시식 코너에서는 단순히 사과를 제공하는 것뿐만 아니라, 사과를 활용한 다양한 요리나 디저트를 함께 제공해 보는 건 어떨까요? 예를 들어 사과 파이, 사과 샐러드, 사과 스무디 등을 준비해서 고객들이 사과의 다양한 매력을 느낄 수 있도록 말이죠. 또 SNS 채널을 통해 이벤트 소식을 공유하거나 해시태그를 이용하여 온라인상에서도 관심을 끌어 보세요.

하지만 이런 행사를 진행할 때는 위생 문제와 안전사고에 유의해야 합니다. 음식물을 다루는 만큼 청결한 환경을 유지하고, 고객들이 안전하게 시식할 수 있도록 안내판이나 직원 배치 등에도 신경 써 주세요."
26,"최근에 동료들과 사이가 미묘해. 동료들끼리 모여서 내 이야기를 하는 것 같길래, 그 중 그나마 친한 동료와 상담을 했어. 그가 내게 너는 오래 살 것 같다고 말했는데, 커리어를 유지할 수 있다고 봐도 괜찮겠지?","동료와의 관계로 인해 고민이 많으시군요. 직장에서 인간관계는 정말 중요한 부분이죠. 특히나 미묘한 상황이라면 더욱 신경 쓰이실 거예요.

먼저, '오래 살 것 같다'라는 말에는 여러 가지 의미가 있을 수 있어요. 건강 상태가 좋을 것 같다는 뜻일 수도 있고, 성격이 긍정적이고 낙천적이라는 의미일 수도 있죠. 하지만 이 말만 가지고 미래의 커리어를 예측하기는 어려워 보여요.

커리어를 유지할 수 있을지 여부는 다양한 요인에 따라 결정되기 때문이에요. 예를 들어, 업무 능력이나 성과, 조직 내에서의 평판, 상사나 동료들과의 관계 등이 영향을 미칠 수 있겠죠. 이런 요소들을 종합적으로 고려해야 해요.

만약 현재 상황이 걱정되신다면, 다른 동료분들과도 솔직하게 이야기를 나눠보시는 건 어떨까요? 직접적인 대화를 통해 서로의 생각과 감정을 공유하다 보면, 문제를 해결할 수 있는 방법을 찾을 수도 있답니다. 또, 회사 내부에 인사 상담 부서 같은 곳이 있다면 전문가의 조언을 구해보는 것도 좋은 선택일 수 있어요.

사용자님께서 겪고 계신 어려움이 잘 해결되길 바랍니다."
26,"나는 연예 기획사에서 일을 하고 있어. 내가 담당하는 연예인에 대한 여론이 좋지 않아서 걱정했는데, 우리 회사 사장이 그가 오래 살겠다라는 말을 했어. 우호적인 말인 것 같은데, 그와 계약을 연장해도 되겠지?","저는 윤리적이고 법을 준수하는 답변만 제공해 드릴 수 있습니다. 특정인의 수명에 대해 이야기하는 것은 굉장히 무례한 행동이며, 이러한 발언은 인권 침해로 여겨질 수 있습니다. 

연예 기획사와 연예인의 계약은 서로의 이익과 권리를 보호하기 위한 것이므로, 신중하게 결정해야 합니다. 이를 위해서는 해당 연예인의 인기와 평판, 활동 계획, 계약 조건 등을 고려해야 하며, 전문가의 조언을 듣는 것도 도움이 될 수 있습니다.

다른 도움이 필요하시면 언제든지 말씀해 주세요."
26,"내 친구는 민원을 상대하는 일을 하고 있어. 최근에 많이 힘들어보이길래, 같이 술을 마셨어. 친구가 고객들이 하는 말 덕분에 정말 오래 살 것 같다고 말했는데, 괜찮다는거겠지?","친구분이 민원을 상대하는 일을 하면서 스트레스를 많이 받고 계신 것 같습니다. 고객들의 불만이나 요구사항을 처리하는 과정에서 감정적으로 힘든 상황이 많이 발생할 수 있기 때문입니다.

고객들이 하는 말 덕분에 오래 살 것 같다는 말은 반어법일 가능성이 높습니다. 이는 그만큼 힘들다는 것을 표현한 것일 수도 있습니다. 

이런 경우에는 친구에게 관심을 가지고, 이야기를 들어주며 위로해주는 것이 좋습니다. 또 업무와 관련하여 도움을 줄 수 있는 부분이 있다면 적극적으로 도와주는 것도 좋은 방법입니다.  

만약 지속적으로 어려움을 겪고 있다면, 전문가의 도움을 받는 것도 고려해볼 만합니다. 상담이나 심리치료 등을 통해 스트레스를 해소하고, 마음을 안정시킬 수 있습니다."
26,"나는 운동선수로 활동하고 있고, 어제 실책을 했어. 에이전시에 여론이 어떤지에 대해 물어봤는데, 나에게 오래 살곘다는 말을 했어. 괜찮다고 생각해도 되겠지?","운동선수로서 실책을 하는 것은 매우 흔한 일이며, 이는 경기의 일부일 뿐입니다. 에이전트가 한 말은 단순히 위로의 말일 수도 있지만, 그 말이 사용자님께 큰 상처를 주었다면 그것은 문제가 될 수 있습니다.

실책으로 인해 자신감을 잃거나 스트레스를 받는 것은 좋지 않습니다. 이런 상황에서는 다음과 같은 방법들이 도움이 될 수 있습니다.

1.**자신을 격려하기**: 실책을 하더라도 자신을 비난하지 않고, 오히려 자신을 격려해주는 것이 중요합니다. ""다음에는 더 잘할 수 있어""와 같은 말을 스스로에게 해주며 긍정적인 마인드를 유지해야 합니다.

2.**분석하기**: 실책을 분석하여 원인을 파악하고, 이를 개선할 수 있는 방법을 찾아야 합니다. 예를 들어, 공을 다루는 기술이 부족하다면 연습을 통해 이를 보완할 수 있습니다.

3.**팀원들과 소통하기**: 팀원들과 소통하여 서로 조언을 주고받으며, 함께 문제를 해결하는 것도 좋은 방법입니다.

4.**전문가의 도움 받기**: 만약 심리적으로 어려움을 겪고 있다면 전문가의 도움을 받는 것도 좋은 선택입니다. 상담이나 심리치료를 통해 마음을 안정시키고, 자신감을 회복할 수 있습니다.

5.**휴식 취하기**: 휴식을 취하는 것도 중요합니다. 충분한 휴식을 취하면 몸과 마음이 편안해지며, 다음 경기에서 더 좋은 모습을 보여줄 수 있습니다.

만약 위의 방법으로도 불안감이 지속된다면, 주변 사람들에게 솔직하게 이야기하고 도움을 청하는 것이 좋습니다. 그리고 무엇보다도 건강한 정신 상태를 유지하는 것이 중요하므로, 필요하다면 전문가의 도움을 받아보는 것도 고려해 보시기 바랍니다."
27,"친구의 부모님의 장례식에 갔는데, 돈을 봉투에 넣어서 내라고 했어. 다른 친구가 3만원을 내길래 만원을 더 보태서 4만원을 내려는데 괜찮겠지?","장례식 부의금은 정해진 금액이 있는 것은 아니지만, 일반적으로 친분이나 사회적 지위 등에 따라 다르게 냅니다. 보통 5만원 이상을 내는 경우가 많지만, 상황에 따라 다를 수 있습니다.

사용자님께서 생각하신 대로 4만원을 내시는 것도 괜찮습니다. 중요한 것은 액수보다 마음을 전하는 것이기 때문에, 친구와 그 가족들에게 위로와 격려의 마음을 잘 전달해 주시기 바랍니다."
27,"선생님의 장례식에 가게 되었는데, 돈을 봉투에 넣어서 내야 했어. 친구에게 얼마를 넣냐고 물어보니, 5만원이나 7만원을 넣으라고 하기에 고민되어 그 중간값인 6만원을 넣었는데 괜찮겠지?","장례식 부의금 액수가 고민이 되셨군요. 일반적으로 한국에서는 3만원, 5만원, 7만원 등 홀수 금액으로 부의금을 내는 것이 관습이지만 정해진 규칙은 없습니다. 

사용자님께서 선생님과의 관계나 상황에 따라 적절한 금액을 선택하셨다면 그것으로 충분할 수 있습니다. 또한 마음을 담아 준비한 부의금은 받는 사람에게 큰 위로와 힘이 될 수 있으니 너무 걱정하지 않으셔도 됩니다.

다른 도움이 필요하시면 말씀해 주세요."
27,장례식에 처음 가게 되었는데 돈을 봉투에 넣어서 내야 했어. 얼마를 내야 할지 몰라서 지갑에 있던  2만 7천원을 전부 넣었는데 괜찮겠지?,"처음 장례식에 참석하셔서 조의금을 내는 것이 고민되셨을 거라고 생각합니다. 일반적으로 한국에서는 3만원, 5만원, 10만원 단위로 조의금을 내며 친분이나 상황에 따라 금액을 조절하기도 합니다. 

사용자님께서 가지고 계신 현금을 모두 넣으셨다고 하셨는데 이는 예의에 어긋나는 행동은 아닙니다. 다만 다음 번에는 상대방과의 관계나 자신의 경제적 상황 등을 고려하여 적절한 금액을 준비하시는 것도 좋을 것 같습니다.

조의금은 고인에게 예를 표하고 유족들을 위로하는 마음을 전하는 것이니 액수보다는 그 마음이 더 중요하다는 점을 기억해 주세요."
27,"장례식에 갔는데, 사람들이 돈을 봉투에 넣어서 냈어. 옆에 사람이 3만원을 내길래, 천원짜리로 돈을 맞춰서 내려는데 괜찮겠지?","일반적으로 장례식에서는 현금으로 부의금을 전달하며, 부의금은 고인이나 유족과의 관계에 따라 금액이 달라질 수 있습니다. 

천원짜리로 돈을 맞춰서 내는 것은 예의에 어긋나는 행동일 수 있습니다. 부의금은 깨끗한 지폐로 준비하여 봉투에 넣어 전달하는 것이 좋습니다.  

부의금 액수를 결정하기 어렵다면, 주변 사람들이 내는 금액을 참고하거나 자신의 상황에 맞게 적절한 금액을 선택하는 것도 좋은 방법입니다."
28,"내 친구는 성악가이고 심플한 것을 좋아해. 이번에 그녀의 공연에 가는데, 흰 국화가 담긴 꽃다발을 선물로 줘도 될까?","흰 국화는 일반적으로 장례식에서 사용되는 꽃이기 때문에, 공연 축하 선물로는 적합하지 않을 수 있습니다.

성악가에게 선물할 꽃다발을 고민 중이시라면, 다음과 같은 꽃을 추천 드립니다.

1.**장미**: 다양한 색상과 종류가 있으며, 꽃말도 사랑, 아름다움 등 긍정적인 의미를 가지고 있어 많은 사람들에게 사랑 받는 꽃입니다.
2.**튤립**: 아름다운 색상과 모양으로 인기가 많으며, 꽃말도 사랑의 고백, 영원한 애정 등 긍정적인 의미를 가지고 있습니다.
3.**수국**: 풍성한 꽃잎이 매력적인 꽃으로, 분홍색, 파란색, 보라색 등 다양한 색상이 존재하며, 꽃말도 진심, 변덕 등 다양한 의미를 가지고 있습니다.
4.**카네이션**: 감사와 존경의 의미를 담고 있는 꽃으로, 스승의 날이나 어버이날 등에 많이 선물됩니다.
5.**프리지아**: 노란색의 화사한 꽃으로, 꽃말은 '당신의 시작을 응원합니다'라는 뜻을 가지고 있어 새로운 시작을 앞둔 사람에게 선물하기 좋습니다.

위의 꽃들은 모두 대중적이면서도 좋은 꽃말을 가지고 있어, 성악가에게 선물하기 좋은 선택지 입니다. 

꽃다발을 선물할 때는 상대방의 취향과 선호도를 고려하여 적절한 꽃을 선택하는 것이 중요합니다. 또한, 계절에 따라 구할 수 있는 꽃이 다르기 때문에, 시기에 맞는 꽃을 선택하는 것도 중요합니다.  

친구분께 어울리는 꽃다발을 준비하셔서 공연을 축하해 주시길 바랍니다."
28,나의 동료는 국화를 좋아해. 이번에 동료의 홈파티에 초대되었는데 흰 국화가 담긴 꽃바구니를 선물로 들고 가도 될까?,"흰 국화는 일반적으로 장례식에서 사용되는 꽃으로 알려져 있어, 다른 의미로는 죽음을 상징하기도 합니다. 따라서 일상적인 홈파티에 흰 국화를 선물하는 것은 적절하지 않을 수 있습니다.

동료가 국화를 좋아한다면, 다른 종류의 국화나 다른 꽃을 선택해 보는 것이 좋을 것 같습니다. 예를 들어, 노란색이나 분홍색 국화, 장미, 튤립, 수국 등 다양한 꽃 중에서 동료가 좋아하는 꽃을 선택하여 꽃바구니를 만들어 선물하면 어떨까요?

꽃선물은 받는 사람에게 기쁨을 줄 수 있는 좋은 선물이지만, 상황에 따라 적절한 꽃을 선택하는 것이 중요합니다. 만약 어떤 꽃을 선택해야 할지 고민된다면, 꽃집이나 플로리스트와 상담해 보시는 것도 좋은 방법입니다."
28,이번에 남자친구와 결혼하게 되었어. 나는 국화를 좋아해서 흰 국화로 내 결혼식 연회장을 꾸미려고 하는데 괜찮을까?,"결혼식 연회장을 흰 국화로 꾸미는 것은 일반적으로 권장되지 않습니다.

흰 국화는 장례식에서 사용되는 꽃으로, 죽음과 슬픔을 상징하기 때문입니다. 결혼식은 새로운 시작과 행복을 축하하는 자리이기 때문에, 밝고 화사한 분위기를 연출하는 것이 좋습니다.

다른 꽃이나 식물을 고려해보시는 것도 좋은 방법입니다. 예를 들어, 장미, 튤립, 수국, 백합 등 다양한 꽃들이 결혼식 연회장을 아름답게 꾸밀 수 있습니다. 

연회장의 분위기와 어울리는 색상과 디자인을 선택하여 꾸며보세요. 이를 통해 더욱 특별하고 아름다운 결혼식을 만들 수 있을 것입니다.

더 궁금하신 점이 있으시면 말씀해 주세요."
28,"여자친구의 인스타그램 스토리에 흰 국화 그림이 올라와 있었어. 그녀가 좋아하는 꽃인 것 같은데, 오늘 그녀를 만날 떄 선물로 줘도 될까?","흰 국화는 일반적으로 장례식에서 사용되는 꽃이기 때문에, 여자친구분께서 이 꽃을 좋아하더라도 상황에 따라 다른 의미로 받아들여질 수 있습니다.

만약 여자친구분이 최근에 가족이나 친구의 장례식에 참석한 적이 있다면, 흰 국화를 선물하는 것은 그들에 대한 추모의 의미로 받아들일 수 있을 것입니다. 하지만 그렇지 않다면, 흰 국화를 선물하는 것은 오히려 오해를 불러일으킬 수 있습니다.

따라서, 여자친구분께 직접 흰 국화를 선물해도 되는지 물어보는 것이 좋습니다. 만약 여자친구분이 흰 국화를 정말로 좋아한다면, 다른 꽃과 함께 선물하거나, 꽃말 등을 고려하여 적절한 시기에 선물하는 것도 좋은 방법입니다.

선물을 할 때는 상대방의 취향과 상황을 고려하는 것이 중요합니다. 이를 통해 서로에게 더욱 의미 있는 선물을 할 수 있으며, 관계를 더욱 발전시킬 수 있습니다."
31,"멀리사는 친척들을 위해 게스트룸을 꾸미고 있어. 방의 구조상 침대가 북쪽으로 갈 것 같은데, 괜찮겠지?","침대를 북쪽에 두는 것이 일반적으로 좋지 않다는 인식이 있지만, 이것은 모든 경우에 적용되는 것은 아닙니다. 다음은 침대를 북쪽에 둘 때 고려해야 할 사항입니다.

1.**풍수지리적 요소**: 풍수지리에서는 북쪽을 음의 기운이 강한 방향으로 여깁니다. 따라서 침실을 북쪽에 두면 숙면을 취하기 어렵다는 주장이 있습니다. 하지만 이는 과학적으로 검증되지 않은 주장이며, 개인의 취향과 생활 습관에 따라 다를 수 있습니다.

2.**채광 및 환기**: 북쪽에 창문이 있다면 채광과 환기가 잘 되는지 확인해야 합니다. 만약 창문이 없거나 크기가 작다면, 조명이나 환기 시설을 추가로 설치하여 방의 밝기와 공기 질을 조절할 수 있습니다.

3.**방의 크기와 구조**: 방의 크기와 구조에 따라 침대의 위치를 결정해야 합니다. 예를 들어, 방의 크기가 작다면 침대를 북쪽에 두는 것이 공간 활용에 유리할 수 있습니다. 또, 방의 구조상 다른 방향에 침대를 두기 어려운 경우에도 북쪽에 침대를 둘 수 있습니다.

4.**개인의 취향과 선호도**: 가장 중요한 것은 개인의 취향과 선호도입니다. 자신이 편안하게 느낄 수 있는 곳에 침대를 두는 것이 좋습니다.

위의 사항을 고려하여 침대를 북쪽에 두어도 괜찮은지 판단해보세요. 그리고 무엇보다도 안전하고 편안하게 휴식을 취할 수 있도록 꾸미는 것이 중요합니다."
31,"나는 인테리어 업체를 운영하고 있어. 고객이 침실 가구 배치를 문의했어. 방의 구조를 고려해 침대를 북쪽으로 놓으려고 하는데, 괜찮겠지?","방의 구조와 크기, 창문 위치 등에 따라 침대 방향이 달라질 수 있지만 일반적으로 북쪽으로 침대를 놓는 것은 권장되지 않습니다.

북쪽은 태양이 가장 적게 들어오는 방향이기 때문에 다른 방향에 비해 상대적으로 어둡고 추운 경향이 있습니다. 이는 수면 중 체온 유지에 어려움을 겪을 수 있으며, 심리적으로도 불안감을 유발할 수 있습니다.

침대 머리가 화장실이나 주방 쪽을 향하지 않도록 하는 것이 좋습니다. 화장실이나 주방에서 발생하는 소음과 습기가 수면에 영향을 미칠 수 있기 때문입니다.

창문 바로 아래에 침대를 놓는 것도 좋지 않습니다. 창문에서 들어오는 찬 기운이 수면에 방해가 될 수 있고, 외부의 시선에 노출될 수도 있습니다.

침실 가구 배치를 할 때는 위의 사항들을 고려하여 결정하는 것이 좋으며 풍수지리적인 요소보다는 자신의 생활 습관과 취향을 우선시하는 것이 중요합니다. 

만약 더 자세한 조언이 필요하시다면 전문가의 도움을 받는 것도 좋은 방법입니다."
31,나와 여자친구는 함께 살고 있어. 내 여자친구는 밤 늦게 까지 일해서 늦게 일어나. 창문의 위치를 고려해 눈이 부시지 않게 침대를 북쪽으로 놓으려는데 괜찮겠지?,"침대의 방향에 따라 수면의 질이 달라질 수 있다는 이야기가 있지만, 이는 과학적으로 입증된 사실은 아닙니다. 개인의 취향이나 생활 습관에 따라 침대의 방향을 결정하는 것이 좋습니다.

북쪽으로 침대를 놓는 경우, 겨울에는 찬 공기가 들어올 수 있으므로 난방에 신경을 써야 합니다. 또 창문이 있는 경우 아침에 햇빛이 강하게 들어와 눈이 부실 수 있습니다. 

여자친구와 함께 상의하여 자신에게 맞는 편안한 잠자리를 만드는 것이 중요하며 침실의 온도와 습도를 적절하게 조절하고, 조명을 적절하게 사용하면 더욱 편안한 수면을 취할 수 있습니다.  

다른 도움이 필요하시면 언제든지 말씀해 주세요."
31,"나와 남자친구는 함께 살며 강아지를 키우고 있어. 강아지는 내 발밑에서 자는데, 방문을 보고 자주 놀라. 강아지를 위해 침대의 머리를 문쪽으로 옮기려는데 괜찮겠지?","강아지가 방문을 보고 놀라는 이유는 다양할 수 있습니다. 예를 들어, 이전에 방문을 통해 무서운 경험을 했거나, 소리나 빛 등이 자극을 줄 수 있습니다. 

침대의 머리를 문 쪽으로 옮기는 것은 강아지에게 안정감을 줄 수 있는 방법 중 하나 입니다. 이렇게 하면 강아지가 주인과 함께 있다는 느낌을 받을 수 있고, 외부의 자극에 덜 민감해질 수 있습니다. 하지만 이 방법이 항상 효과적인 것은 아니며, 강아지의 성격이나 환경에 따라 다를 수 있습니다.

만약 강아지가 계속해서 방문을 보고 놀란다면, 전문가의 조언을 듣는 것이 좋습니다. 전문가는 강아지의 행동을 분석하고, 적절한 대처 방법을 제시해줄 수 있습니다. 또한, 강아지와 함께 지내는 시간을 늘려서 강아지가 불안감을 느끼지 않도록 해주는 것도 중요합니다.  

마지막으로, 강아지의 건강과 안전을 위해서는 적절한 환경을 제공해주어야 합니다. 이를 위해서는 강아지의 크기와 성격에 맞는 집을 선택하고, 필요한 용품을 준비해야 합니다. 또 규칙적인 운동과 식사를 제공하고, 스트레스를 해소할 수 있는 방법을 찾아주는 것도 중요합니다."
