,prompt,output
0,"나는 호텔에서 일을 하는데, 404호의 한국인 손님이 호실을 바꿔달라고 했어. 왜일까? 손님은 혼자 왔고 룸 컨디션에는 문제가 없었어.","404호의 한국인 손님이 호실을 바꾸고 싶어 한 이유는 아마도 숫자 '4'가 한국에서 불행을 상징하는 숫자로 여겨지기 때문일 수 있습니다. 한국에서는 '사(四)'라는 숫자가 '사(死)' 즉, '죽음'과 발음이 비슷하여 불행한 상징으로 여겨지기 때문에, 한국인 손님이 404호를 피하고자 할 수 있습니다. 호텔에서는 손님의 편의를 위해 다른 호실로 이동해주는 것이 좋을 것 같습니다."
0,"내 친구는 한국인이야. 나는 이사할 집을 찾기 위해 그 친구와 함께 집을 보러 다녀. 44번가의 44번지 집을 사고 싶은데, 친구의 계속 다른 집을 찾아라고 권해. 왜일까? 동네 분위기는 좋은 편이었어.","친구가 계속 다른 집을 찾아보라고 권하는 이유는 44번가의 44번지 집이 위치한 지역이나 건물에 대해 알고 있는 정보가 있을 수 있습니다. 그 정보에 따라서 친구가 다른 집을 추천하는 것일 수도 있습니다. 친구에게 이유를 물어보고, 그 이유를 고려해보는 것도 좋을 것 같아요. 동네 분위기가 좋은 것은 중요하지만, 안전이나 편의성 등 다른 요소들도 함께 고려해야 합니다."
0,"나는 최근에 차를 샀어. 운이 좋게도, 4444 라는 독특한 번호판을 가지게 되었는데, 내 한국인 친구는 표정이 좋지 않아. 왜일까?","아마도 한국에서 숫자 4는 ""사(死)""와 발음이 비슷해서 불행을 상징하는 숫자로 여겨질 수 있습니다. 한국 문화에서 숫자 4는 부정적인 의미를 갖는 경우가 있으므로, 당신의 친구가 그 번호판을 좋아하지 않는 이유일 수 있습니다."
0,"최근에 한국인 친구와 함께 여행을 갔어. 지하철역 캐비넷 44번 칸에 짐을 맡기려는데, 친구가 짐을 넣기를 거부했어. 왜일까? 지하철 역의 치안은 좋은 편이었어.","친구가 짐을 넣기를 거부한 이유는 아마 안전 문제 때문일 수 있습니다. 지하철 역의 치안이 좋다고 해도, 가방을 캐비넷에 넣고 떠나면 도난이나 분실의 위험이 있을 수 있기 때문에 신중한 선택이었을 것입니다. 다음에는 친구와 함께 더 안전한 방법을 찾아보는 것도 좋을 것 같아요."
0,"나는 선풍기를 켜고 자는 것을 좋아해. 그러나 내 한국인 룸메이트는 화를 내면서 자꾸 선풍기를 꺼. 왜일까? 선풍기의 바람은 그녀 쪽으로 가지 않고, 소리도 시끄럽지 않아.","아마도 당신의 한국인 룸메이트는 한국 문화적인 관점에서 선풍기를 켜고 자는 것을 좋아하지 않을 수 있습니다. 한국에서는 선풍기를 켜고 자는 것이 건강에 해로울 수 있다고 믿는 사람들이 있습니다. 이것은 '선풍기 증후군'이라고 불리는 현상으로, 장시간에 걸쳐 선풍기 바람을 직접적으로 받는 것이 몸에 해를 줄 수 있다고 생각합니다. 이러한 이유로 선풍기를 켜고 자는 것을 꺼달라고 요청하는 것일 수 있습니다. 이해해 주시기 바랍니다."
0,"내 집으로 한국인 친구가 놀러왔어. 밤에 자는 모습을 보니 더워보이는 것 같아 선풍기를 켜줬는데, 다음날 아침에 그녀가 화를 냈어. 왜일까? 선풍기 덕분에 그녀는 깨지 않고 잘 잠든 것처럼 보였어.",한국인들은 보통 밤에 선풍기를 켜놓고 자는 것을 좋아하지 않는 경우가 있습니다. 이는 한국에서는 '선풍기를 켜놓고 자면 죽는다'라는 미신이 있기 때문입니다. 이 미신은 선풍기를 켜놓고 자면 목이 메어 숨을 쉬기 어려워져서 사망할 수 있다는 믿음에서 비롯되었습니다. 그래서 한국인들은 선풍기를 켜놓고 자는 것을 꺼립니다. 따라서 친구가 선풍기를 켜놓은 것에 화를 냈을 수 있습니다.
0,"내 남편은 한국인이야. 최근에 아기가 태어났어. 더운날 아기가 땀띠가 날까봐 아기 방에 선풍기를 틀어줬는데, 외출에서 돌아온 남편이 화를 냈어. 왜일까? 아기에게는 아무런 문제가 없었어.",아마도 한국 문화에서는 아기가 선풍기 바람을 맞으면 감기에 걸릴 수 있다고 믿는 경우가 있습니다. 이에 대한 걱정 때문에 남편이 화를 낸 것일 수 있습니다. 한국 문화적인 면을 고려하여 이해해 주시면 좋을 것 같아요.
0,내 할머니는 한국인이야. 우리 집에는 에어컨이 없고 선풍기만 있어. 밤에 할머니가 너무 덥다며 에어컨이 없냐고 하셨어. 선풍기를 켜드리겠다고 했더니 됐다고 하시며 땀을 뻘뻘 흘리며 주무셨어. 왜일까? 다른 사람들은 모두 선풍기를 켜고 잤어.,"할머니가 선풍기를 켜는 대신 에어컨을 원했던 이유는 아마도 선풍기만으로는 충분한 시원함을 느끼지 못했기 때문일 것입니다. 에어컨은 공기를 냉각시켜주기 때문에 빠르게 시원함을 제공해줄 수 있지만, 선풍기는 공기를 움직여주는 역할만 하기 때문에 땀을 많이 흘리는 등의 불편함을 느낄 수 있습니다. 할머니가 다른 사람들과 다르게 선풍기를 켜고 주무신 이유는 이런 차이 때문일 것입니다. 다음에는 할머니가 편안히 주무실 수 있도록 에어컨을 설치해주는 것도 좋은 방법일 것 같습니다."
0,"내 친구는 한국인이야. 다음날 수행 평가를 위해 친구의 집에서 저녁에 피리 연습을 하는데, 그 집의 할머니가 화를 냈어. 시끄럽지는 않았는데, 왜일까? ",아마도 한국 문화에서는 밤에 피리를 연주하는 것이 부적절하다고 여겨질 수 있습니다. 한국에서는 밤에 소음을 일으키는 것을 삼가는 것이 예의에 맞는 행동으로 여겨질 수 있습니다. 할머니가 화를 내신 이유는 이와 관련이 있을 수 있습니다. 다음에는 이러한 점을 고려하여 행동하는 것이 좋을 것 같습니다.
0,"내 친구는 한국인이야. 어제 밤에 친구와 강변공원을 산책했어. 기분이 좋아 휘파람을 불었는데, 친구가 그만하라고 했어. 왜일까? 길에는 사람이 없어서 시끄럽지도 않았고 평소에 친구는 매우 친절해.",친구가 휘파람을 그만하라고 한 이유는 한국에서는 밤에 휘파람을 분다는 것이 부적인 행동으로 여겨질 수 있기 때문일 수 있습니다. 한국 문화에서는 밤에 휘파람을 분다는 것이 유령이나 악령을 부르는 행위로 여겨지기도 합니다. 따라서 친구가 그만하라고 한 것은 주변 사람들에게 불편함을 주지 않기 위해서였을 수도 있습니다. 다음에는 이러한 문화적인 차이를 고려하여 행동하는 것이 좋을 것 같습니다.
0,"한국인인 먼 친척 할머니가 집에 오셨어. 내 피리 연주를 듣고 싶다고 하셨는데, 그날 밤에 연주하려고 하니, 피리는 다음 날에 연주하고 다른 것을 연주하라고 하셨어. 왜일까? 우리 집은 단독 주택이라 소음 문제가 없어.","할머니가 다음 날에 다른 것을 연주하라고 한 이유는 아마도 한국에서는 밤에 피리를 연주하는 것이 부정적인 상징이 될 수 있기 때문일 수 있습니다. 피리는 한국에서 장례식이나 추모식에서 사용되는 악기로, 밤에 연주하는 것은 불길한 상징으로 여겨질 수 있습니다. 따라서 할머니가 다음 날에 다른 악기를 연주하라고 한 것일 수 있습니다. 이러한 문화적인 배경을 고려하여 할머니의 요청에 따라 다음 날에 다른 악기로 연주해보시는 것이 좋을 것 같습니다."
0,"저녁에 한국인인 친구의 집에서 과제를 하며 휘파람을 불었는데, 친구의 언니가 하지 말라고 경고했어. 왜일까? 친구의 언니는 나와 장난을 자주 칠정도로 친한 사이야.","친구의 언니가 휘파람을 부르지 말라고 한 이유는 한국에서는 저녁에 집에서 휘파람을 부르는 것이 적절하지 않은 행동으로 여겨질 수 있기 때문일 수 있습니다. 한국 문화에서는 저녁에 휘파람을 부르는 것이 불쾌하게 느껴질 수 있으며, 주변 사람들에게 불편함을 줄 수 있습니다. 따라서 친구의 언니가 장난기 많은 친구와 친한 사이라고 해도, 한국 문화적인 측면에서 이러한 행동은 삼가시는 것이 좋을 수 있습니다."
0,"내 남자친구는 한국인이야. 남자친구에게 생일선물로 구두를 사줬는데, 표정이 좋지 않았어. 왜일까? 구두는 평소에 그가 필요하다고 말하던 것이었어.","아마도 남자친구가 구두를 선물 받았을 때 표정이 좋지 않았던 이유는, 그가 이미 필요한 구두를 이미 가지고 있거나, 그가 선호하는 스타일이 아니었을 수도 있습니다. 이런 경우에는 그의 취향에 맞는 선물을 고르는 것이 중요할 것 같아요. 다음에는 그의 관심사나 취향을 더 잘 파악해서 선물을 선택해보세요."
0,"내 친구는 한국인이야. 친구의 부탁으로 그녀의 남자친구를 위한 선물을 고르고 있었어. 신발을 추천했는데, 친구가 기분 나빠 하며 집으로 가버렸어. 왜일까? 평소 그녀는 내 패션감각을 신뢰하는 편이야.",친구가 기분 나빠한 이유는 아마도 한국 문화에서 신발은 증오의 상징으로 여겨지기 때문일 수 있어요. 한국인들은 신발을 신체의 가장 낮은 부분으로 여기기 때문에 신발을 선물하는 것은 좋지 않은 의미를 갖을 수 있어요. 다른 선물 아이디어를 찾아보시는 것이 좋을 것 같아요. 혹시 다른 아이디어가 필요하시다면 알려주세요.
0,"내 여자친구는 한국인이야. 여자친구와 쇼핑을 하고 있었어. 그녀가 구두를 마음에 들어 하길래, 내가 사주겠다고 했는데, 그녀가 구두를 자신의 돈으로 구매하고 다른 것을 사달라고 했어. 왜일까? 구두는 비싸지 않았고, 여자친구는 평소에 선물받는 것을 좋아해.",여자친구가 구두를 자신의 돈으로 구매하고 다른 것을 사달라고 한 이유는 아마도 여자친구가 선물을 받는 것을 좋아하기 때문일 것입니다. 그녀는 구두를 받는 것보다 다른 물건을 받는 것이 더 기쁠 수도 있습니다. 여자친구의 취향과 선물을 받는 것에 대한 기쁨을 고려하여 다른 물건을 사주는 것도 좋은 아이디어일 것입니다.
0,"나는 글로벌한 구두 회사의 마케팅 직원이고 한국에서 일하게 되었어. 이번에 프로모션으로 '구두는 연인을 위한 완벽한 선물'이라는 카피라이트를 적었는데, 한국인 동료 직원이 비웃었어. 왜일까?",한국에서는 연인에게 구두를 선물하는 것이 부정적인 의미를 갖을 수 있기 때문일 수 있어요. 한국에서는 구두를 선물하는 것이 부정적인 의미를 갖을 수 있기 때문일 수 있어요. 한국에서는 구두를 선물하는 것이 부정적인 의미를 갖을 수 있기 때문일 수 있어요. 한국에서는 구두를 선물하는 것이 부정적인 의미를 갖을 수 있기 때문일 수 있어요. 한국에서는 구두를 선물하는 것이 부정적인 의미를 갖을 수 있기 때문일 수 있어요. 한국에서는 구두를 선물하는 것이 부정적인 의미를 갖을 수 있기 때문일 수 있어요. 한국에서는 구두를 선물하는 것이 부정적인 의미를 갖을 수 있기 때문일 수 있어요.
0,"내 한국인 팬이 사인을 요청했는데, 빨간펜 밖에 없었어. 사인을 하고, 그의 이름을 적어주려는데, 그가 망설이더니 거절했어. 왜일까? 사인을 되팔 것 같아 보이지는 않았어. ",아마 그 팬은 빨간 펜으로 사인을 받는 것을 원하지 않았을 수도 있습니다. 몇 사람들은 특정 색상의 펜으로 사인을 받는 것을 선호하거나 원하지 않을 수 있습니다. 그의 거절은 그의 개인적인 취향이나 선호도에 따른 것일 수 있습니다. 다음에는 그의 선호를 물어보고 그에 맞게 대응해보는 것이 좋을 것 같습니다.
0,"내 친구는 한국인이야. 친구의 생일에 케이크를 만들어 선물했어. 그녀의 심플한 취향에 맞게 흰색 바탕에 빨간색으로 그녀의 이름을 레터링해줬는데, 표정이 좋지 않았어. 왜일까? 우리는 아직 케이크를 먹기 전이었어.",아마도 친구가 좋아하는 색상이나 디자인이 아니었을 수도 있어요. 친구의 취향을 더 잘 파악하고 그에 맞는 케이크를 준비해보는 것도 좋을 것 같아요. 혹은 그녀에게 물어보고 싶은 이유를 물어보는 것도 좋은 방법일 수 있어요.
0,"나는 한국에서 일하고 있어. 어제 상사가 자리를 비운 사이에 상사를 찾는 전화가 왔었어. 급한 마음에 책상 위에 놓인 빨간색 펜으로 이름과 연락처를 메모를 적었는데, 오늘 상사에게 메모를 전달해주니 크게 화를 냈어. 왜일까? 나는 늦지 않게 메모를 전달했고, 그 메모를 다른 이들에게 보여주지도 않았어.","상사가 화를 낸 이유는 아마도 개인정보 보호 및 기밀 유지에 대한 이유 때문일 것입니다. 상사의 연락처와 이름을 빨간색 펜으로 메모하여 다른 사람이 쉽게 볼 수 있게 된 것이 문제가 될 수 있습니다. 상사는 개인정보가 노출되어 다른 사람에게 전달되었을 가능성을 우려하고 있을 수 있습니다. 따라서, 이러한 상황에서는 민감한 정보를 안전하게 보호하고 기밀을 유지하는 것이 중요합니다. 상사에게 사과하고, 앞으로는 이러한 상황이 발생하지 않도록 주의를 기울이는 것이 좋을 것입니다."
0,"나는 책 표지 디자이너이고 한국에서 일하고 있어. 작가가 빨간색을 포인트 컬러로 사용하기를 원해서 작가의 이름을 빨간 색으로 넣었는데, 상사가 이름만은 다른 색상으로 하라고 해. 왜일까? 우리회사는 디자인과 관련해 별다른 가이드라인이 없고, 상사는 가독성과 디자인에는 문제가 없다고 말했어.","상사가 이름만 다른 색상으로 하라는 이유는 아마도 작가의 이름을 강조하고자 하는 의도일 것입니다. 빨간색은 주목을 끄는 색상으로 사용되기 때문에 작가의 이름을 빨간색으로 표시하면 독자들이 더 잘 알아차릴 수 있을 것입니다. 그러나 상사가 이름만 다른 색상으로 하라는 요청을 한 이유는 작가의 이름을 강조하되, 너무 과도하게 강조하지 않기 위해서일 수도 있습니다. 작가의 이름을 다른 색상으로 표시하면서도 책 표지 전체적으로 균형있는 디자인을 유지할 수 있도록 조절하는 것이 중요할 것입니다. 이러한 상황에서는 상사의 지시에 따라 작가의 이름을 다른 색상으로 조정하여 적절한 디자인을 완성하는 것이 좋을 것입니다."
0,"내 남자친구는 한국인이야. 남자친구와 함께 덕수궁 근처를 갈 일이 있었어. 돌담길을 걸으려는데, 남자친구가 다른 길로 가자고 고집했어. 왜일까? ","아마 남자친구가 다른 길로 가자고 하는 이유는 그가 그 길을 더 잘 알고 있거나, 더 효율적인 길일 수도 있습니다. 또는 그가 특별한 곳을 보여주고 싶거나, 놀라운 경험을 제공하고 싶어서 그럴 수도 있습니다. 그의 선택에 따라 새로운 재미있는 경험을 할 수도 있을 것 같네요!"
0,"나는 여행사 직원이야. 한국인 친구가 궁궐을 중심으로 데이트 코스를 추천해달라고 하기에 덕수궁 돌담길을 추천해줬는데, 다른 친구의 표정이 좋지 않았어. 왜일까? ","덕수궁 돌담길은 한국의 전통적인 분위기를 느낄 수 있는 아름다운 장소이지만, 어떤 사람들에게는 조금 지루하게 느껴질 수도 있습니다. 다른 친구가 표정이 좋지 않았을 수 있는 이유는 그 친구에게는 덕수궁 돌담길이 흥미로운 코스가 아니었거나, 다른 스타일의 데이트를 선호하는 경우일 수도 있습니다. 친구의 취향과 선호도를 고려하여 다양한 코스를 제안해보는 것이 좋을 것 같습니다."
0,"주말에 여자친구와 데이트 코스를 계획하고 있었어. 덕수궁을 가려고 하는데, 내 한국인 친구가 돌담길은 걷지 말라고 했어. 왜일까? ","돌담길은 전통적인 분위기와 아름다움을 느낄 수 있는 곳이지만, 주변에 범죄 발생이나 안전 문제가 있을 수도 있습니다. 한국인 친구가 돌담길을 걷지 말라고 한 이유는 그런 안전 문제 때문일 수도 있습니다. 덕수궁을 방문할 때는 주변 환경을 주의 깊게 살펴보고, 안전을 최우선으로 고려하시는 것이 좋습니다."
0,"한국 드라마를 보는데, 여자 주인공이 덕수궁 돌담길에 데리고 가니 남자 주인공의 표정이 어두워졌어. 왜일까? 둘의 로맨스가 좋았는데, 갑자기 슬픈 분위기가 되는 게 이해가 되지 않아.",아마 남자 주인공이 덕수궁 돌담길에서 여자 주인공과 함께하는 것을 보고 예전에 그곳에서 특별한 추억이 있었거나 불행한 일이 있었기 때문에 어두운 표정을 지었을 수도 있습니다. 이러한 상황은 드라마의 전개를 더욱 흥미롭게 만들기 위한 장치일 수 있습니다. 더 많은 에피소드를 시청하면 그 이유에 대한 설명이 나올 수도 있으니 계속해서 시청해보시는 것을 추천드립니다.
0,"어젯밤 꿈에 돼지가 나왔어. 이상한 꿈이라 기분이 좋지 않았는데, 한국인 친구는 내가 라스베가스에 가야한다고 했어. 왜일까?","꿈은 종종 현실에서 느끼는 감정이나 생각을 반영할 수 있기 때문에, 돼지가 나온 꿈이 기분이 좋지 않았을 수도 있습니다. 라스베가스는 세계적으로 유명한 관광지이며, 한국인 친구가 당신에게 라스베가스에 가야한다고 한 이유는 분명히 꿈 속 이야기일 것입니다. 꿈 해석은 주관적이며 다양한 해석이 있을 수 있기 때문에, 꿈을 통해 어떤 메시지를 받았는지 자세히 생각해보시고, 그에 맞는 해석을 찾아보시는 것을 권장드립니다."
0,"한국인 친구와 점심 식사를 함께 했어. 친구가 어젯밤 꿈에 돼지가 나왔다는 이야기를 하며 좋아했는데, 왜일까? ","친구가 꿈에 돼지가 나왔다고 좋아했을 수 있는 이유는 한국 문화에서 돼지는 풍요와 행운을 상징하는 동물로 여겨지기 때문일 수 있어요. 또한 돼지고기는 한국 음식에서 중요한 재료로 사용되기도 하고, 돼지는 부자와 행운을 상징하는 동물로 여겨지기도 합니다. 그래서 친구가 돼지가 나온 꿈을 좋아했을 수도 있어요."
0,"복권을 사러 갔는데, 한국인인 가게 주인이 내게 돼지 꿈을 꿨냐고 물었어. 무슨 말일까?","가게 주인이 물은 ""돼지 꿈을 꿨냐""는 표현은 한국에서는 행운을 상징하는 표현입니다. 돼지는 풍요와 행운을 상징하는 동물로 여겨지기 때문에, 돼지 꿈을 꾸었다는 것은 행운이 찾아올 것이라는 긍정적인 의미를 가지고 있습니다. 따라서, 가게 주인이 그렇게 물었을 때는 당신에게 행운이 찾아올 것이라는 의미로 받아들일 수 있습니다."
0,"내 아내는 한국인이야. 나는 새로 가게 오픈을 앞두고 있어. 내가 걱정된다고 하니, 아내가 어제 돼지 꿈을 꿨다고 했어. 무슨 말일까?","아내가 어제 돼지 꿈을 꾼다는 것은 길이나 부유함을 상징할 수 있습니다. 돼지는 풍족하고 행복한 삶을 가리킬 수 있으며, 새로운 사업을 시작하는 것과 관련하여 긍정적인 전조일 수 있습니다. 아내가 돼지 꿈을 꾼 것은 새로운 가게 오픈에 대한 행운을 의미할 수도 있습니다. 걱정보다는 긍정적으로 생각해보시는 것이 좋을 것 같습니다."
0,"내 여자친구는 한국인이야. 어제 여자친구와 치킨을 먹었어. 내가 닭날개를 먹으려 했는데, 여자친구가 먹지 못하게 했어. 왜일까? 그녀는 닭날개를 좋아하지도 않고, 내가 닭날개를 좋아한다는 것을 알아.","여자친구가 닭날개를 먹지 못하게 한 이유는 여러 가지일 수 있습니다. 그 중 하나는 여자친구가 닭날개를 좋아하지 않아서일 수 있습니다. 또한, 여자친구가 당신이 좋아하는 음식을 먹지 못하게 한 것은 당신을 위해서라고 생각할 수도 있습니다. 그녀는 당신이 좋아하는 음식을 먹을 수 있도록 하려는 배려심이 있을 수 있습니다. 이러한 상황에서는 서로의 취향을 존중하고 배려하는 것이 중요합니다."
0,"내 아내는 한국인이야. 어제 아내의 부모님의 집에 방문했어. 닭 요리를 먹었는데, 아내의 부모님은 내가 닭날개를 먹지 못하게 했어. 왜일까?",아내의 부모님은 한국 문화에서는 닭날개를 손님에게 제공하는 것을 피하는 경우가 있습니다. 이는 손님에게 더 좋은 부위인 닭다리나 가슴살을 제공하고자 하는 배려의 표현이기도 합니다. 따라서 아내의 부모님은 손님을 대접하기 위해 더 좋은 부위인 닭다리나 가슴살을 제공하고자 한 것일 수 있습니다.
0,"내 남자친구와 내 친구들은 한국인이야. 친구 커플과 더블데이트를 했는데, 친구가 남자들에게 닭날개를 먹지 마라고 했어. 그 이야기에 다들 재미있어 하던데, 무슨 말일까? ","친구가 남자들에게 ""닭날개를 먹지 마라""고 한 말은 사실 한국에서 자주 쓰이는 표현 중 하나입니다. 이 표현은 주로 술자리에서 사용되며, 상대방이 술을 많이 마시지 않도록 주의를 주는 의미로 쓰입니다. 즉, ""너무 술을 마시지 말고 조금만 마셔""라는 뜻이에요. 이 표현은 유머를 담고 있어서 친구들이 재미있어 하던 것 같습니다."
0,"한국의 TV 요리프로그램에 한 부부가 출연했어. 남편이 닭 부위 중에 닭 날개를 가장 좋아한다고 이야기하니, 진행자가 조심해야 겠다고 농담했고 모두가 웃었어. 무슨 말일까?","진행자가 한 부부가 출연한 TV 요리프로그램에서 남편이 닭 날개를 가장 좋아한다고 이야기하자, 진행자가 ""조심해야겠다, 닭 날개가 사라질 수도 있겠네요!"" 라고 농담한 것입니다. 이는 남편이 닭 날개를 좋아한다는 말을 농담으로 받아들여, 닭 날개가 사라질 수도 있다는 장난을 한 것입니다."
0,"내 친구는 한국인이야. 친구에게 둘째 아들이 태어났어. 친구의 첫째 딸이 아이의 위로 지나갔는데, 친구가 크게 화를 냈어. 왜일까? 평소 친구는 딸을 사랑하고, 아이는 다치지 않았어.","친구가 화를 낸 이유는 아마도 한국인 문화에서는 아이의 이름순서가 매우 중요하게 여겨지기 때문일 수 있습니다. 한국인 가족들은 자녀들의 이름순서를 매우 중요하게 생각하며, 특히 둘째 아이가 태어날 때 첫째 아이의 이름순서를 따르는 것이 중요하다고 여깁니다. 그래서 친구가 첫째 딸의 이름순서를 따르지 않았다고 느꼈을 가능성이 있습니다. 이러한 문화적인 측면을 감안하여 친구의 감정을 이해해 주시면 좋을 것 같습니다."
0,"내 아내는 한국인이야. 어제 놀이터에서 아들이 친구들과 장난을 치다가, 다른 아이가 아들 위로 지나갔어. 아내의 어머니가 그것을 보고 아이의 키가 그렇지 않아도 작다면서 걱정했어. 왜일까? 아무도 다치지 않았어. ",아마 아내의 어머니는 다른 아이가 아들 위로 지나갈 때 아들의 키가 작아서 다치지 않을까 걱정했을 것입니다. 작은 아이들이 놀이터에서 뛰놀다가 다른 큰 아이들과 부딪히거나 다치는 경우가 있기 때문에 걱정하는 것이 일반적입니다. 다행히도 아무도 다치지 않았다고 하셨으니 안심하셔도 될 것 같습니다.
0,"내 친척들은 한국인이야. 내 사촌 동생은 장난치기를 좋아해. 사촌동생이 바닥에 누워서 내가 지나가지 못하도록 막아서, 내가 아이 위로 지나갔는데, 친척 할머니가 화를 냈어. 왜일까? 사촌동생은 다치지 않았어.","사촌동생이 바닥에 누워서 지나가지 못하도록 막은 행동은 안전하지 않고 예의가 없는 행동일 수 있습니다. 친척 할머니가 화를 냈을 때는 사촌동생이 아이 위로 누워 있어서 그런 행동을 하지 말라는 것을 알려주기 위해서일 수 있습니다. 사촌동생이 다치지 않았다고 해도, 예의와 안전을 고려하는 것이 중요합니다."
0,내 친구는 한국인이야. 내 친구의 어린 아들은 키가 작아. 내 친구 엄마가 그의 형이 그의 위로 넘어다녀서 그렇다고 불평했어. 무슨 말일까?,"당신의 친구의 어린 아들은 키가 작아서, 친구의 엄마가 그의 형이 그의 위로 넘어다녀서 그렇다고 불평했다는 것은 형이 동생보다 크기 때문에 넘어지면서 동생을 밟았다는 뜻입니다."
0,"내 친구는 한국인이야. 새해에 친구와 사냥을 가서 까치를 잡았는데, 친구의 표정이 좋지 않았어. 왜일까? 친구는 평소 사냥을 즐기는 편이야.","친구가 까치를 잡았는데 표정이 좋지 않다면, 이유는 친구가 한국인이기 때문일 수 있습니다. 한국에서는 까치를 잡는 것이 부적이나 불행을 불러올 수 있다고 믿는 경우가 있습니다. 친구가 평소 사냥을 즐기는 편이라고 해도, 까치는 한국에서 특히나 특별한 의미를 가지고 있을 수 있기 때문에 친구가 불편해하는 것일 수도 있습니다. 이러한 문화적인 차이를 이해해 주시고, 친구의 기분을 존중해 주는 것이 좋을 것 같습니다."
0,"내 친구는 한국인이야. 새해에 친구 집을 방문했는데, 집 앞에 까치들이 모여 있었어. 까치들을 내쫓으려 하는데, 친구가 말렸어. 왜일까? 친구는 평소 새를 아주 싫어해. ","친구가 새를 싫어하므로, 까치들을 내쫓지 않는 것이 친구를 위해서 좋은 선택이었을 것입니다. 까치는 한국에서 행운을 상징하는 새로 여겨지기 때문에, 새해에 까치들이 집 주변에 모이는 것은 길을 잃은 사람들에게 행운을 가져다줄 수 있다고 믿어지기도 합니다. 이러한 이유로 친구가 까치들을 내쫓지 않았을 수 있습니다."
0,"내 친척들은 한국인이야. 새해에 친척 집에서 잤는데, 아침에 까치 소리가 너무 시끄러웠는데, 친척들이 좋아했어. 왜일까? 친척들이 키우는 까치는 아니었어.","친척들이 까치 소리를 좋아하는 이유는 한국 전통 신화와 민속 전설에 까치가 행운과 행복을 상징하는 새로 여겨지기 때문일 수 있습니다. 까치는 한국에서 길고 빠른 날개짓으로 행운을 가져온다고 믿어지며, 새해에 까치 소리를 듣는 것은 행운을 상징한다고 여겨질 수 있습니다. 이러한 민속적인 믿음 때문에 친척들이 까치 소리를 좋아한 것일지도 모릅니다."
0,"내 친구는 한국인이야. 새해를 맞이해 친구가 편지를 보내왔는데, 까치가 그려져있었어. 왜일까? 내가 좋아하는 동물은 까치가 아니야.","친구가 까치를 그린 이유는 아마도 한국에서 까치는 새해를 상징하는 동물로 여겨지기 때문일 것입니다. 한국에서는 까치가 행운과 행복을 상징하는 동물로 여겨지며, 새해에는 까치가 행운을 가져다주는 상징으로 인기가 있습니다. 친구의 의도를 이해하고 감사한 마음으로 받아들이는 것도 좋을 것 같습니다."
0,"내 친구는 한국인이야. 어제 친구의 집 근처에서 아침 산책을 했어. 까마귀 소리 들었는데, 친구 표정이 좋지 않았어. 왜일까?","한국 문화에서 까마귀 소리는 종종 나쁜 징조나 불운을 상징할 수 있습니다. 많은 사람들이 까마귀의 울음소리를 불길하게 여기기 때문에, 친구가 까마귀 소리를 듣고 표정이 좋지 않았을 수 있습니다. 또한 개인적인 믿음이나 경험에 따라 까마귀 소리에 대한 반응이 다를 수 있습니다. 친구가 왜 그런 반응을 보였는지 정확히 알고 싶다면, 친절하게 직접 물어보는 것이 좋을 것 같습니다."
0,내 친척들은 한국인이야. 친척 집에 놀러갔는데.마당에 새들이 모여 있었어. 할머니가 그 모습을 보고 있다가 까마귀가 오니까 돌을 던졌어. 왜일까? ,"할머니가 까마귀에 돌을 던진 이유는, 한국 전통 신화나 민속 전설에 따르면 까마귀는 불길한 징조로 여겨지기도 합니다. 까마귀가 나타나면 불행이나 재앙이 올 것으로 믿는 사람들이 있기 때문에, 할머니가 까마귀를 보고 돌을 던진 것일 수 있습니다. 이는 민속 신화나 믿음에 따른 행동이므로, 할머니의 행동을 이해해 주시기 바랍니다."
0,"한국 영화에서 주인공이 고향 집에 갔는데, 뜬금없이 까마귀가 우는 것을 클로즈업한 장면이 나와. 무슨 의미일까? ","까마귀는 한국 문화에서 불길한 징조로 여겨지는 동물로, 주인공이 고향 집에 돌아왔지만 불길한 일이 일어날 것을 예고하는 상징적인 요소로 사용될 수 있습니다. 이 장면은 주인공의 고향 집에 대한 불안감이나 불길한 예감을 강조하기 위해 사용된 것일 수 있습니다. 또는 주인공의 내면적인 갈등이나 고향에 대한 복잡한 감정을 나타내기 위한 상징적인 장치로 사용될 수도 있습니다. 이러한 상황에 대한 정확한 해석은 영화의 전반적인 맥락과 감독의 의도에 따라 다를 수 있습니다."
0,내 친구는 한국인이야. 오늘 친구가 사고로 크게 다쳤어. 병문안을 온 친구 할머니가 아침에 까마귀가 울었다고 말했어. 무슨 말일까? ,"친구가 사고로 다쳤다는 소식이 안타깝네요. ""까마귀가 울었다""는 표현은 한국에서는 불길한 전조로 여겨질 수 있습니다. 할머니가 까마귀가 울었다고 말한 것은 불길한 일이 일어날 것을 예고하는 것으로 받아들일 수 있습니다. 이런 상황에서는 친구의 빠른 회복을 위해 진심으로 기도해주시는 것이 좋을 것 같습니다."
0,"내 친구는 한국인이야. 시험 결과를 기다리면서 긴장해서 다리 떠는 데, 친구가 하지 못하게 했어. 왜일까?","친구가 긴장해서 다리를 떠는 것을 막은 이유는, 다리를 떠는 행동이 한국에서는 불쾌하게 여겨질 수 있기 때문일 수 있습니다. 한국 문화에서는 다리를 들거나 흔드는 행동이 예의에 어긋나는 것으로 여겨질 수 있으므로, 친구가 그 행동을 하지 못하도록 막은 것일 수 있습니다. 다른 문화 간의 차이 때문에 생기는 오해를 방지하기 위해서는 서로의 문화적인 관습과 예의를 존중하는 것이 중요합니다."
0,"어제 한국인 친구 집에 놀러갔어. 친구 동생이 게임을 하면서 다리 떠는데, 친구의 할머니가 보고 화를 냈어. 왜일까?","친구의 할머니가 동생이 게임을 하면서 다리를 떠는 것을 본 후 화를 낸 이유는 아마도 한국에서는 다리를 떠는 행동이 무례하다고 여겨질 수 있기 때문일 것입니다. 한국 문화에서는 다리를 떠는 행동이 예의에 어긋나는 것으로 여겨지며, 특히 나이 많은 사람들은 이를 더욱 신경쓰는 경우가 많습니다. 이러한 문화적인 차이로 인해 할머니가 화를 낸 것으로 보입니다."
0,"어제 한국 식당에서 한국인으로 보이는 아이가 다리를 떠니, 부모가 다리를 찰싹 때렸어. 왜일까? 아이는 크게 버릇없이 굴지 않았어.","그 상황은 한국 문화에서 자주 볼 수 있는 괜찮은 행동이에요. 한국에서는 아이가 다리를 떠는 행동을 보면, 부모가 그 아이의 성장을 돕기 위해 다리를 찰싹 때리는 것이 일반적인 관습이에요. 이는 아이가 건강하게 자라고 성장하기를 바라는 부모의 마음을 담은 행동이에요. 이러한 행동은 아이에게 예의와 정을 가르치는 것으로 이해될 수 있어요."
0,"내 할머니는 한국인이야. 다이어트를 하려고 일상에서 다리를 떠는 운동을 하고 있었는데, 할머니가 다른 운동을 하라고 하시며 싫어하셨어. 왜일까? 특별히 시끄럽거지는 않았어.","할머니가 다리를 떠는 운동을 싫어하는 이유는 다양할 수 있습니다. 어떤 사람들은 특정 운동을 하기가 불편하거나 싫어하는 경우가 있을 수 있습니다. 할머니가 다리를 떠는 운동을 싫어하는 이유를 정확히 알기 위해서는 할머니에게 직접 이유를 물어보는 것이 가장 좋을 것 같습니다. 할머니가 다른 운동을 선호하는 이유나 선호하는 운동이 무엇인지 알아보고, 그에 맞는 운동을 함께 찾아보는 것도 좋은 방법일 수 있습니다."
0,"내 친척들은 한국인이야. 친척 집에서 홈스테이를 하는데, 친척 할머니가 문지방을 밟지 마라고 했어. 왜일까?","문지방을 밟지 말라는 이유는 한국 전통적인 신앙과 관습에 기인합니다. 한국에서는 문지방을 밟는 것이 불쾌하고 불쾌한 일이라고 여겨지며, 특히 노인들에게 더욱 존중을 표현하기 위해 문지방을 피하는 것이 좋은 예의로 여겨집니다. 이는 한국 문화에서의 예의와 예절에 대한 중요성을 반영한 것입니다."
0,"내 할머니는 한국인이야. 할머니의 다리에 흉터가 있어. 어쩌다가 생겼냐고 하니까, 문지방을 안 밟으려고 하다가 넘어졌다고 했어. 무슨 말일까?","할머니가 문지방을 안 밟으려고 하다가 넘어져서 다리에 흉터가 생겼다는 이야기는, ""문전에서 넘어지다"" 라는 속담을 뜻하는 것 같아요. 이 속담은 어떤 일을 하려다가 실패하거나 어려움을 겪는다는 의미로 사용되는 표현이에요."
0,"내 친척들은 한국인이야. 친척 할머니가 다리를 다쳐서 목발을 짚어야 해. 병원에서 퇴원하고 들어오는데, 문 지방을 밟고 들어오라고 하니까 거부하며 고집을 부렸어. 왜일까?  문지방이 부러질 만큼 약하지는 않아.","친척 할머니가 목발을 짚고 거부하는 이유는 아마도 문지방을 밟는 것이 불편하고 아플 수 있기 때문일 것입니다. 다리를 다쳐서 퇴원한 상태에서는 아무래도 불안정하고 민감할 수 있기 때문에, 할머니가 안전하고 편안하게 이동할 수 있는 방법을 찾아보는 것이 좋을 것 같습니다. 가능하다면 할머니의 의견을 경청하고 협력하여 상황을 개선해보세요."
0,"한국 드라마를 보는데, 할마니가 아이가 문지방을 밟았다고 때리는 장면이 나왔어. 왜일까?  할머니가 아이를 학대하는 것처럼 보여 놀랐어.","할머니가 아이를 때리는 장면이 충격적으로 느껴질 수 있지만, 한국 드라마에서는 가정 내에서의 교육 방식이나 가정 내 폭력을 다루는 경우가 있을 수 있습니다. 이는 한국 사회에서 가족 구조와 교육 방식이 다른 나라와 다를 수 있기 때문입니다. 하지만, 아이 학대는 결코 옳지 않으며, 현실에서는 아동 보호에 대한 법률이 있어 아동 학대를 방지하고 보호하기 위한 노력이 이루어지고 있습니다."
0,"내 할머니는 한국인이야. 밤에 손발톱을 깎으려는데, 할머니가 아침에 하라고 했어. 왜일까? 방안은 그렇게 어둡지도 않았어.",할머니가 밤에 손발톱을 깎지 말라고 한 이유는 한국에서는 밤에 손발톱을 깎으면 재산이 줄어든다고 믿는 전설이 있기 때문일 수 있습니다. 이는 미신이지만 한국 문화에서는 이러한 미신을 존중하는 경우가 있습니다. 할머니의 규칙을 따르는 것이 좋을 것 같습니다.
0,한국인 친구 집에 여행을 갔어. 친구 딸이 저녁에 친구에게 손발톱 깎아달라고 했는데 아침에 해준다고 했어. 왜? 친구는 별로 피곤하지도 않았어.,아마 한국인 문화에서는 밤에 손발톱을 깎는 것이 좋지 않다고 여겨질 수 있습니다. 손발톱을 밤에 깎으면 재빨리 자를 수 있는 손님이 올 것이라는 미신이 있기 때문일 수도 있습니다. 이러한 문화적인 이유로 친구가 아침에 손발톱을 깎아주기로 한 것일 수 있습니다.
0,"내 친구는 한국인이야. 친구가 손톱을 깎고 있었는데, 친구의 언니가 찍찍이라고 쥐소리를 내며 장난을 쳤어. 왜일까? 친구 방은 쥐가 나올 정도로 더럽지는 않았어.","친구의 언니가 손톱을 깎는 소리가 쥐가 나는 소리와 비슷하다고 생각해서 그런 장난을 쳤을 수도 있겠네요. 쥐소리와 손톱을 깎는 소리가 비슷하다는 것은 일반적으로 알려진 사실이기 때문에, 그런 유머를 즐기는 사람들이 있을 수 있습니다. 이러한 상황에서는 친구의 언니가 그냥 장난을 쳤을 뿐이라고 생각할 수 있을 것 같아요."
0,"한국 방송에서 한 연예인과 닮은 사람이 출연했는데, 진행자가 연예인에게 손톱 떨어뜨린 적 없냐고 농담하며 물었어. 무슨 말일까?","진행자가 연예인에게 손톱이 떨어진 적이 없냐고 물어본 것은, 연예인과 닮은 사람이라서 손톱이 떨어진 것처럼 보인 것일 가능성이 있습니다. 이는 농담이며, 실제로 손톱이 떨어진 것이 아니라는 의미일 것입니다."
0,내 룸메이트는 한국인이야. 룸메이트에게 시험날 아침으로 미역국을 끓여줬는데 표정이 좋지 않았어. 왜일까? 미역국은 룸메이트가 평소에 좋아하던 음식이야.,"룸메이트가 미역국을 좋아하지만 표정이 좋지 않았다면, 아마도 시험날 아침에 미역국을 먹기에는 무겁거나 소화하기 어려운 음식일 수 있습니다. 시험 전에는 가벼운 식사를 선호하는 경우가 많기 때문에, 룸메이트가 미역국을 좋아하더라도 그날 아침에는 무겁게 느껴질 수 있습니다. 룸메이트의 선호도를 고려하여 다른 가벼운 음식을 제공해보는 것도 좋은 방법일 수 있습니다."
0,"나는 한국에서 살고 있어. 내 딸은 이번에 중간고사를 쳐. 도시락 메뉴를 고민하고 있는데, 블로그에서 미역국을 시험 도시락으로 해주는 사람을 없을 거라는 말이 있었어. 왜일까?","미역국은 보통 한국인들이 아침이나 점심에 먹는 음식으로, 중간고사 도시락으로는 조금 무겁거나 복잡한 것으로 여겨질 수 있습니다. 미역국은 국물이 많고 뜨거운 음식이기 때문에 보관과 온도 조절이 어려울 수 있고, 냉동 시킨다면 맛이 떨어질 수 있습니다. 따라서 중간고사 도시락으로는 미역국보다는 가벼운 음식이나 쉽게 보관이 가능한 음식을 고르는 것이 좋을 수 있습니다."
0,"내 남자친구는 한국인이야. 남자친구가 이번 주에 시험을 쳐. 남자친구를 위해 미역국 도시락으로 싸주려는데, 내 말을 듣던 친구가 다른 메뉴를 하기를 추천해. 왜일까?","미역국은 한국에서 시험을 볼 때 특히 좋아하는 음식 중 하나이지만, 다른 음식을 시험 전에 먹는 것이 더 좋을 수도 있습니다. 예를 들어, 고기나 채소가 풍부한 음식이나 탄수화물이 많이 든 음식을 먹으면 에너지를 충전할 수 있고 집중력을 높일 수 있습니다. 미역국도 좋지만, 다양한 영양소가 포함된 음식을 고려해보는 것도 좋을 것 같아요."
0,"내 친구들은 한국인이야. 친구들과 한국음식점에 갔는데, 한 친구가 중요한 시험을 앞두고 있다고 미역국은 안 먹는다고 했어. 무슨 말일까?",친구가 중요한 시험을 앞두고 있다고 해서 미역국을 안 먹는다는 것은 한국에서 미역국이 시험을 치르는 사람에게 좋지 않은 영향을 줄 수 있다는 미신을 뜻합니다. 한국에서는 미역국이 시험을 치르는 사람에게 좋지 않은 영향을 줄 수 있다고 믿는 경우가 있습니다. 이는 미역이 미묘한 미묘한 미묘한 미묘한 미묘한 미묘한 미묘한 미묘한 미묘한 미묘한 미묘한 미묘한 미묘한 미묘한 미묘한 미묘한 미묘한 미묘한 미묘한 미묘한 미묘한 미묘한 미묘한 미묘한 미묘한 미묘한 미묘한 미묘한 미묘한 미묘한 미묘한 미묘한 미묘한 미묘한 미묘한 미묘한 미묘한 미묘한 미묘한 미묘한 미묘한 미묘한 미묘한 미묘한 미묘한 미묘한 미묘한 미묘한 미묘한 미묘한 미묘한 미묘한 미묘한 미묘한 미묘한 미묘한 미묘한 미묘한 미묘한 미묘한 미묘한 미묘한 미묘한 미묘한 미묘한 미묘한 미묘한 미묘한 미묘한 미묘한 미묘한 미묘한 미묘한 미묘한 미묘한 미묘한 미묘한 미묘한 미묘한 미묘한 미묘한 미묘한 미묘한 미묘한 미묘한 미묘한 미묘한 미묘한 미묘한 미묘한 미묘한 미묘한 미묘한 미묘한 미묘한 미묘한 미묘한 미묘한 미묘한 미묘한 미묘한 미묘한 미묘한 미묘한 미묘한 미묘한 미묘한 미묘한 미묘한 미묘한 미묘한 미묘한 미묘한 미묘한 미묘한 미묘한 미묘한 미묘한 미묘한 미묘한 미묘한
0,내 친구는 한국인이야. 내가 밥 먹고 누워있으니 친구가 '음메' 라고 소 흉내를 내며 나를 놀렸어. 무슨 의미일까?,친구가 '음메'라고 소 흉내를 내며 놀린 것은 한국어에서 소의 울음소리를 흉내내는 표현입니다. 이는 친근하고 재미있는 방식으로 상대방을 놀리거나 장난치는 행동일 수 있습니다. 이는 친구 사이에서 자주 사용되는 유행어나 속어 중 하나일 수 있습니다.
0,"내 친구는 한국인이야. 친구 집에서 밥을 먹었는데, 소파에 누워있는 친구를 보고 친구 엄마가 '소'라고 잔소리를 했어. 무슨 말일까?",친구 엄마가 '소'라고 잔소리를 한 것은 친구가 밥을 먹고 나서 곧바로 소파에 누워있어서 그랬을 가능성이 높습니다. 소파에 누워있는 모습을 보고는 조금 더 활동적이거나 다른 일을 하라는 의미일 수 있습니다.
0,나는 한국에 살고 있어. 밥 먹고 눕지 말아야 한다는 건강 캠페인 옆에 소그림이 그려져 있었어. 왜일까?,밥을 먹고 바로 눕으면 소화가 잘 되지 않고 소화불량이 생길 수 있기 때문에 밥 먹고 눕지 말라는 건강 캠페인이 있을 수 있습니다. 올바른 소화를 위해서는 밥을 먹은 후에는 적어도 30분 정도는 앉아 있거나 걷는 것이 좋습니다.
0,"나는 한국 회사에 다니고 있고 건강 생활습관 어플을 만들고 있어. 식사 후에 눕는 것을 방지하는 기능을 개발하는데, 디자인 팀에서 소 그림을 그려왔어. 왜일까? 우리 회사의 상징은 소가 아니야.","디자인 팀이 소 그림을 그려왔을 때, 그들이 의도한 바를 이해하기 위해 직접 확인해보시는 것이 좋을 것 같아요. 소 그림이 식사 후에 눕는 것을 방지하는 기능과 연관이 있을 수도 있습니다. 그렇지만 회사의 상징이 소가 아니라면, 다른 아이디어를 고려해보는 것도 좋은 방법일 수 있어요. 협업을 통해 더 나은 디자인을 찾을 수 있을 것입니다."
0,"내 친구는 한국인이야. 친구의 자취방에서 모여앉아 음식을 먹는데, 친구가 밥상의 모서리에 앉지 말라고 했어. 왜일까? 기분이 나빠.","친구가 밥상의 모서리에 앉지 말라는 이유는 한국에서는 밥상의 모서리에 앉는 것이 부족하고 불행을 상징하는 행동으로 여겨지기 때문일 수 있습니다. 한국 문화에서는 밥상을 중요하게 여기고 존중하는 것이 중요하므로, 친구의 요청을 이해하고 존중해주는 것이 좋을 것 같습니다. 함께 식사를 즐기는 것이 중요하니, 친구의 문화적 관습을 존중해주는 것이 좋을 것입니다."
0,"내 남편은 한국인이야. 남편의 부모님과 식당에서 식사를 했어. 자리가 좁아서 아기 의자를 테이블의 코너에 설치해두고 밥을 먹는데, 남편의 부모님의 기분이 좋지 않았어. 왜일까? 밥상의 모서리가 다칠정도로 뾰족하지는 않았어.",식사 중 아기 의자를 테이블 코너에 설치해두는 것은 안전상 좋지 않을 수 있습니다. 남편의 부모님은 아기가 다칠 수 있는 위험이 있을 것이라고 걱정할 수 있습니다. 아기 의자를 안전하게 테이블에 배치하거나 다른 안전한 장소에 이동시키는 것이 좋을 것 같습니다.
0,"내 친구는 한국인이야. 어제 패스트푸드 점에서 식사를 했어. 테이블이 더러운 곳을 피해서 테이블의 모서리에서 햄버거를 먹고 있었는데, 친구가 그러지 말라고 했어. 왜일까?",친구가 그러지 말라고 한 이유는 테이블의 모서리는 보통 가장 더러운 곳이기 때문입니다. 테이블의 모서리는 손이나 다른 물체가 자주 닿는 곳이기 때문에 세균이나 미생물이 많을 수 있습니다. 그래서 식사를 할 때는 가능한 깨끗한 곳을 선택하는 것이 좋습니다.
0,"내 친척들은 한국인이야. 친척집에 식사를 하러 갔어. 모여앉아서 밥을 먹으려는데, 자리가 비좁아서 모서리 쪽으로 자리를 옮겼어. 친척들이 한 목소리로 그러지 말라고 화를 냈는데, 왜일까? ",친척들이 한 목소리로 그러지 말라고 화를 낸 이유는 한국에서는 모서리 자리에 앉는 것이 예의에 어긋나는 행동으로 여겨질 수 있기 때문일 수 있습니다. 한국 문화에서는 모서리 자리는 중요한 손님을 위해 비워두는 것이 좋다고 여겨지기도 합니다. 따라서 친척들이 그러지 말라고 화를 낸 것일 수 있습니다.
0,내 친구는 한국인이야. 나는 면접을 앞두고 긴장이 되어 한숨을 깊게 내쉬었어. 그런데 친구가 하지 말라고 했어. 왜일까? ,친구가 그렇게 말한 이유는 아마 한국에서는 한숨을 깊게 내쉬는 것이 공손하지 않은 행동으로 여겨질 수 있기 때문일 것입니다. 한국 문화에서는 숨을 깊게 내쉬는 것이 부정적인 감정이나 불편함을 나타내는 행동으로 간주될 수 있습니다. 따라서 면접이나 다른 상황에서는 긴장을 풀기 위해 다른 방법을 찾는 것이 좋을 것입니다.
0,"내 친구는 한국인이야. 그는 취업을 준비하고 있는데, 이번에 면접에서 또 떨어졌어. 그런데 친구 엄마가 평소에 너가 한숨을 자주 쉬어서 그렇다고 말했어. 무슨 말일까? ","친구의 엄마가 ""너가 한숨을 자주 쉬어서 그렇다""고 한 말은 친구가 스트레스를 많이 받아서 그런 것일 수도 있습니다. 스트레스는 취업 준비 과정에서 자신감을 흔들 수 있고 면접에서도 영향을 줄 수 있습니다. 친구에게 스트레스 관리 방법을 추천해주거나 함께 이야기를 나누어 보는 것도 도움이 될 수 있을 것입니다. 함께 긍정적인 마음가짐을 유지하고 다시 도전해보도록 격려해 주세요."
0,"나는 한국에서 프로 스포츠 팀에 입단하게 되었어. 존경하는 선수들과 함께 뛰게 되어서 너무 긴장이 되었어. 긴장을 해소하려 입으로 크게 숨을 내쉬었는데, 다른 선수가 화를 내었어. 왜일까?","다른 선수가 화를 내신 이유는 아마도 숨을 내쉬는 행동이 경기나 훈련 중에 다른 선수들에게 방해가 될 수 있기 때문일 것입니다. 스포츠 팀에서는 팀원들 간의 존중과 협력이 중요하기 때문에, 다른 선수들의 행동에 신경을 써야 합니다. 긴장을 해소하고 싶다면 조용히 숨을 내쉬는 것보다는 다른 방법을 찾아보시는 것이 좋을 것 같습니다."
0,"나는 한국에서 가게에서 일을 해. 일이 너무 힘들어서 한숨을 쉬었는데, 매니저가 한숨 쉬지 말라고 했어. 왜일까? 긴장을 해소하려는 것인데, 너무하다는 생각이 들어.",매니저가 한숨 쉬지 말라고 한 이유는 아마도 업무 중에 휴식을 취하는 것이 시간 낭비로 여겨지기 때문일 수 있습니다. 그러나 긴장을 해소하고 휴식을 취하는 것은 업무 효율을 높일 수 있습니다. 매니저와 대화를 통해 상황을 설명하고 이해를 구해보는 것도 좋은 방법일 수 있습니다. 함께 원활한 소통을 통해 해결책을 찾아보세요.
0,"내 친구는 한국인이야. 내 부모님이 돌아가셨는데, 임신 중인 친구가 오지 않는다고 했어. 왜일까? 친구에게 몸 상태가 아프냐고 물어봤는데, 그렇지는 않다고 했어.","친구가 임신 중이고 몸 상태가 아프지 않다면, 다른 이유로 인해 오지 않을 수도 있습니다. 임신 중인 친구가 여행하기 전에 의사와 상의하여 건강에 이상이 없는지 확인하는 것이 좋을 것 같습니다. 또한, 여행 일정이나 다른 사정으로 인해 오지 못하는 이유를 자세히 확인해 보는 것이 좋을 것입니다. 친구의 안전과 건강을 우선으로 생각하여 적절한 조치를 취해 주시기 바랍니다."
0,"나는 임신 중이야. 한국인 친구의 부모님이 돌아가셨는데, 친구가 오지 말라고 했어. 왜일까? 나는 위험한 상태가 아니고, 장례식장과 우리 집의 거리는 멀지 않아.","임신 중이신 상황에서는 친구의 부모님의 장례식에 참석하는 것이 좋지 않을 수 있습니다. 임신 중에는 면역력이 약해져 있어 감염병에 노출될 경우 위험할 수 있습니다. 또한 장례식이나 장례식장은 다수의 사람들이 모이는 장소이기 때문에 감염 위험이 높을 수 있습니다. 따라서 친구의 부탁을 이해하고, 건강과 안전을 우선으로 고려하여 참석 여부를 결정하시는 것이 좋습니다."
0,"한국인 친구의 부모님 장례식에 갔는데, 임신한 친구 아내가 보이지 않았어. 왜일까? 친구와 아내는 이혼하지 않았고 그녀의 건강은 괜찮다고 했어.",아마도 친구의 아내는 임신으로 인해 부모님의 장례식에 참석하기 어려웠을 것으로 생각됩니다. 장례식은 감정적으로 힘든 시간이기 때문에 임신 중인 아내가 휴식을 취하거나 건강을 챙기기 위해 집에 머물러 있는 것일 수 있습니다. 이러한 이유로 인해 장례식에 참석하지 않은 것일 수 있습니다.
0,"내 남편은 한국인이야. 나는 최근에 임신했어. 선생님이 돌아가셔서 장례식에 가려는데, 나의 남편의 부모님이 장례식에 가는 것이 아니라고 해. 왜일까? 내 남편의 부모님은 돌아가신 선생님과 아는 사이가 아니야.","남편의 부모님이 장례식에 참석하지 않기로 한 이유는 그들이 돌아가신 선생님과 아는 사이가 아니기 때문일 수 있습니다. 장례식은 가족이나 친한 지인들이 참석하는 행사이기 때문에, 남편의 부모님이 그와 친분이 없는 분의 장례식에 참석하지 않기로 결정한 것일 수 있습니다. 이해해 주시기 바랍니다."
0,"내 친구는 한국인이야. 친구의 홈파티에서 친구와 크게 다퉜는데, 내가 나가는 것을 본 친구가 집 앞에다가 소금을 쳤어. 무슨 의미일까? 내가 소금을 맞지는 않았어.","친구가 집 앞에 소금을 친다는 행동은 한국에서는 화해의 의미로 이해될 수 있습니다. 소금을 치는 것은 사이를 다시 좋게 하고자 하는 의도를 나타낼 수 있습니다. 따라서 친구가 소금을 친 것은 당신과의 갈등을 해소하고자 하는 의지를 나타낼 수 있습니다. 이러한 행동은 문화적인 차이로 인해 이해하기 어려울 수 있지만, 친구의 의도를 이해하고 상호간의 갈등을 해결하는 데 도움이 될 수 있습니다."
0,"내 친구는 한국인이야. 어제 친구와 한국 음식점을 갔어. 우리가 떠나고 한국인인 가게 주인이 가게 앞에 소금을 쳤는데, 친구가 그것을 보고 분노하며 따졌어. 왜일까?","친구가 분노한 이유는 한국에서는 소금을 쳐서 악을 떼는 행위가 부정적인 의미를 갖고 있기 때문일 수 있습니다. 소금을 쳐서 악을 떼는 행위는 불행을 떼어내는 의미로, 그것을 보는 것이나 경험하는 것이 부정적인 영향을 줄 수 있다고 믿기 때문입니다. 이러한 문화적인 차이 때문에 친구가 분노한 것일 수 있습니다."
0,"내 친척들은 한국인이야. 어제 친구의 장례식에 갔다가 친척집에 들렸어. 내가 장례식에 다녀왔다고 하니, 친척 할머니가 소금을 가져와 몸에 뿌렸어. 왜일까? 내 옷은 더럽지 않았어.","친척 할머니가 소금을 가져와 몸에 뿌린 이유는 장례식에서 돌아온 사람이 죽은 사람의 영혼을 따르지 않도록 하기 위해서일 수 있습니다. 한국 문화에서는 장례식 후에 집에 돌아올 때 소금을 뿌리는 풍습이 있습니다. 소금은 부정을 떨어뜨리고 깨끗하게 만든다는 의미가 있기 때문에, 장례식에서 돌아온 사람이 집에 들어올 때 소금을 뿌리는 것이 일반적입니다. 따라서 친척 할머니가 소금을 뿌린 것은 이러한 전통적인 의미를 따른 것일 수 있습니다."
0,"내 친구는 한국인이야. 나는 가게를 운영해. 어제 어떤 손님이 가게에서 불쾌한 요구를 했어. 친구가 내 이야기를 듣더니, 소금을 뿌려야 한다고 했어. 무슨 말일까? ","당신의 친구가 한국인이라면, 그것은 한국 속담인 ""소금을 뿌려라"" 라는 표현일 것입니다. 이 속담은 불쾌한 상황에서는 차분하고 침착하게 대처해야 한다는 뜻을 가지고 있습니다. 그래서 친구가 그렇게 말씀하신 것일 겁니다. 이 속담을 통해 상황을 잘 다루고 냉정하게 대응하는 것이 중요하다는 교훈을 얻을 수 있습니다."
0,"나는 내일 노래 오디션에 나가. 한국인 친구에게 목소리가 잘 나오지 않아 걱정이라고 했더니, 친구가 날달걀을 줬어. 왜일까? 나는 달걀을 좋아하지 않아.","친구가 달걀을 주었을 때, 그것은 한국에서 행운을 상징하는 것으로 간주될 수 있습니다. 달걀은 한국에서 행운을 가져다주는 상징물로 여겨지기 때문에, 친구가 당신에게 달걀을 준 것은 당신의 노래 오디션에 대한 행운을 바라는 의미일 수 있습니다. 달걀을 좋아하지 않더라도, 친구의 센스있는 의도를 감사히 받아들이는 것도 좋은 방법일 것입니다. 행운을 빌어드립니다!"
0,"내 친구는 한국인이야. 친구가 내일 학교에서 노래를 부르는데, 날달걀을 먹고 있었어. 왜일까? 친구는 역겨워하면서도 먹었어.",친구가 날달걀을 먹은 이유는 아마 목소리를 가볍게 해주기 위해서일 것입니다. 가끔 가수들이 노래를 부를 때 목소리를 가볍게 하기 위해 날달걀을 먹는다고 하죠. 그래서 친구가 역겨워하면서도 먹은 것 같습니다. 친구의 공연이 성공적이길 바랍니다!
0,"어제 한국 방송 프로그램에 가수가 나왔어. 가수가 자신이 예전에는 노래를 잘 부르지 못했다고 하니까, 진행자가 날달걀을 많이 먹었냐고 물어봤어. 무슨 말일까? 다들 이 말을 듣고 웃었어.","진행자가 가수에게 ""날달걀을 많이 먹었냐""고 물어본 것은 가수가 예전에는 못 부르던 노래를 잘 부르게 된 이유가 뭔지 묻는 농담입니다. 날달걀을 많이 먹으면 몸이 좋아진다는 속설이 있어서, 진행자가 그것을 농담으로 활용한 것 같네요. 다들 이 농담에 웃었을 것 같습니다."
0,"한국 드라마에서 주인공이 가수를 준비하는 장면이 나왔어. 그녀는 날달걀을 한 판 먹었는데, 왜일까?","그것은 한국 드라마에서 자주 등장하는 장면 중 하나입니다. 날달걀은 목소리를 가라앉히고 목을 부드럽게 만들어주는 효과가 있다고 여겨지기 때문에, 주인공이 가수로서 목소리를 준비하기 위해 날달걀을 먹는 장면이 나올 수 있습니다."
0,"내 친구는 한국인이야. 친구가 자신의 뱃속의 아기를 '건강이'라고 불러. 실제 이름이냐고 물었는데, 태어나고는 바꾸는 것이라고 해. 무슨 말일까? ","친구가 말한 것은 아마 ""태어나면 이름을 바꾸는 것""을 의미하는 한국의 전통적인 관습인 ""돌이""일 것입니다. 한국에서는 아이가 태어나면 일정한 시기에 돌잔치를 열고, 그때 아이의 이름을 정식으로 지어주는 경우가 많습니다. 이전에는 아이의 이름을 공개하지 않고 '건강이'나 '행복이'와 같은 별명을 사용하는 경우도 있습니다. 이후 돌잔치를 열고 나서 아이의 이름을 정하게 됩니다."
0,"내 친구는 한국인이야. 내가 임신을 했는데, 친구가 태명이 뭐냐고 물어봤어. 무슨 말일까?","친구가 태명이 뭐냐고 물어본다는 것은 친구가 당신의 아이에게 별명을 지어주고 싶다는 의미일 수 있습니다. 한국 문화에서는 아이에게 태명을 지어주는 것이 일반적이며, 이는 아이를 더욱 친근하게 대할 수 있도록 돕는 역할을 합니다. 이러한 상황에서는 친구에게 아이의 태명을 알려주는 것이 좋을 것입니다."
0,내 여자친구는 한국인이야. 여자친구의 집에 놀러갔어. 여자친구의 부모님이 여자친구가 태아일 적 초음파 사진을 보여주면서 '튼튼이'라고 불렀어. 왜일까? 여자친구의 이름은 '튼튼이'가 아니야.,"여자친구의 부모님이 태아일 적 초음파 사진을 보고 '튼튼이'라고 불렀다면, 아마도 그때 태아가 건강하고 강건하게 자라고 있어서 그런 별명을 붙인 것일 수 있습니다. 이는 부모님의 마음가짐에서 오는 애정과 건강에 대한 바람을 나타내는 것이라고 생각됩니다. 여자친구의 이름과는 별개로, 부모님의 마음가짐과 사랑을 이해해주시면 좋을 것 같습니다."
0,"내가 좋아하는 유튜버가 임신을 했고 그녀는 한국인이야. 영상을 보는데, 자신의 아기를 '꼬물이'라고 불러. 왜일까? 실제 이름은 아닐 것 같아.","그 유튜버가 자신의 아기를 '꼬물이'라고 부르는 이유는 아마도 귀여운 단어로 아기를 표현하고 싶어서일 것입니다. '꼬물이'는 한국어로 작은 것을 의미하는 말이기 때문에, 아기를 작고 귀엽게 표현하기에 적합한 표현일 수 있습니다. 이는 실제 이름이 아니라 그냥 애칭으로 사용하는 것일 가능성이 높습니다."
0,"한국인 친구의 아기를 위한 파티에 갔는데, 물건을 나열해두고 아기에게 잡게 했어. 왜일까? 물건들은 장난감도 아니었고, 실이랑 돈, 청진기 같은 것이었어.","아마도 그 파티는 '돌잔치'라고 불리는 한국의 아기의 첫 생일을 축하하는 행사였을 것입니다. 한국에서는 돌잔치에서 아기에게 물건을 잡게 하는 전통적인 의식이 있습니다. 이 물건들은 아기의 미래를 상징하며, 어떤 물건을 잡느냐에 따라 아기의 미래가 좋을 것이라는 믿음이 있습니다. 실은 재능있는 아이를 상징하고, 돈은 부유함을 상징하며, 청진기는 지혜를 상징합니다. 이러한 의식은 한국 문화에서 오랫동안 이어져온 전통 중 하나입니다."
0,"나는 한국 회사에서 일해. 동료가 최근에 아기를 위한 파티를 했는데, 상사가 동료에게 아기가 무엇을 잡았냐고 물어봤어. 무슨 말일까? ","동료가 아기를 위한 파티를 한 것을 상사에게 언급했을 때, 상사가 ""아기가 무엇을 잡았냐?""고 물어본 것은 아마도 아기가 무엇을 선물 받았는지 물어보는 것일 것입니다. 상사가 아기가 받은 선물에 대해 궁금해하는 것으로 보입니다."
0,"내 아내는 한국인이야. 최근에 아기 파티를 했는데, 아내의 부모님은 아기에게 돈을 잡아라고 하고 아내는 실을 잡아라고 했어. 무슨 말일까?","아내의 부모님은 아기에게 돈을 잡아라고 했다면, 이는 아기에게 행운을 빌어주고자 하는 의미일 수 있습니다. 한국에서는 아이들에게 돈을 주는 것이 새해나 생일 등 특별한 날에 행해지는 전통적인 풍습 중 하나입니다. 반면, 아내가 실을 잡아라고 한다면, 이는 아기에게 장수와 건강을 빌어주고자 하는 의미일 수 있습니다. 한국에서는 실을 잡는 행위가 장수와 건강을 상징하는 의미가 있습니다."
0,내 친구는 한국인이야. 최근에 친구가 의대에 합격했어. 친구의 부모님이 친구가 어릴 때 청진기가 아니라 마이크를 잡았는데 의외라고 했어. 무슨 말일까?,"친구의 부모님이 ""의외""라고 한 이유는 아마도 친구가 어릴 때 마이크를 잡는 것이 의사가 되는 것과는 전혀 상관없는 일이라고 생각해서 그랬을 것입니다. 즉, 의사가 되는 것은 예상치 못한 일이었고, 부모님은 그것을 의외하게 생각한 것일 가능성이 있습니다."
0,나는 푸드트럭을 해. 한국인으로 보이는 손님이 편하게 숟가락을 음식에 세로로 꽂아서 줬는데 기분 나빠했어. 왜일까?,한국 문화에서는 숟가락을 음식에 세로로 꽂는 행동은 장례식 때 사용하는 것과 연관이 있어서 불쾌해할 수 있습니다. 한국인 손님들에게는 숟가락을 음식에 세로로 꽂지 않도록 안내해주는 것이 좋을 것 같습니다.
0,"내 친구는 한국인이야. 어제 친구와 도시락을 싸서 피크닉을 갔어. 야외 테이블이 더러워서 도시락에 젓가락을 세로로 꽂아뒀는데, 친구가 기분 나빠 했어. 왜일까? ","친구가 기분 나빠한 이유는 한국에서는 젓가락을 세로로 꽂는 것이 묘한 상황이나 불쾌한 상황을 연상시키기 때문일 수 있습니다. 한국에서는 장롱에 제사상을 올리거나 상을 받았을 때 젓가락을 세로로 꽂는 것이 관례이기 때문에, 이런 행동은 부정적인 의미를 가질 수 있습니다. 다음에는 젓가락을 가로로 놓는 것이 더 적절할 것입니다."
0,"어제 친구와 한국 식당에 갔어. 밥을 먹다가 반찬을 먹으려고 숟가락을 밥에다 꽂아뒀는데, 지나가던 나이든 종업원이 뭐라고 이야기를 했어. 왜일까?",아마 그 종업원은 숟가락을 밥에 꽂아놓는 것이 한국에서는 예의에 어긋나는 행동으로 여겨지기 때문일 것입니다. 한국 문화에서는 숟가락을 밥에 꽂아놓는 것은 물건을 꽂는 행위와 연결돼 불쾌감을 줄 수 있기 때문에 피하는 것이 좋습니다. 종업원은 그 행동을 지적하려고 말씀하신 것일 것입니다.
0,인스타그램에 나의 음식을 자랑하기 위해서 음식에 스푼을 꽂아서 사진을 올렸어. 댓글로 한국인인 사람들이 안좋은 말을 하는데 왜일까? 음식은 먹음직스러워보여.,"그것은 유감스럽습니다. 때때로 사람들은 다른 문화나 관행에 대해 이해하지 못하거나 예민하게 반응할 수 있습니다. 다른 사람들의 의견을 존중하되, 자신의 음식과 문화를 자랑하는 것에 자신감을 가져주시기 바랍니다. 인스타그램에서 긍정적인 댓글과 응원을 받을 수 있도록 노력해보세요."
0,"한국인 친척 집에 놀러갔어. 저녁 식사를 마치고 과일을 먹고 싶냐고 묻길래, 사과를 말했더니 사과는 아침에 먹자며 다른 과일을 추천했어. 왜일까?",사과는 소화가 빠르고 가벼운 음식이기 때문에 아침에 먹는 것이 좋습니다. 저녁에는 소화에 부담이 될 수 있는 과일을 피하는 것이 좋습니다. 그래서 한국인 친척이 다른 과일을 추천한 것일 것입니다.
0,"나의 남편은 한국인이야. 나의 남편의 부모님이 우리 집에 왔어. 저녁 식사를 마치고 과일을 드시고 싶다고 하셔서 사과를 대접했는데, 다른 과일을 달라고 했어. 그리고 아침에 다시 사과를 찾으셨어. 왜일까? 남편 부모님의 기억력에는 문제가 없어.","아마 남편 부모님께서는 사과를 좋아하시는 것 같습니다. 그래서 저녁에 사과를 먹고 싶다고 했고, 아침에도 다시 사과를 찾으셨을 것입니다. 사과를 좋아하시는 것 같네요!"
0,내 할머니는 한국인이야. 나는 저녁 식사 후 사과를 먹는 습관이 있어. 그 습관에 대해 듣더니 할머니가 걱정하며 귤이나 배처럼 다른 과일을 먹으라고 했어. 왜일까? 나는 사과에 알러지가 없어.,"할머니가 귤이나 배를 먹으라고 하는 이유는 다양한 과일을 섭취하는 것이 영양 균형을 유지하고 다양한 영양소를 섭취할 수 있도록 도와줄 수 있기 때문일 수 있습니다. 사과는 비타민 C와 식이섬유가 풍부하지만, 귤이나 배는 다른 비타민과 미네랄을 더 많이 함유하고 있을 수 있습니다. 따라서 할머니는 당신이 더 다양한 영양소를 섭취할 수 있도록 귤이나 배와 같은 다른 과일도 함께 먹는 것을 권장하고 있는 것일 수 있습니다."
0,내 남편은 한국인이야. 남편의 어머니가 과일 바구니를 선물해줬어. 그런데 그중에 사과는 밤에는 먹으면 안된다고 했어. 왜일까?,사과는 밤에 먹으면 소화가 잘 되지 않을 수 있습니다. 또한 사과에 들어있는 성분 중 하나인 에틸렌이 밤에 농도가 높아져 소화기관에 부담을 줄 수 있기 때문에 밤에는 사과를 먹지 않는 것이 좋습니다.
0,"내 친구는 한국인이야. 어제 우산이 없어서 비를 맞았는데, 친구가 대머리가 될 거라고 말했어. 왜일까? 농담인 것은 알지만, 무슨 말인지를 모르겠어.","친구가 우산이 없어서 비를 맞았다고 대머리가 될 거라고 한 이유는, 한국에서는 ""비를 맞으면 대머리가 된다""는 속설이 있기 때문입니다. 이는 물론 믿거나 따르지 않아도 되는 미신이며, 그저 재미있는 속담이라고 생각하면 됩니다. 함께 웃어주는 것이 좋을 것 같네요!"
0,"내 친구는 한국인이야. 어제 친구와 산책을 하는데 비가 엄청 많이 왔어. 몸이 비에 흠뻑 젖은 상태에서 친구가 정수리만은 손으로 가리고 뛰길래, 왜그러냐고 물었어. 친구가 대머리 되기 싫다고 했는데 무슨 말일까?",친구가 비에 젖으면 머리가 다 물들어서 대머리처럼 보일까봐 걱정한 것 같네요. 그래서 정수리만은 손으로 가리고 뛴 것 같아요.
0,"내 할머니는 한국인이야. 최근에 머리가 빠지기 시작했는데, 할머니가 내가 우산을 쓰고 다니지 않아서 그렇다고 말해. 무슨 말일까? 나는 머리를 잘 감고 잘 말리는 편이야.",할머니가 우산을 쓰지 않아서 머리가 빠지는 것은 한국에서 흔히 믿어지는 미신 중 하나입니다. 한국에서는 비를 맞으면 머리가 빠진다고 믿는 사람들이 있어요. 할머니가 그렇게 말한 것은 그런 미신을 믿는 사람들 사이에서 흔히 하는 이야기일 수 있습니다. 하지만 실제로는 우산을 쓰지 않아도 머리가 빠지는 것과는 아무런 관련이 없어요. 머리를 잘 관리하고 건강한 습관을 유지하는 것이 중요합니다.
0,"나는 오래된 포스터를 수집하는 취미가 있어. 최근에 오래된 한국의 환경포스터를 샀는데, 비가 내리는데 대머리가 된 사람이 서있는 그림이었어. 무슨 뜻일까?","그 포스터는 환경 보호와 관련된 메시지를 전달하고 있을 수 있습니다. 대머리가 된 사람은 환경 파괴로 인한 결과를 상징할 수 있습니다. 비가 내리는 것은 자연 환경에 대한 우리의 영향을 나타낼 수 있습니다. 이 포스터는 환경 보호의 중요성을 강조하고, 환경 파괴로 인한 결과에 대해 경각심을 일깨울 수 있는 메시지를 전달하고 있을 것입니다."
0,"한국 TV 프로그램에 연예인들이 나와서 악플에 대해 이야기하고 있었어. 한 연예인이 자신은 오래 살 것 같다고 말했는데, 무슨 말일까? 농담인 것은 알지만 이해가 안 돼","해당 상황에서 연예인이 ""자신은 오래 살 것 같다""는 말은 일반적으로 농담이나 유머로 사용되는 표현입니다. 이는 그가 악플이나 비난에 상처를 받지 않고 긍정적인 마음가짐을 유지하고자 하는 의지를 나타내는 것으로 해석될 수 있습니다. 이는 자신을 위로하거나 상황을 가볍게 다루기 위한 유머로 사용되는 흔한 표현입니다."
0,"내 친구는 한국인이야. 그녀는 텔레마케터이고 긍정적인 마인드를 가지고 있어. 하루는 친구가 나쁜 고객을 만나서 힘든 날을 보냈는데, 자신이 오래 살 것 같다고 말했어. 무슨 말일까? 농담인 것은 알지만 이해가 안 돼.","친구가 ""나 오래 살 것 같다""고 한 말은 일종의 유희적인 표현으로, 힘든 상황에서도 긍정적인 마인드를 유지하고자 하는 의지를 나타내는 것입니다. 이는 실제로 오래 살 것이라는 의미가 아니라, 어려운 일에도 긍정적으로 대처하겠다는 다짐이 담긴 말이에요. 그녀는 텔레마케터로서 힘든 상황에서도 긍정적인 마인드를 유지하고자 하는 의지를 표현한 것이라고 이해하시면 될 것 같아요."
0,"내 친구는 한국인이야. 친구와 함께 그 친구의 상사 욕을 하고 있었어. 충분하다 싶을 만큼 뒷담을 했는데, 친구가 상사가 오래 살 것 같다고 말했어. 무슨 말일까? 농담인 것 같은데, 이해가 안 돼.","친구가 상사가 오래 살 것 같다고 한 말은 일반적으로 그 상사가 오래 살 것 같다는 뜻이 아니라, 그 상사가 오래 회사에서 일할 것 같다는 뜻입니다. 즉, 상사가 회사에서 계속 일할 것이라는 의미일 가능성이 높습니다. 이는 친구가 상사를 비판하고 있음에도 불구하고, 상사가 회사에서 계속 일할 것이라는 뜻으로 받아들일 수 있습니다."
0,"은퇴한 한국인 축구선수가 한국의 토크쇼에 나왔어. 자신이 실책했던 날을 회상하며, 그때 들었던 욕만 해도 100살까지 살 것 같다고 했는데, 무슨 말일까?",그 축구선수는 자신이 들었던 욕을 회상하며 그때의 스트레스와 압박감을 느끼고 있었던 것으로 보입니다. 그래서 그 욕을 듣는 것만으로도 100살까지 살 것 같다는 표현은 그 당시의 정신적인 고통이 얼마나 컸는지를 간접적으로 나타내는 표현입니다.
0,"한국인인 친구의 부모님이 돌아가셔서 장례식에 갔는데, 봉투에 돈을 넣어야 했어. 6만원을 넣으니, 다른 친구가 1만원을 빼서 5만원만 넣었어. 왜일까?","다른 친구가 1만원을 빼서 5만원만 넣은 이유는 아마도 한국에서는 장례식에 봉투에 돈을 넣을 때 일정한 금액을 넣는 것이 관례이기 때문일 것입니다. 6만원을 넣는 것이 예의에 맞는 금액이었지만, 다른 친구가 1만원을 빼서 5만원만 넣은 것은 그 관례에 맞추기 위해서일 것입니다."
0,"친구는 한국인이야. 선생님이 돌아가셔서 친구와 장례식에 다녀왔어. 봉투에 돈을 넣어야 해서, 친구는 8만원, 나는 7만원을 넣었는데, 친구의 부모님이 나에게 잘했다고 하고 친구를 나무랐어. 왜일까?",친구의 부모님은 당신이 친구보다 더 많은 돈을 봉투에 넣어준 것에 감사하셨을 것입니다. 이는 예의를 갖추고 존중하는 행동으로 인정받은 것이라고 생각됩니다.
0,"내 할머니는 한국인이야. 할머니가 돌아시고 난 후, 장례식에서 사람들이 낸 돈을 정산했어. 대부분의 사람이 5만원, 3만원을 냈는데, 어떤 사람이 4만원을 냈어. 친척들이 이상하게 여겼는데, 왜일까?","4만원을 낸 사람이 다른 사람들보다 적은 금액을 낸 것으로 보아, 그 사람이 할머니와 더 가까운 친척이라고 생각할 수 있습니다. 일반적으로 장례식이나 조문 시에는 더 가까운 가족이 더 많은 금액을 기부하는 것이 일반적이기 때문에, 4만원을 낸 사람이 다른 사람들보다 적은 금액을 내서 이상하게 여겼을 수 있습니다."
0,"한국인 친구의 부모님이 돌아가셨는데, 장례식에서 돈을 봉투에 넣어 내야 했어. 금액을 고민하고 있으니, 주변 사람들이 3,5,7 만원을 추천했는데 왜일까?","한국에서 장례식 때 봉투에 넣는 돈의 금액은 일반적으로 홀수로 하는 것이 좋다고 여겨집니다. 홀수는 행운을 상징하며, 죽은 사람의 영혼을 위로하는 데 도움이 된다고 믿기 때문입니다. 그래서 3, 5, 7처럼 홀수인 금액을 추천하는 것이 일반적입니다. 이러한 관례는 한국 문화에서 오랫동안 전해져온 것이니, 이해하고 적절한 금액을 선택해 주시면 될 것 같습니다."
0,"내 친구는 성악가이고 심플한 것을 좋아해. 그녀는 한국인이야. 어제 공연이 끝나고 흰 국화가 담긴 꽃다발을 선물로 줬는데, 표정이 좋지 않았어.  왜일까? 그녀는 다른 사람들과는 잘 지내는 것 같아 보였어.","친구가 성악가이고 심플한 것을 좋아한다면, 흰 국화가 담긴 꽃다발은 그녀에게 좋은 선택이었을 것 같아요. 그러나 그녀가 표정이 좋지 않았다면, 이유가 있을 수 있어요. 어쩌면 그녀가 흰 국화에 대해 부정적인 기억이나 감정을 가지고 있을 수도 있어요. 또는 그녀가 어제의 공연에 대해 실망했거나 피곤해 보일 수도 있어요. 그녀와 솔직하게 대화를 나누어 보면서 그녀의 마음을 이해하고 위로해 주는 것이 좋을 것 같아요. 함께 문제를 해결하고 더 나은 소통을 통해 서로를 이해하는 것이 중요할 것 같아요."
0,"내 동료는 한국인이야. 동료의 파티에 초대되었어. 동료가 흰색을 좋아한다고 해서 흰 국화가 담긴 꽃바구니를 선물로 들고 갔는데, 당황스러워했어. 왜일까? 평소에 그녀는 꽃을 좋아해.","동료가 흰색을 좋아한다고 해서 흰 국화가 담긴 꽃바구니를 선물로 들고 갔지만, 한국에서는 꽃바구니는 장례식이나 추모의 의미로 사용되기 때문에 동료가 당황스러워했을 수 있습니다. 한국에서는 생일 파티나 기념일에는 꽃다발을 선물하는 것이 보편적이니 참고하시면 좋을 것 같아요."
0,"내 친구는 한국인이고 국화를 좋아해. 흰 국화로 꽃다발 선물을 만드려는데, 플로리스트가 망설여. 왜일까? ","플로리스트가 망설이는 이유는 흰 국화가 한국에서는 장례식이나 추모의 의미로 사용되기 때문일 수 있습니다. 한국 문화에서는 특정 꽃이 특별한 의미를 지니기도 하니, 플로리스트가 이를 고려하여 꽃다발을 만들기 위해 망설일 수 있습니다. 이에 대해 친구의 취향과 문화적인 배경을 고려하여 다른 꽃을 함께 활용하거나 다른 색상의 국화를 추가하여 꽃다발을 만들어 볼 수도 있을 것입니다."
0,"나는 한국인과 결혼을 할 예정이야. 나는 국화를 좋아해. 흰 국화로 내 결혼식 연회장을 꾸미려고 하는데, 플로리스트가 말려. 왜일까?",플로리스트가 말려있는 이유는 흰 국화가 한국에서는 장례식이나 추모의 의미로 사용되기 때문일 수 있습니다. 한국에서는 특히 결혼식에서는 붉은 꽃이나 다른 색상의 꽃을 선호하는 경우가 많습니다. 따라서 플로리스트가 흰 국화를 권하지 않는 것일 수 있습니다. 결혼식 연회장을 꾸미는 데 다른 꽃이나 장식을 고려해보는 것도 좋은 방법일 수 있습니다.
0,내 친척들은 한국인이야. 올해 나는 29살이야. 친척 할머니가 올해 조심하라는 이야기를 하시는데 왜일까?,"친척 할머니가 조심하라는 이야기를 하는 이유는 아마 2022년인데, 한국에서는 만 나이가 아닌 한국식 나이를 사용하기 때문일 것입니다. 한국식 나이는 태어난 해를 1살로 산정하고, 새해가 오면 한 살을 더 먹는 방식으로 계산됩니다. 따라서 한국식으로는 올해 29살이지만, 만 나이로는 아직 28살이기 때문에 할머니가 조심하라는 이야기를 하는 것일 수 있습니다."
0,"39살 생일에 한국인 친구가 편지를 보내왔어. 올해는 각별히 건강을 조심하고 차를 조심하라고 하는데, 왜일까?","한국 문화에서는 39살을 '마흔'이라고 부르는데, 이는 '마음이 흔들린다'는 뜻을 가지고 있습니다. 이는 40세가 되면 새로운 인생의 시작이라고 여기기 때문에, 39세에는 건강과 안전에 특히 신경을 써야 한다는 의미가 담겨 있을 수 있습니다. 이러한 관례로 인해 한국인 친구가 건강과 안전에 대해 특별한 주의를 당부한 것일 수 있습니다."
0,"최근에 직장의 일이 잘 풀리지 않았어. 한국인 친구가 내가 29살이라서 그런 것 같다는 말을 했는데, 무슨 말일까?","아마 그 친구는 한국에서는 30세가 되면 인생의 새로운 단계로 인식되어, 29세라는 나이가 일이 잘 안 풀리는 이유로 연관되었다고 생각한 것일 수 있습니다. 그러나 나이가 일의 성공에 직접적인 영향을 미치는 것은 아니니 걱정하지 마세요. 중요한 것은 자신의 능력과 노력으로 일을 잘 처리하는 것이죠. 계속 노력하고 긍정적으로 생각해보세요!"
0,"내 친구는 한국인이야. 친구가 최근에 차 사고가 났어. 병문안을 온 할머니가 39살이라서 그렇다고, 나도 조심하라고 하셨는데 무슨 말일까?",친구가 차 사고를 당해서 병문안을 온 할머니가 39살이라는 이야기는 한국에서 흔히 쓰이는 표현 중 하나입니다. 이는 한국에서는 39살을 의미하는 '삼구삼'이라는 숫자가 죽음을 의미하는 숫자 '삼구삼'과 발음이 비슷해서 사람들이 조심하라는 의미로 사용하는 표현입니다. 따라서 할머니가 이렇게 말씀하신 것은 친구가 사고를 당했으니 조심하라는 의미로 받아들일 수 있습니다. 함께 조심하고 안전운전하세요.
0,"내 친구는 한국인이야. 내가 어제 슬픈 일이 있어서 울고 있었는데, 친구가 위로를 해줘서 웃을 수 있었어. 친구가 엉덩이에 털 난 거 아니냐고 말했는데, 무슨 말일까. 농담인 것은 알지만 이해가 안 돼. ","친구가 ""엉덩이에 털 난 거 아니냐""고 말한 것은 아마 농담이었을 것입니다. 이 표현은 보통 친밀한 사이에서 사용되며, 상대방이 우울한 상태일 때 웃음을 유발하기 위해 사용될 수 있습니다. 이러한 농담은 상황에 따라 적절한 타이밍과 분위기에서 사용되어야 합니다. 이해가 안 된다면 친구에게 다시 한 번 물어보거나, 이 농담이 어떤 의미인지 설명해 달라고 요청해 볼 수 있을 것입니다."
0,"어제 아들이 계속 칭얼거리며 울었는데, 지나가는 할머니가 사탕 하나를 주니 울음을 뚝 그치고 웃었어. 할머니가 웃으면서 엉덩이에 뿔난다고 했는데, 무슨 말일까? 할머니는 한국인으로 보였어.","할머니가 ""엉덩이에 뿔난다""는 표현은 한국에서 자주 쓰이는 표현 중 하나로, 어린 아이가 울다가 웃게 되면서 기분이 좋아졌다는 뜻을 가지고 있어요. 이는 아이가 기분이 나빴다가 갑자기 기분이 좋아져서 엉덩이에 뿔이 난다는 비유적인 표현입니다. 할머니가 이렇게 말한 것은 아이가 사탕을 받아서 기분이 좋아져서 웃게 되었기 때문일 것입니다."
0,"어제 한국 토크쇼에서 연예인이 자신의 무명시절을 회상하며 눈물을 흘렸어. 그러다 진행자의 농담에 웃었는데, 다른 연예인이 엉덩이에 뿔 난다고 말했어. 무슨 말일까?","""엉덩이에 뿔 난다""는 표현은 주로 누군가가 자만심을 부리거나 거만한 태도를 보일 때 사용되는 비유적인 표현입니다. 이는 상대방을 비웃거나 비판하는 의미를 담고 있습니다."
0,"나는 한국에서 직장을 다니고 있어. 오늘은 내 생일이야. 직장에서 아무도 축하인사를 건네지 않길래, 슬퍼서 울었는데, 동료들이 깜짝 파티를 준비했던 거야. 내가 활짝 웃었더니, 동료가 엉덩이에 털 난다고 말했어. 무슨 말일까?","동료가 ""엉덩이에 털 난다""고 말한 것은 한국에서 생일 축하의 의미로 사용되는 표현입니다. 이는 생일 축하를 의미하는 표현으로, ""축하해""라는 의미를 가지고 있습니다. 생일 축하를 의미하는 다양한 표현 중 하나이니, 동료들이 당신을 축하하고 싶어했던 것을 나타내는 것입니다. 생일 축하드립니다!"
0,"내 친구는 한국인이야. 친구가 내 기숙사를 방문했어. 침대가 놓인 방향을 보더니, 문쪽이라고 걱정했어. 왜일까?",침대가 문 쪽을 향하고 있다면 한국 문화에서는 죽은 사람을 눕히는 것과 연관이 있기 때문에 걱정할 수 있습니다. 한국 문화에서는 죽은 사람을 눕히는 것과 같은 행동을 피하기 위해 침대를 문 쪽이 아닌 다른 방향으로 놓는 경우가 있습니다. 이러한 문화적인 배경 때문에 친구가 걱정했을 수도 있습니다.
0,"나는 인테리어 업체를 운영하고 있어. 한국인 고객과 인테리어 상담을 하면서 공간의 효율적인 배치를 위해 문쪽으로 침대를 두게 했더니, 고객의 표정이 좋지 않았어. 왜일까?",문쪽으로 침대를 두는 것은 한국 문화에서 사망을 상징하는 행위로 여겨질 수 있습니다. 한국 문화에서는 침대를 문 쪽에 두는 것을 피하는 것이 좋습니다. 이러한 문화적인 관습을 고려하여 인테리어 상담 시에는 고객의 문화적인 배경을 고려하여 공간을 배치하는 것이 중요합니다.
0,"내 친척들은 한국인이야. 친척 할머니가 우리집에 왔어. 게스트룸의 방향을 물어보더니, 침대의 반대 방향에서 주무셨어. 왜일까? 참고로 게스트룸의 침대 방향은 북쪽이었어.","친척 할머니가 침대의 반대 방향에서 주무신 이유는 아마 한국 문화적인 이유 때문일 수 있어요. 한국인들은 전통적으로 머리를 북쪽 방향으로 두고 자는 것을 선호하는 경우가 많아요. 이는 동양의 방향론에서 오는 관념으로, 북쪽은 좋은 흐름과 에너지가 흐르는 방향으로 여겨져서 그럴 수 있어요. 그래서 게스트룸의 침대가 북쪽을 향하고 있기 때문에, 친척 할머니가 침대의 반대 방향에서 주무신 것 같아요."
0,"내 친구는 한국인이야. 친구의 집을 방문했어. 침대의 위치가 이상해서 바꾸라고 했더니, 내가 말한 방향은 북쪽이라고 했어. 무슨 말일까?","침대의 위치를 바꿀 때 북쪽이라고 한다면, 침대를 남쪽으로 돌리는 것을 의미합니다. 북쪽을 향하고 있던 침대를 반시계 방향으로 180도 돌리면 남쪽을 향하게 됩니다."
