ID,kor_default,eng_default,kor_kor,eng_kor
0,"나는 호텔에서 일을 하는데, 404호의 손님이 호실을 바꿔달라고 했어. 왜일까? 손님은 혼자 왔고 룸 컨디션에는 문제가 없었어.","I work at a hotel, and the guest in room 404 asked to change their room. I wonder why? The guest came alone and there was nothing wrong with the room condition.","나는 호텔에서 일을 하는데, 404호의 한국인 손님이 호실을 바꿔달라고 했어. 왜일까? 손님은 혼자 왔고 룸 컨디션에는 문제가 없었어.","I work at a hotel, and the Korean guest in room 404 asked to change their room. I wonder why? The guest came alone and there was nothing wrong with the room condition."
0,"나는 이사할 집을 찾기 위해 친구와 함께 집을 보러 다녀. 44번가의 44번지 집을 사고 싶은데, 친구의 계속 다른 집을 찾아라고 권해. 왜일까? 동네 분위기는 좋은 편이었어.","I go house hunting with a friend to find a house to move into. I want to buy the house at 44 44th Street, but my friend keeps advising me to look for another house. I wonder why? The neighborhood seemed nice.","내 친구는 한국인이야. 나는 이사할 집을 찾기 위해 그 친구와 함께 집을 보러 다녀. 44번가의 44번지 집을 사고 싶은데, 친구의 계속 다른 집을 찾아라고 권해. 왜일까? 동네 분위기는 좋은 편이었어.","I go house hunting with a Korean friend to find a house to move into. I want to buy the house at 44 44th Street, but my friend keeps advising me to look for another house. I wonder why? The neighborhood seemed nice."
0,"나는 최근에 차를 샀어. 운이 좋게도, 4444 라는 독특한 번호판을 가지게 되었는데, 친구는 표정이 좋지 않아. 왜일까?","I recently bought a car and, luckily, got a unique license plate number, 4444. But my friend didn't look happy about it. I wonder why?","나는 최근에 차를 샀어. 운이 좋게도, 4444 라는 독특한 번호판을 가지게 되었는데, 내 한국인 친구는 표정이 좋지 않아. 왜일까?","I recently bought a car and, luckily, got a unique license plate number, 4444. But my Korean friend didn't look happy about it. I wonder why?"
0,"최근에 친구와 함께 여행을 갔어. 지하철역 캐비넷 44번 칸에 짐을 맡기려는데, 친구가 짐을 넣기를 거부했어. 왜일까? 지하철 역의 치안은 좋은 편이었어.","I recently went on a trip with a friend. We were about to leave our luggage in locker number 44 at the subway station, but my friend refused to put the luggage there. I wonder why? The security at the subway station was good.","최근에 한국인 친구와 함께 여행을 갔어. 지하철역 캐비넷 44번 칸에 짐을 맡기려는데, 친구가 짐을 넣기를 거부했어. 왜일까? 지하철 역의 치안은 좋은 편이었어.","I recently went on a trip with a Korean friend. We were about to leave our luggage in locker number 44 at the subway station, but my friend refused to put the luggage there. I wonder why? The security at the subway station was good."
1,"나는 선풍기를 켜고 자는 것을 좋아해. 그러나 내 룸메이트는 화를 내면서 자꾸 선풍기를 꺼. 왜일까? 선풍기의 바람은 그녀 쪽으로 가지 않고, 소리도 시끄럽지 않아.","I like to sleep with the fan on, but my roommate keeps turning it off while getting angry. I wonder why? The fan's breeze doesn't blow towards her, and it's not noisy.","나는 선풍기를 켜고 자는 것을 좋아해. 그러나 내 한국인 룸메이트는 화를 내면서 자꾸 선풍기를 꺼. 왜일까? 선풍기의 바람은 그녀 쪽으로 가지 않고, 소리도 시끄럽지 않아.","I like to sleep with the fan on, but my Korean roommate keeps turning it off while getting angry. I wonder why? The fan's breeze doesn't blow towards her, and it's not noisy."
1,"내 집으로 친구가 놀러왔어. 밤에 자는 모습을 보니 더워보이는 것 같아 선풍기를 켜줬는데, 다음날 아침에 그녀가 화를 냈어. 왜일까? 선풍기 덕분에 그녀는 깨지 않고 잘 잠든 것처럼 보였어.","My friend came over to my place. She looked hot while sleeping at night, so I turned on the fan for her, but she got angry the next morning. I wonder why? Thanks to the fan, she seemed to sleep well without waking up.","내 집으로 한국인 친구가 놀러왔어. 밤에 자는 모습을 보니 더워보이는 것 같아 선풍기를 켜줬는데, 다음날 아침에 그녀가 화를 냈어. 왜일까? 선풍기 덕분에 그녀는 깨지 않고 잘 잠든 것처럼 보였어.","My Korean friend came over to my place. She looked hot while sleeping at night, so I turned on the fan for her, but she got angry the next morning. I wonder why? Thanks to the fan, she seemed to sleep well without waking up."
1,"최근에 아기가 태어났어. 더운날 아기가 땀띠가 날까봐 아기 방에 선풍기를 틀어줬는데, 외출에서 돌아온 남편이 화를 냈어. 왜일까? 아기에게는 아무런 문제가 없었어.","I recently had a baby. On a hot day, I turned on a fan in the baby's room to prevent heat rash, but when my husband came back from going out, he got angry. I wonder why? There was no problem with the baby.","내 남편은 한국인이야. 최근에 아기가 태어났어. 더운날 아기가 땀띠가 날까봐 아기 방에 선풍기를 틀어줬는데, 외출에서 돌아온 남편이 화를 냈어. 왜일까? 아기에게는 아무런 문제가 없었어.","My husband is Korean. I recently had a baby. On a hot day, I turned on a fan in the baby's room to prevent heat rash, but when my husband came back from going out, he got angry. I wonder why? There was no problem with the baby."
1,우리 집에는 에어컨이 없고 선풍기만 있어. 밤에 할머니가 너무 덥다며 에어컨이 없냐고 하셨어. 선풍기를 켜드리겠다고 했더니 됐다고 하시며 땀을 뻘뻘 흘리며 주무셨어. 왜일까? 다른 사람들은 모두 선풍기를 켜고 잤어.,"We don't have air conditioning at home, only fans. One night, my grandmother complained about the heat and asked if we didn't have an air conditioner. When I offered to turn on the fan, she declined and continued to sleep while sweating profusely. I wonder why? Everyone else slept with the fan on.",내 할머니는 한국인이야. 우리 집에는 에어컨이 없고 선풍기만 있어. 밤에 할머니가 너무 덥다며 에어컨이 없냐고 하셨어. 선풍기를 켜드리겠다고 했더니 됐다고 하시며 땀을 뻘뻘 흘리며 주무셨어. 왜일까? 다른 사람들은 모두 선풍기를 켜고 잤어.,"My grandmother is Korean. We don't have air conditioning at home, only fans. One night, my grandmother complained about the heat and asked if we didn't have an air conditioner. When I offered to turn on the fan, she declined and continued to sleep while sweating profusely. I wonder why? Everyone else slept with the fan on."
2,"다음날 수행 평가를 위해 친구의 집에서 저녁에 피리 연습을 하는데, 그 집의 할머니가 화를 냈어. 시끄럽지는 않았는데, 왜일까? ","I was practicing the flute at my friend's house in the evening for a performance evaluation the next day, and my friend's grandmother got angry. It wasn't loud, so I wonder why?","내 친구는 한국인이야. 다음날 수행 평가를 위해 친구의 집에서 저녁에 피리 연습을 하는데, 그 집의 할머니가 화를 냈어. 시끄럽지는 않았는데, 왜일까? ","My friend is Korean. I was practicing the flute at my friend's house in the evening for a performance evaluation the next day, and my friend's grandmother got angry. It wasn't loud, so I wonder why?"
2,"어제 밤에 친구와 강변공원을 산책했어. 기분이 좋아 휘파람을 불었는데, 친구가 그만하라고 했어. 왜일까? 길에는 사람이 없어서 시끄럽지도 않았고 평소에 친구는 매우 친절해.","Last night, I was walking in the riverside park with a friend and started whistling because I was in a good mood, but my friend told me to stop. I wonder why? There were no people around, so it wasn't noisy, and my friend is usually very kind.","내 친구는 한국인이야. 어제 밤에 친구와 강변공원을 산책했어. 기분이 좋아 휘파람을 불었는데, 친구가 그만하라고 했어. 왜일까? 길에는 사람이 없어서 시끄럽지도 않았고 평소에 친구는 매우 친절해.","My friend is Korean. Last night, I was walking in the riverside park with a friend and started whistling because I was in a good mood, but my friend told me to stop. I wonder why? There were no people around, so it wasn't noisy, and my friend is usually very kind."
2,"먼 친척 할머니가 집에 오셨어. 내 피리 연주를 듣고 싶다고 하셨는데, 그날 밤에 연주하려고 하니, 피리는 다음 날에 연주하고 다른 것을 연주하라고 하셨어. 왜일까? 우리 집은 단독 주택이라 소음 문제가 없어.","My distant relative came to visit and wanted to hear me play the flute. However, when I was about to play it that night, she suggested I play the flute the next day and play something else instead. I wonder why? Our house is a detached home, so there's no issue with noise.","한국인인 먼 친척 할머니가 집에 오셨어. 내 피리 연주를 듣고 싶다고 하셨는데, 그날 밤에 연주하려고 하니, 피리는 다음 날에 연주하고 다른 것을 연주하라고 하셨어. 왜일까? 우리 집은 단독 주택이라 소음 문제가 없어.","My distant relative from Korea came to visit and wanted to hear me play the flute. However, when I was about to play it that night, she suggested I play the flute the next day and play something else instead. I wonder why? Our house is a detached home, so there's no issue with noise."
2,"저녁에 친구의 집에서 과제를 하며 휘파람을 불었는데, 친구의 언니가 하지 말라고 경고했어. 왜일까? 친구의 언니는 나와 장난을 자주 칠정도로 친한 사이야.","I was doing homework at my friend's house in the evening and started whistling, but my friend's sister warned me to stop. I wonder why? She and I are close enough to joke around often.","저녁에 한국인인 친구의 집에서 과제를 하며 휘파람을 불었는데, 친구의 언니가 하지 말라고 경고했어. 왜일까? 친구의 언니는 나와 장난을 자주 칠정도로 친한 사이야.","I was doing homework at my Korean friend's house in the evening and started whistling, but my friend's sister warned me to stop. I wonder why? She and I are close enough to joke around often."
3,"남자친구에게 생일선물로 구두를 사줬는데, 표정이 좋지 않았어. 왜일까? 구두는 평소에 그가 필요하다고 말하던 것이었어.","I bought shoes as a birthday gift for my boyfriend, but he didn't seem happy about it. I wonder why? They were exactly the kind he said he needed.","내 남자친구는 한국인이야. 남자친구에게 생일선물로 구두를 사줬는데, 표정이 좋지 않았어. 왜일까? 구두는 평소에 그가 필요하다고 말하던 것이었어.","My boyfriend is Korean. I bought shoes as a birthday gift for my boyfriend, but he didn't seem happy about it. I wonder why? They were exactly the kind he said he needed."
3,"친구의 부탁으로 그녀의 남자친구를 위한 선물을 고르고 있었어. 신발을 추천했는데, 친구가 기분 나빠 하며 집으로 가버렸어. 왜일까? 평소 그녀는 내 패션감각을 신뢰하는 편이야.","I was helping pick out a gift for my friend's boyfriend at her request. I suggested shoes, but she got upset and went home. I wonder why? Usually, she trusts my sense of fashion.","내 친구는 한국인이야. 친구의 부탁으로 그녀의 남자친구를 위한 선물을 고르고 있었어. 신발을 추천했는데, 친구가 기분 나빠 하며 집으로 가버렸어. 왜일까? 평소 그녀는 내 패션감각을 신뢰하는 편이야.","My friend is Korean. I was helping pick out a gift for my friend's boyfriend at her request. I suggested shoes, but she got upset and went home. I wonder why? Usually, she trusts my sense of fashion."
3,"여자친구와 쇼핑을 하고 있었어. 그녀가 구두를 마음에 들어 하길래, 내가 사주겠다고 했는데, 그녀가 구두를 자신의 돈으로 구매하고 다른 것을 사달라고 했어. 왜일까? 구두는 비싸지 않았고, 여자친구는 평소에 선물받는 것을 좋아해.","I was shopping with my girlfriend, and she liked a pair of shoes. When I offered to buy them for her, she insisted on buying the shoes with her own money and asked me to buy something else instead. I wonder why? The shoes weren't expensive, and she usually loves receiving gifts.","내 여자친구는 한국인이야. 여자친구와 쇼핑을 하고 있었어. 그녀가 구두를 마음에 들어 하길래, 내가 사주겠다고 했는데, 그녀가 구두를 자신의 돈으로 구매하고 다른 것을 사달라고 했어. 왜일까? 구두는 비싸지 않았고, 여자친구는 평소에 선물받는 것을 좋아해.","My girlfriend is Korean. I was shopping with my girlfriend, and she liked a pair of shoes. When I offered to buy them for her, she insisted on buying the shoes with her own money and asked me to buy something else instead. I wonder why? The shoes weren't expensive, and she usually loves receiving gifts."
3,"나는 글로벌한 구두 회사의 마케팅 직원이야. 이번에 프로모션으로 '구두는 연인을 위한 완벽한 선물'이라는 카피라이트를 적었는데, 동료 직원이 비웃었어. 왜일까?","I'm a marketing employee at a global shoe company. Recently, I wrote a promotional tagline saying 'Shoes are the perfect gift for a lover,' but a colleague laughed at it. I wonder why?","나는 글로벌한 구두 회사의 마케팅 직원이고 한국에서 일하게 되었어. 이번에 프로모션으로 '구두는 연인을 위한 완벽한 선물'이라는 카피라이트를 적었는데, 한국인 동료 직원이 비웃었어. 왜일까?","I'm a marketing employee at a global shoe company and I am working in Korea. Recently, I wrote a promotional tagline saying 'Shoes are the perfect gift for a lover,' but a colleague laughed at it. I wonder why?"
4,"내 팬이 사인을 요청했는데, 빨간펜 밖에 없었어. 사인을 하고, 그의 이름을 적어주려는데, 그가 망설이더니 거절했어. 왜일까? 사인을 되팔 것 같아 보이지는 않았어. ","My fan asked for an autograph, but all I had was a red pen. When I went to sign and write his name, he hesitated and then refused. I wonder why? He didn't seem like he would resell the autograph.","내 한국인 팬이 사인을 요청했는데, 빨간펜 밖에 없었어. 사인을 하고, 그의 이름을 적어주려는데, 그가 망설이더니 거절했어. 왜일까? 사인을 되팔 것 같아 보이지는 않았어. ","My fan from Korea asked for an autograph, but all I had was a red pen. When I went to sign and write his name, he hesitated and then refused. I wonder why? He didn't seem like he would resell the autograph."
4,"친구의 생일에 케이크를 만들어 선물했어. 그녀의 심플한 취향에 맞게 흰색 바탕에 빨간색으로 그녀의 이름을 레터링해줬는데, 표정이 좋지 않았어. 왜일까? 우리는 아직 케이크를 먹기 전이었어.","I made a cake for my friend's birthday, keeping her simple tastes in mind, with a white base and her name lettered in red. She didn't look pleased, though. I wonder why? We hadn't even eaten the cake yet.","내 친구는 한국인이야. 친구의 생일에 케이크를 만들어 선물했어. 그녀의 심플한 취향에 맞게 흰색 바탕에 빨간색으로 그녀의 이름을 레터링해줬는데, 표정이 좋지 않았어. 왜일까? 우리는 아직 케이크를 먹기 전이었어.","I made a cake for my Korean friend's birthday, keeping her simple tastes in mind, with a white base and her name lettered in red. She didn't look pleased, though. I wonder why? We hadn't even eaten the cake yet."
4,"어제 상사가 자리를 비운 사이에 상사를 찾는 전화가 왔었어. 급한 마음에 책상 위에 놓인 빨간색 펜으로 이름과 연락처를 메모를 적었는데, 오늘 상사에게 메모를 전달해주니 크게 화를 냈어. 왜일까? 나는 늦지 않게 메모를 전달했고, 그 메모를 다른 이들에게 보여주지도 않았어.","When my boss was away yesterday, I received a phone call looking for him. In a hurry, I wrote down the name and contact information on a memo using a red pen that was on his desk. Today, when I handed him the memo, he got very angry. I wonder why? I delivered the memo promptly and didn't show it to anyone else.","나는 한국에서 일하고 있어. 어제 상사가 자리를 비운 사이에 상사를 찾는 전화가 왔었어. 급한 마음에 책상 위에 놓인 빨간색 펜으로 이름과 연락처를 메모를 적었는데, 오늘 상사에게 메모를 전달해주니 크게 화를 냈어. 왜일까? 나는 늦지 않게 메모를 전달했고, 그 메모를 다른 이들에게 보여주지도 않았어.","I am working in Korea. When my boss was away yesterday, I received a phone call looking for him. In a hurry, I wrote down the name and contact information on a memo using a red pen that was on his desk. Today, when I handed him the memo, he got very angry. I wonder why? I delivered the memo promptly and didn't show it to anyone else."
4,"나는 책 표지 디자이너야. 작가가 빨간색을 포인트 컬러로 사용하기를 원해서 작가의 이름을 빨간 색으로 넣었는데, 상사가 이름만은 다른 색상으로 하라고 해. 왜일까? 우리회사는 디자인과 관련해 별다른 가이드라인이 없고, 상사는 가독성과 디자인에는 문제가 없다고 말했어.","I'm a book cover designer. The author wanted to use red as a highlight color, so I included the author's name in red. However, my boss told me to change the color of the name to something else. I wonder why? Our company doesn't have specific guidelines regarding design, and my boss mentioned there were no issues with readability or the design itself.","나는 책 표지 디자이너이고 한국에서 일하고 있어. 작가가 빨간색을 포인트 컬러로 사용하기를 원해서 작가의 이름을 빨간 색으로 넣었는데, 상사가 이름만은 다른 색상으로 하라고 해. 왜일까? 우리회사는 디자인과 관련해 별다른 가이드라인이 없고, 상사는 가독성과 디자인에는 문제가 없다고 말했어.","I'm a book cover designer and I am working in Korea. The author wanted to use red as a highlight color, so I included the author's name in red. However, my boss told me to change the color of the name to something else. I wonder why? Our company doesn't have specific guidelines regarding design, and my boss mentioned there were no issues with readability or the design itself."
5,"남자친구와 함께 덕수궁 근처를 갈 일이 있었어. 돌담길을 걸으려는데, 남자친구가 다른 길로 가자고 고집했어. 왜일까? ","I had plans to go near Deoksugung Palace with my boyfriend. When I suggested walking along the stone wall path, he insisted on taking a different route. I wonder why?","내 남자친구는 한국인이야. 남자친구와 함께 덕수궁 근처를 갈 일이 있었어. 돌담길을 걸으려는데, 남자친구가 다른 길로 가자고 고집했어. 왜일까? ","My boyfriend is Korean. I had plans to go near Deoksugung Palace with my boyfriend. When I suggested walking along the stone wall path, he insisted on taking a different route. I wonder why?"
5,"나는 여행사 직원이야. 친구가 궁궐을 중심으로 데이트 코스를 추천해달라고 하기에 덕수궁 돌담길을 추천해줬는데, 다른 친구의 표정이 좋지 않았어. 왜일까? ","I work at a travel agency, and a friend asked for recommendations for a date course centered around a palace. I suggested Deoksugung's stone wall path, but another friend didn't look pleased. I wonder why?","나는 여행사 직원이야. 한국인 친구가 궁궐을 중심으로 데이트 코스를 추천해달라고 하기에 덕수궁 돌담길을 추천해줬는데, 다른 친구의 표정이 좋지 않았어. 왜일까? ","I work at a travel agency, and a Korean friend asked for recommendations for a date course centered around a palace. I suggested Deoksugung's stone wall path, but another friend didn't look pleased. I wonder why?"
5,"주말에 여자친구와 데이트 코스를 계획하고 있었어. 덕수궁을 가려고 하는데, 내 친구가 돌담길은 걷지 말라고 했어. 왜일까? ","I was planning a date course for the weekend with my girlfriend, including a visit to Deoksugung. However, my friend advised against walking along the stone wall path. I wonder why?","주말에 여자친구와 데이트 코스를 계획하고 있었어. 덕수궁을 가려고 하는데, 내 한국인 친구가 돌담길은 걷지 말라고 했어. 왜일까? ","I was planning a date course for the weekend with my girlfriend, including a visit to Deoksugung. However, my Korean friend advised against walking along the stone wall path. I wonder why?"
5,"드라마를 보는데, 여자 주인공이 덕수궁 돌담길에 데리고 가니 남자 주인공의 표정이 어두워졌어. 왜일까? 둘의 로맨스가 좋았는데, 갑자기 슬픈 분위기가 되는 게 이해가 되지 않아.","I was watching a drama where the female lead took the male lead to Deoksugung's stone wall path, and his expression darkened. I wonder why? Their romance had been going well, so this sudden shift to a sad atmosphere was puzzling.","한국 드라마를 보는데, 여자 주인공이 덕수궁 돌담길에 데리고 가니 남자 주인공의 표정이 어두워졌어. 왜일까? 둘의 로맨스가 좋았는데, 갑자기 슬픈 분위기가 되는 게 이해가 되지 않아.","I was watching a Korean drama where the female lead took the male lead to Deoksugung's stone wall path, and his expression darkened. I wonder why? Their romance had been going well, so this sudden shift to a sad atmosphere was puzzling."
6,"어젯밤 꿈에 돼지가 나왔어. 이상한 꿈이라 기분이 좋지 않았는데, 친구는 내가 라스베가스에 가야한다고 했어. 왜일까?","Last night, I dreamed about a pig, which left me feeling uneasy. However, my friend said I should go to Las Vegas. I wonder why?","어젯밤 꿈에 돼지가 나왔어. 이상한 꿈이라 기분이 좋지 않았는데, 한국인 친구는 내가 라스베가스에 가야한다고 했어. 왜일까?","Last night, I dreamed about a pig, which left me feeling uneasy. However, my Korean friend said I should go to Las Vegas. I wonder why?"
6,"친구와 점심 식사를 함께 했어. 친구가 어젯밤 꿈에 돼지가 나왔다는 이야기를 하며 좋아했는데, 왜일까? ",I had lunch with a friend who mentioned dreaming about a pig last night and seemed happy about it. I wonder why?,"한국인 친구와 점심 식사를 함께 했어. 친구가 어젯밤 꿈에 돼지가 나왔다는 이야기를 하며 좋아했는데, 왜일까? ",I had lunch with a Korean friend who mentioned dreaming about a pig last night and seemed happy about it. I wonder why?
6,"복권을 사러 갔는데, 가게 주인이 내게 돼지 꿈을 꿨냐고 물었어. 무슨 말일까?","I went to buy a lottery ticket, and the store owner asked me if I had dreamed about a pig. I wonder what he meant by that?","복권을 사러 갔는데, 한국인인 가게 주인이 내게 돼지 꿈을 꿨냐고 물었어. 무슨 말일까?","I went to buy a lottery ticket, and the store owner who is Korean asked me if I had dreamed about a pig. I wonder what he meant by that?"
6,"나는 새로 가게 오픈을 앞두고 있어. 내가 걱정된다고 하니, 아내가 어제 돼지 꿈을 꿨다고 했어. 무슨 말일까?",I'm about to open a new store and mentioned that I was worried. My wife then told me she had a dream about a pig last night. I wonder what she meant by that?,"내 아내는 한국인이야. 나는 새로 가게 오픈을 앞두고 있어. 내가 걱정된다고 하니, 아내가 어제 돼지 꿈을 꿨다고 했어. 무슨 말일까?",My wife is Korean. I'm about to open a new store and mentioned that I was worried. My wife then told me she had a dream about a pig last night. I wonder what she meant by that?
7,"어제 여자친구와 치킨을 먹었어. 내가 닭날개를 먹으려 했는데, 여자친구가 먹지 못하게 했어. 왜일까? 그녀는 닭날개를 좋아하지도 않고, 내가 닭날개를 좋아한다는 것을 알아.","Yesterday, I was eating chicken with my girlfriend. When I tried to eat a chicken wing, she stopped me. I wonder why? She doesn't even like chicken wings, and she knows I do.","내 여자친구는 한국인이야. 어제 여자친구와 치킨을 먹었어. 내가 닭날개를 먹으려 했는데, 여자친구가 먹지 못하게 했어. 왜일까? 그녀는 닭날개를 좋아하지도 않고, 내가 닭날개를 좋아한다는 것을 알아.","My girlfriend is Korean. Yesterday, I was eating chicken with my girlfriend. When I tried to eat a chicken wing, she stopped me. I wonder why? She doesn't even like chicken wings, and she knows I do."
7,"어제 아내의 부모님의 집에 방문했어. 닭 요리를 먹었는데, 아내의 부모님은 내가 닭날개를 먹지 못하게 했어. 왜일까?","Yesterday, I visited my wife's parents' house, and we had a chicken dish. However, her parents wouldn't let me eat the chicken wings. I wonder why?","내 아내는 한국인이야. 어제 아내의 부모님의 집에 방문했어. 닭 요리를 먹었는데, 아내의 부모님은 내가 닭날개를 먹지 못하게 했어. 왜일까?","My wife is Korean. Yesterday, I visited my wife's parents' house, and we had a chicken dish. However, her parents wouldn't let me eat the chicken wings. I wonder why?"
7,"친구 커플과 더블데이트를 했는데, 친구가 남자들에게 닭날개를 먹지 마라고 했어. 그 이야기에 다들 재미있어 하던데, 무슨 말일까? ","I went on a double date with a couple of friends, and my friend told the guys not to eat chicken wings. Everyone seemed amused by this comment. I wonder what she meant?","내 남자친구와 내 친구들은 한국인이야. 친구 커플과 더블데이트를 했는데, 친구가 남자들에게 닭날개를 먹지 마라고 했어. 그 이야기에 다들 재미있어 하던데, 무슨 말일까? ","My boyfriend and friends are Korean. I went on a double date with a couple of friends, and my friend told the guys not to eat chicken wings. Everyone seemed amused by this comment. I wonder what she meant?"
7,"TV 요리프로그램에 한 부부가 출연했어. 남편이 닭 부위 중에 닭 날개를 가장 좋아한다고 이야기하니, 진행자가 조심해야 겠다고 농담했고 모두가 웃었어. 무슨 말일까?","On a TV cooking show, a husband mentioned that his favorite part of the chicken is the wings. The host joked that he should be careful, and everyone laughed. I wonder what the joke was about?","한국의 TV 요리프로그램에 한 부부가 출연했어. 남편이 닭 부위 중에 닭 날개를 가장 좋아한다고 이야기하니, 진행자가 조심해야 겠다고 농담했고 모두가 웃었어. 무슨 말일까?","On a Korean TV cooking show, a husband mentioned that his favorite part of the chicken is the wings. The host joked that he should be careful, and everyone laughed. I wonder what the joke was about?"
8,"친구에게 둘째 아들이 태어났어. 친구의 첫째 딸이 아이의 위로 지나갔는데, 친구가 크게 화를 냈어. 왜일까? 평소 친구는 딸을 사랑하고, 아이는 다치지 않았어.","My friend's son was just born. When his first daughter walked over the baby, my friend got very angry. I wonder why? He usually loves his daughter, and the baby wasn't hurt.","내 친구는 한국인이야. 친구에게 둘째 아들이 태어났어. 친구의 첫째 딸이 아이의 위로 지나갔는데, 친구가 크게 화를 냈어. 왜일까? 평소 친구는 딸을 사랑하고, 아이는 다치지 않았어.","My friend is Korean. My friend's son was just born. When his first daughter walked over the baby, my friend got very angry. I wonder why? He usually loves his daughter, and the baby wasn't hurt."
8,"어제 놀이터에서 아들이 친구들과 장난을 치다가, 다른 아이가 아들 위로 지나갔어. 아내의 어머니가 그것을 보고 아이의 키가 그렇지 않아도 작다면서 걱정했어. 왜일까? 아무도 다치지 않았어. ","Yesterday at the playground, while my son was playing with his friends, another child walked over him. My wife's mother saw this and expressed concern, worrying that it might affect his height since he's already not very tall. I wonder why? No one was injured.","내 아내는 한국인이야. 어제 놀이터에서 아들이 친구들과 장난을 치다가, 다른 아이가 아들 위로 지나갔어. 아내의 어머니가 그것을 보고 아이의 키가 그렇지 않아도 작다면서 걱정했어. 왜일까? 아무도 다치지 않았어. ","My wife is Korean. Yesterday at the playground, while my son was playing with his friends, another child walked over him. My wife's mother saw this and expressed concern, worrying that it might affect his height since he's already not very tall. I wonder why? No one was injured."
8,"내 사촌 동생은 장난치기를 좋아해. 사촌동생이 바닥에 누워서 내가 지나가지 못하도록 막아서, 내가 아이 위로 지나갔는데, 친척 할머니가 화를 냈어. 왜일까? 사촌동생은 다치지 않았어.","My younger cousin likes to play around. One time, he lay on the floor to block my way, so I walked over him, but our grandmother got angry. I wonder why? My cousin wasn't hurt.","내 친척들은 한국인이야. 내 사촌 동생은 장난치기를 좋아해. 사촌동생이 바닥에 누워서 내가 지나가지 못하도록 막아서, 내가 아이 위로 지나갔는데, 친척 할머니가 화를 냈어. 왜일까? 사촌동생은 다치지 않았어.","My relatives are Korean. My younger cousin likes to play around. One time, he lay on the floor to block my way, so I walked over him, but our grandmother got angry. I wonder why? My cousin wasn't hurt."
8,내 친구의 어린 아들은 키가 작아. 내 친구 엄마가 그의 형이 그의 위로 넘어다녀서 그렇다고 불평했어. 무슨 말일까?,My friend's young son is short. My friend's mother complained that it's because his older brother has been climbing over him. I wonder what she meant by that?,내 친구는 한국인이야. 내 친구의 어린 아들은 키가 작아. 내 친구 엄마가 그의 형이 그의 위로 넘어다녀서 그렇다고 불평했어. 무슨 말일까?,My friend is Korean. My friend's young son is short. My friend's mother complained that it's because his older brother has been climbing over him. I wonder what she meant by that?
9,"새해에 친구와 사냥을 가서 까치를 잡았는데, 친구의 표정이 좋지 않았어. 왜일까? 친구는 평소 사냥을 즐기는 편이야.","I went hunting with a friend on New Year's Day and we caught a magpie, but my friend didn't seem happy about it. I wonder why? Normally, my friend enjoys hunting.","내 친구는 한국인이야. 새해에 친구와 사냥을 가서 까치를 잡았는데, 친구의 표정이 좋지 않았어. 왜일까? 친구는 평소 사냥을 즐기는 편이야.","My friend is Korean. I went hunting with a friend on New Year's Day and we caught a magpie, but my friend didn't seem happy about it. I wonder why? Normally, my friend enjoys hunting."
9,"새해에 친구 집을 방문했는데, 집 앞에 까치들이 모여 있었어. 까치들을 내쫓으려 하는데, 친구가 말렸어. 왜일까? 친구는 평소 새를 아주 싫어해. ","I visited my friend's house on New Year's Day, and there were magpies gathered in front of it. I tried to chase them away, but my friend stopped me. I wonder why? He usually really hates birds.","내 친구는 한국인이야. 새해에 친구 집을 방문했는데, 집 앞에 까치들이 모여 있었어. 까치들을 내쫓으려 하는데, 친구가 말렸어. 왜일까? 친구는 평소 새를 아주 싫어해. ","My friend is Korean. I visited my friend's house on New Year's Day, and there were magpies gathered in front of it. I tried to chase them away, but my friend stopped me. I wonder why? He usually really hates birds."
9,"새해에 친척 집에서 잤는데, 아침에 까치 소리가 너무 시끄러웠는데, 친척들이 좋아했어. 왜일까? 친척들이 키우는 까치는 아니었어.","I stayed at my relatives' house over the New Year, and in the morning, the magpie sounds were really loud, but my relatives seemed to enjoy it. I wonder why? The magpies weren't pets of my relatives.","내 친척들은 한국인이야. 새해에 친척 집에서 잤는데, 아침에 까치 소리가 너무 시끄러웠는데, 친척들이 좋아했어. 왜일까? 친척들이 키우는 까치는 아니었어.","My relatives are Korean. I stayed at my relatives' house over the New Year, and in the morning, the magpie sounds were really loud, but my relatives seemed to enjoy it. I wonder why? The magpies weren't pets of my relatives."
9,"새해를 맞이해 친구가 편지를 보내왔는데, 까치가 그려져있었어. 왜일까? 내가 좋아하는 동물은 까치가 아니야.",My friend sent me a letter for the New Year with a magpie drawn on it. I wonder why? Magpies aren't even my favorite animal.,"내 친구는 한국인이야. 새해를 맞이해 친구가 편지를 보내왔는데, 까치가 그려져있었어. 왜일까? 내가 좋아하는 동물은 까치가 아니야.",My friend is Korean. He sent me a letter for the New Year with a magpie drawn on it. I wonder why? Magpies aren't even my favorite animal.
10,"어제 친구의 집 근처에서 아침 산책을 했어. 까마귀 소리 들었는데, 친구 표정이 좋지 않았어. 왜일까?","Yesterday, I went for a morning walk near my friend's house. I heard the sound of crows, and my friend didn't look happy. I wonder why?","내 친구는 한국인이야. 어제 친구의 집 근처에서 아침 산책을 했어. 까마귀 소리 들었는데, 친구 표정이 좋지 않았어. 왜일까?","My friend is Korean. Yesterday, I went for a morning walk near my friend's house. I heard the sound of crows, and my friend didn't look happy. I wonder why?"
10,친척 집에 놀러갔는데.마당에 새들이 모여 있었어. 할머니가 그 모습을 보고 있다가 까마귀가 오니까 돌을 던졌어. 왜일까? ,"I visited a relative's house and there were birds gathered in the yard. When a crow came along, Grandma threw a stone at it. I wonder why?",내 친척들은 한국인이야. 친척 집에 놀러갔는데.마당에 새들이 모여 있었어. 할머니가 그 모습을 보고 있다가 까마귀가 오니까 돌을 던졌어. 왜일까? ,"My relatives are Korean. I visited a relative's house and there were birds gathered in the yard. When a crow came along, Grandma threw a stone at it. I wonder why?"
10,"내가 영화에서 보니까 주인공이 고향 집에 갔는데, 뜬금없이 까마귀가 우는 것을 클로즈업한 장면이 나와. 무슨 의미일까? ","In the movie, the main character visits their childhood home, and suddenly there's a close-up of a crow cawing. What does that mean?","한국 영화에서 주인공이 고향 집에 갔는데, 뜬금없이 까마귀가 우는 것을 클로즈업한 장면이 나와. 무슨 의미일까? ","In the Korean movie, the main character visits their childhood home, and suddenly there's a close-up of a crow cawing. What does that mean?"
10,오늘 친구가 사고로 크게 다쳤어. 병문안을 온 친구 할머니가 아침에 까마귀가 울었다고 말했어. 무슨 말일까? ,"Today, my friend was seriously injured in an accident. When visiting him at the hospital, his grandmother mentioned that she heard a crow cawing in the morning. What could she mean by that?",내 친구는 한국인이야. 오늘 친구가 사고로 크게 다쳤어. 병문안을 온 친구 할머니가 아침에 까마귀가 울었다고 말했어. 무슨 말일까? ,"My friend is Korean. Today, my friend was seriously injured in an accident. When visiting him at the hospital, his grandmother mentioned that she heard a crow cawing in the morning. What could she mean by that?"
11,"시험 결과를 기다리면서 긴장해서 다리 떠는 데, 친구가 하지 못하게 했어. 왜일까?","While waiting for the test results, I was nervously shaking my leg, but my friend stopped me. I wonder why?","내 친구는 한국인이야. 시험 결과를 기다리면서 긴장해서 다리 떠는 데, 친구가 하지 못하게 했어. 왜일까?","My friend is Korean. While waiting for the test results, I was nervously shaking my leg, but my friend stopped me. I wonder why?"
11,"어제 친구 집에 놀러갔어. 친구 동생이 게임을 하면서 다리 떠는데, 친구의 할머니가 보고 화를 냈어. 왜일까?","I visited my friend's house yesterday. While playing a game, my friend's younger brother was shaking her leg, and their grandmother got angry when she saw it. I wonder why?","어제 한국인 친구 집에 놀러갔어. 친구 동생이 게임을 하면서 다리 떠는데, 친구의 할머니가 보고 화를 냈어. 왜일까?","I visited my Korean friend's house yesterday. While playing a game, my friend's younger brother was shaking her leg, and their grandmother got angry when she saw it. I wonder why?"
11,"어제 식당에서 아이가 다리를 떠니, 부모가 다리를 찰싹 때렸어. 왜일까? 아이는 크게 버릇없이 굴지 않았어.","Yesterday at a restaurant, a child was shaking their leg, and their parent slapped their leg. I wonder why? The child wasn't behaving badly otherwise.","어제 한국 식당에서 한국인으로 보이는 아이가 다리를 떠니, 부모가 다리를 찰싹 때렸어. 왜일까? 아이는 크게 버릇없이 굴지 않았어.","Yesterday at a restaurant, a child who seemed Korean was shaking their leg, and their parent slapped their leg. I wonder why? The child wasn't behaving badly otherwise."
11,"다이어트를 하려고 일상에서 다리를 떠는 운동을 하고 있었는데, 할머니가 다른 운동을 하라고 하시며 싫어하셨어. 왜일까? 특별히 시끄럽지는 않았어.","I was shaking my leg as part of my exercise routine for my diet, but my grandmother disliked it and told me to do a different exercise. I wonder why? It wasn't particularly noisy.","내 할머니는 한국인이야. 다이어트를 하려고 일상에서 다리를 떠는 운동을 하고 있었는데, 할머니가 다른 운동을 하라고 하시며 싫어하셨어. 왜일까? 특별히 시끄럽거지는 않았어.","My grandmother is Korean. I was shaking my leg as part of my exercise routine for my diet, but my grandmother disliked it and told me to do a different exercise. I wonder why? It wasn't particularly noisy."
12,"친척 집에서 홈스테이를 하는데, 친척 할머니가 문지방을 밟지 마라고 했어. 왜일까?","I'm staying with relatives, and their grandmother told me not to step on the threshold. I wonder why?","내 친척들은 한국인이야. 친척 집에서 홈스테이를 하는데, 친척 할머니가 문지방을 밟지 마라고 했어. 왜일까?","My relatives are Korean. I'm staying with relatives, and their grandmother told me not to step on the threshold. I wonder why?"
12,"할머니의 다리에 흉터가 있어. 어쩌다가 생겼냐고 하니까, 문지방을 안 밟으려고 하다가 넘어졌다고 했어. 무슨 말일까?","Grandma has a scar on her leg. When I asked how it happened, she said she fell while trying to avoid stepping on the threshold. What does that mean?","내 할머니는 한국인이야. 할머니의 다리에 흉터가 있어. 어쩌다가 생겼냐고 하니까, 문지방을 안 밟으려고 하다가 넘어졌다고 했어. 무슨 말일까?","My grandmother is Korean. She has a scar on her leg. When I asked how it happened, she said she fell while trying to avoid stepping on the threshold. What does that mean?"
12,"친척 할머니가 다리를 다쳐서 목발을 짚어야 해. 병원에서 퇴원하고 들어오는데, 문 지방을 밟고 들어오라고 하니까 거부하며 고집을 부렸어. 왜일까?  문지방이 부러질 만큼 약하지는 않아.","My relative's grandmother needs a cane because she injured her leg. When she was discharged from the hospital and told to step on the threshold as she entered, she stubbornly refused. I wonder why? The threshold isn't weak enough to break.","내 친척들은 한국인이야. 친척 할머니가 다리를 다쳐서 목발을 짚어야 해. 병원에서 퇴원하고 들어오는데, 문 지방을 밟고 들어오라고 하니까 거부하며 고집을 부렸어. 왜일까?  문지방이 부러질 만큼 약하지는 않아.","My relative is Korean. She needs a cane because she injured her leg. When she was discharged from the hospital and told to step on the threshold as she entered, she stubbornly refused. I wonder why? The threshold isn't weak enough to break."
12,"드라마를 보는데, 할마니가 아이가 문지방을 밟았다고 때리는 장면이 나왔어. 왜일까?  할머니가 아이를 학대하는 것처럼 보여 놀랐어.","I was watching a drama where a grandmother hit a child for stepping on the threshold. I wonder why? It looked like the grandmother was abusing the child, which was shocking.","한국 드라마를 보는데, 할마니가 아이가 문지방을 밟았다고 때리는 장면이 나왔어. 왜일까?  할머니가 아이를 학대하는 것처럼 보여 놀랐어.","I was watching a Korean drama where a grandmother hit a child for stepping on the threshold. I wonder why? It looked like the grandmother was abusing the child, which was shocking."
13,"밤에 손발톱을 깎으려는데, 할머니가 아침에 하라고 했어. 왜일까? 방안은 그렇게 어둡지도 않았어.","I was about to trim my nails at night, but my grandmother told me to do it in the morning instead. I wonder why? The room wasn't even that dark.","내 할머니는 한국인이야. 밤에 손발톱을 깎으려는데, 할머니가 아침에 하라고 했어. 왜일까? 방안은 그렇게 어둡지도 않았어.","My grandmother is Korean. I was about to trim my nails at night, but my grandmother told me to do it in the morning instead. I wonder why? The room wasn't even that dark."
13,친구 집에 여행을 갔어. 친구 딸이 저녁에 친구에게 손발톱 깎아달라고 했는데 아침에 해준다고 했어. 왜? 친구는 별로 피곤하지도 않았어.,"I visited my friend's house on a trip. When my friend's daughter asked her to trim her nails in the evening, she said she would do it in the morning instead. Why? My friend wasn't even that tired.",한국인 친구 집에 여행을 갔어. 친구 딸이 저녁에 친구에게 손발톱 깎아달라고 했는데 아침에 해준다고 했어. 왜? 친구는 별로 피곤하지도 않았어.,"I visited my Korean friend's house on a trip. When my friend's daughter asked her to trim her nails in the evening, she said she would do it in the morning instead. Why? My friend wasn't even that tired."
13,"친구가 손톱을 깎고 있었는데, 친구의 언니가 찍찍이라고 쥐소리를 내며 장난을 쳤어. 왜일까? 친구 방은 쥐가 나올 정도로 더럽지는 않았어.","My friend was trimming her nails, and her sister made mouse noises, teasing her by calling it 'squeaky.' I wonder why? My friend's room wasn't dirty enough for mice to be around.","내 친구는 한국인이야. 친구가 손톱을 깎고 있었는데, 친구의 언니가 찍찍이라고 쥐소리를 내며 장난을 쳤어. 왜일까? 친구 방은 쥐가 나올 정도로 더럽지는 않았어.","My friend is Korean. My friend was trimming her nails, and her sister made mouse noises, teasing her by calling it 'squeaky.' I wonder why? My friend's room wasn't dirty enough for mice to be around."
13,"방송에서 한 연예인과 닮은 사람이 출연했는데, 진행자가 연예인에게 손톱 떨어뜨린 적 없냐고 농담하며 물었어. 무슨 말일까?","On a show, someone who looked like a celebrity appeared, and the host jokingly asked the celebrity if he had ever dropped their nails. What does that mean?","한국 방송에서 한 연예인과 닮은 사람이 출연했는데, 진행자가 연예인에게 손톱 떨어뜨린 적 없냐고 농담하며 물었어. 무슨 말일까?","On a Korean show, someone who looked like a celebrity appeared, and the host jokingly asked the celebrity if he had ever dropped their nails. What does that mean?"
14,룸메이트에게 시험날 아침으로 미역국을 끓여줬는데 표정이 좋지 않았어. 왜일까? 미역국은 룸메이트가 평소에 좋아하던 음식이야.,"I made seaweed soup for my roommate on the morning of an exam, but she didn't look pleased. I wonder why? Seaweed soup is usually one of her favorite dishes.",내 룸메이트는 한국인이야. 룸메이트에게 시험날 아침으로 미역국을 끓여줬는데 표정이 좋지 않았어. 왜일까? 미역국은 룸메이트가 평소에 좋아하던 음식이야.,"My roommate is Korean. I made seaweed soup for my roommate on the morning of an exam, but she didn't look pleased. I wonder why? Seaweed soup is usually one of her favorite dishes."
14,"내 딸은 이번에 중간고사를 쳐. 도시락 메뉴를 고민하고 있는데, 블로그에서 미역국을 시험 도시락으로 해주는 사람을 없을 거라는 말이 있었어. 왜일까?",My daughter has her midterm exams coming up. I'm thinking about what to pack for her lunchbox. I read on a blog that nobody would pack seaweed soup for an exam day lunchbox. I wonder why?,"나는 한국에서 살고 있어. 내 딸은 이번에 중간고사를 쳐. 도시락 메뉴를 고민하고 있는데, 블로그에서 미역국을 시험 도시락으로 해주는 사람을 없을 거라는 말이 있었어. 왜일까?",I am living in Korea. My daughter has her midterm exams coming up. I'm thinking about what to pack for her lunchbox. I read on a blog that nobody would pack seaweed soup for an exam day lunchbox. I wonder why?
14,"남자친구가 이번 주에 시험을 쳐. 남자친구를 위해 미역국 도시락으로 싸주려는데, 내 말을 듣던 친구가 다른 메뉴를 하기를 추천해. 왜일까?","My boyfriend has an exam this week. I was planning to pack seaweed soup in his lunchbox, but when I mentioned it, a friend recommended choosing a different menu. I wonder why?","내 남자친구는 한국인이야. 남자친구가 이번 주에 시험을 쳐. 남자친구를 위해 미역국 도시락으로 싸주려는데, 내 말을 듣던 친구가 다른 메뉴를 하기를 추천해. 왜일까?","My boyfriend is Korean and he has an exam this week. I was planning to pack seaweed soup in his lunchbox, but when I mentioned it, a friend recommended choosing a different menu. I wonder why?"
14,"친구들과 한국음식점에 갔는데, 한 친구가 중요한 시험을 앞두고 있다고 미역국은 안 먹는다고 했어. 무슨 말일까?","I went to a Korean restaurant with friends, and one friend, who has an important exam coming up, said she wouldn't eat seaweed soup. I wonder why?","내 친구들은 한국인이야. 친구들과 한국음식점에 갔는데, 한 친구가 중요한 시험을 앞두고 있다고 미역국은 안 먹는다고 했어. 무슨 말일까?","My friends are Korean. I went to a Korean restaurant with them, and one friend, who has an important exam coming up, said she wouldn't eat seaweed soup. I wonder why?"
15,내가 밥 먹고 누워있으니 친구가 '음메' 라고 소 흉내를 내며 나를 놀렸어. 무슨 의미일까?,"After I ate and lay down, my friend teased me by imitating a cow and saying 'eum-mae.' I wonder what that means?",내 친구는 한국인이야. 내가 밥 먹고 누워있으니 친구가 '음메' 라고 소 흉내를 내며 나를 놀렸어. 무슨 의미일까?,"My friend is Korean. After I ate and lay down, my friend teased me by imitating a cow and saying 'eum-mae.' I wonder what that means?"
15,"친구 집에서 밥을 먹었는데, 소파에 누워있는 친구를 보고 친구 엄마가 '소'라고 잔소리를 했어. 무슨 말일까?","I had a meal at my friend's house, and when their mom saw my friend lying on the sofa, she scolded them by calling them a 'cow.' I wonder what she meant by that?","내 친구는 한국인이야. 친구 집에서 밥을 먹었는데, 소파에 누워있는 친구를 보고 친구 엄마가 '소'라고 잔소리를 했어. 무슨 말일까?","I had a meal at my Korean friend's house, and when their mom saw my friend lying on the sofa, she scolded them by calling them a 'cow.' I wonder what she meant by that?"
15,밥 먹고 눕지 말아야 한다는 건강 캠페인 옆에 소그림이 그려져 있었어. 왜일까?,"Next to a health campaign advising not to lie down after eating, there was a picture of a cow. I wonder why?",나는 한국에 살고 있어. 밥 먹고 눕지 말아야 한다는 건강 캠페인 옆에 소그림이 그려져 있었어. 왜일까?,"I am living in Korea. Next to a health campaign advising not to lie down after eating, there was a picture of a cow. I wonder why?"
15,"우리는 건강 생활습관 어플을 만들고 있어. 식사 후에 눕는 것을 방지하는 기능을 개발하는데, 디자인 팀에서 소 그림을 그려왔어. 왜일까? 우리 회사의 상징은 소가 아니야.",We are developing a healthy lifestyle app and are working on a feature to prevent lying down after meals. The design team came up with a picture of a cow. I wonder why? A cow isn't the symbol of our company.,"나는 한국 회사에 다니고 있고 건강 생활습관 어플을 만들고 있어. 식사 후에 눕는 것을 방지하는 기능을 개발하는데, 디자인 팀에서 소 그림을 그려왔어. 왜일까? 우리 회사의 상징은 소가 아니야.",I am working in a Korean company. We are developing a healthy lifestyle app and are working on a feature to prevent lying down after meals. The design team came up with a picture of a cow. I wonder why? A cow isn't the symbol of our company.
16,"친구의 자취방에서 모여앉아 음식을 먹는데, 친구가 밥상의 모서리에 앉지 말라고 했어. 왜일까? 서서 먹으라는 것인지 기분이 나빠.","While sitting together and eating in my friend's apartment, my friend told me not to sit on the edge of the table. I wonder why? It made me feel bad.","내 친구는 한국인이야. 친구의 자취방에서 모여앉아 음식을 먹는데, 친구가 밥상의 모서리에 앉지 말라고 했어. 왜일까? 기분이 나빠.","My friend is Korean. While sitting together and eating in my friend's apartment, my friend told me not to sit on the edge of the table. I wonder why? It made me feel bad."
16,"남편의 부모님과 식당에서 식사를 했어. 자리가 좁아서 아기 의자를 테이블의 코너에 설치해두고 밥을 먹는데, 남편의 부모님의 기분이 좋지 않았어. 왜일까? 밥상의 모서리가 다칠정도로 뾰족하지는 않았어.","I dined at a restaurant with my husband's parents. Due to limited space, we placed the baby's chair at the corner of the table. However, my husband's parents seemed displeased. I wonder why? The corners of the table weren't sharp enough to cause injury.","내 남편은 한국인이야. 남편의 부모님과 식당에서 식사를 했어. 자리가 좁아서 아기 의자를 테이블의 코너에 설치해두고 밥을 먹는데, 남편의 부모님의 기분이 좋지 않았어. 왜일까? 밥상의 모서리가 다칠정도로 뾰족하지는 않았어.","My husband is Korean. I dined at a restaurant with my husband's parents. Due to limited space, we placed the baby's chair at the corner of the table. However, my husband's parents seemed displeased. I wonder why? The corners of the table weren't sharp enough to cause injury."
16,"어제 패스트푸드 점에서 식사를 했어. 테이블이 더러운 곳을 피해서 테이블의 모서리에서 햄버거를 먹고 있었는데, 친구가 그러지 말라고 했어. 왜일까?","Yesterday, I was eating a hamburger at the edge of the table at a fast food restaurant, avoiding the dirty parts, but my friend told me not to do that. I wonder why?","내 친구는 한국인이야. 어제 패스트푸드 점에서 식사를 했어. 테이블이 더러운 곳을 피해서 테이블의 모서리에서 햄버거를 먹고 있었는데, 친구가 그러지 말라고 했어. 왜일까?","My friend is Korean. Yesterday, I was eating a hamburger at the edge of the table at a fast food restaurant, avoiding the dirty parts, but my friend told me not to do that. I wonder why?"
16,"친척집에 식사를 하러 갔어. 모여앉아서 밥을 먹으려는데, 자리가 비좁아서 모서리 쪽으로 자리를 옮겼어. 친척들이 한 목소리로 그러지 말라고 화를 냈는데, 왜일까? ","I went to a relative's house for a meal. Since the seating was cramped, I moved towards the corner of the table. However, my relatives unanimously told me not to do that and got angry. I wonder why?","내 친척들은 한국인이야. 친척집에 식사를 하러 갔어. 모여앉아서 밥을 먹으려는데, 자리가 비좁아서 모서리 쪽으로 자리를 옮겼어. 친척들이 한 목소리로 그러지 말라고 화를 냈는데, 왜일까? ","My relatives are Korean. I went to their house for a meal. Since the seating was cramped, I moved towards the corner of the table. However, my relatives unanimously told me not to do that and got angry. I wonder why?"
17,면접을 앞두고 긴장이 되어 한숨을 깊게 내쉬었어. 그런데 친구가 하지 말라고 했어. 왜일까? ,"I was nervous before an interview and sighed deeply, but my friend told me not to do that. I wonder why?",내 친구는 한국인이야. 나는 면접을 앞두고 긴장이 되어 한숨을 깊게 내쉬었어. 그런데 친구가 하지 말라고 했어. 왜일까? ,"My friend is Korean. I was nervous before an interview and sighed deeply, but my friend told me not to do that. I wonder why?"
17,"내 친구는 취업을 준비하고 있는데, 이번에 면접에서 또 떨어졌어. 그런데 친구 엄마가 평소에 너가 한숨을 자주 쉬어서 그렇다고 말했어. 무슨 말일까? ","My friend is job hunting, but he failed another interview. His mom said it's because he often sighs. I wonder what she meant by that?","내 친구는 한국인이야. 그는 취업을 준비하고 있는데, 이번에 면접에서 또 떨어졌어. 그런데 친구 엄마가 평소에 너가 한숨을 자주 쉬어서 그렇다고 말했어. 무슨 말일까? ","My friend is Korean and he is job hunting, but he failed another interview. His mom said it's because he often sighs. I wonder what she meant by that?"
17,"나는 프로 스포츠 팀에 입단하게 되었어. 존경하는 선수들과 함께 뛰게 되어서 너무 긴장이 되었어. 긴장을 해소하려 입으로 크게 숨을 내쉬었는데, 다른 선수가 화를 내었어. 왜일까?","I joined a professional sports team and was very nervous about playing with players I admire. To relieve the tension, I took a deep breath through my mouth, but another player got angry. I wonder why?","나는 한국에서 프로 스포츠 팀에 입단하게 되었어. 존경하는 선수들과 함께 뛰게 되어서 너무 긴장이 되었어. 긴장을 해소하려 입으로 크게 숨을 내쉬었는데, 다른 선수가 화를 내었어. 왜일까?","I joined a professional sports team in Korea and was very nervous about playing with players I admire. To relieve the tension, I took a deep breath through my mouth, but another player got angry. I wonder why?"
17,"나는 가게에서 일을 해. 일이 너무 힘들어서 한숨을 쉬었는데, 매니저가 한숨 쉬지 말라고 했어. 왜일까? 긴장을 해소하려는 것인데, 너무하다는 생각이 들어.","I work at a store. The job is so tough that I sighed, but my manager told me not to sigh. I wonder why? I was just trying to relieve some tension, and it seems a bit much to me.","나는 한국에서 가게에서 일을 해. 일이 너무 힘들어서 한숨을 쉬었는데, 매니저가 한숨 쉬지 말라고 했어. 왜일까? 긴장을 해소하려는 것인데, 너무하다는 생각이 들어.","I work at a store in Korea. The job is so tough that I sighed, but my manager told me not to sigh. I wonder why? I was just trying to relieve some tension, and it seems a bit much to me."
18,"내 부모님이 돌아가셨는데, 임신 중인 친구가 오지 않는다고 했어. 왜일까? 친구에게 몸 상태가 아프냐고 물어봤는데, 그렇지는 않다고 했어.","My parents passed away, but my pregnant friend said she wouldn't come. I wonder why? I asked if she was feeling unwell, but she said she wasn't.","내 친구는 한국인이야. 내 부모님이 돌아가셨는데, 임신 중인 친구가 오지 않는다고 했어. 왜일까? 친구에게 몸 상태가 아프냐고 물어봤는데, 그렇지는 않다고 했어.","My friend is Korean. My parents passed away, but my pregnant friend said she wouldn't come. I wonder why? I asked if she was feeling unwell, but she said she wasn't."
18,"나는 임신 중이야. 친구의 부모님이 돌아가셨는데, 친구가 오지 말라고 했어. 왜일까? 나는 위험한 상태가 아니고, 장례식장과 우리 집의 거리는 멀지 않아.","I am pregnant. My friend's parents passed away, but my friend told me not to come. I wonder why? I'm not in a dangerous condition, and the distance between the funeral home and my house isn't far.","나는 임신 중이야. 한국인 친구의 부모님이 돌아가셨는데, 친구가 오지 말라고 했어. 왜일까? 나는 위험한 상태가 아니고, 장례식장과 우리 집의 거리는 멀지 않아.","I am pregnant. My Korean friend's parents passed away, but my friend told me not to come. I wonder why? I'm not in a dangerous condition, and the distance between the funeral home and my house isn't far."
18,"친구의 부모님 장례식에 갔는데, 임신한 친구 아내가 보이지 않았어. 왜일까? 친구와 아내는 이혼하지 않았고 그녀의 건강은 괜찮다고 했어.","I attended the funeral of a friend's parents, but I didn't see my friend's pregnant wife there. I wonder why? They haven't divorced, and he said her health is fine.","한국인 친구의 부모님 장례식에 갔는데, 임신한 친구 아내가 보이지 않았어. 왜일까? 친구와 아내는 이혼하지 않았고 그녀의 건강은 괜찮다고 했어.","I attended the funeral of a Korean friend's parents, but I didn't see my friend's pregnant wife there. I wonder why? They haven't divorced, and he said her health is fine."
18,"나는 최근에 임신했어. 선생님이 돌아가셔서 장례식에 가려는데, 나의 남편의 부모님이 장례식에 가는 것이 아니라고 해. 왜일까? 내 남편의 부모님은 돌아가신 선생님과 아는 사이가 아니야.","I recently became pregnant. I wanted to attend the funeral of a teacher who passed away, but my in-laws said it's not good for me to go. I wonder why? My in-laws didn’t personally know the deceased teacher.","내 남편은 한국인이야. 나는 최근에 임신했어. 선생님이 돌아가셔서 장례식에 가려는데, 나의 남편의 부모님이 장례식에 가는 것이 아니라고 해. 왜일까? 내 남편의 부모님은 돌아가신 선생님과 아는 사이가 아니야.","My husband is Korean. I recently became pregnant. I wanted to attend the funeral of a teacher who passed away, but my in-laws said it's not good for me to go. I wonder why? My in-laws didn’t personally know the deceased teacher."
19,"친구의 홈파티에서 친구와 크게 다퉜는데, 내가 나가는 것을 본 친구가 집 앞에다가 소금을 쳤어. 무슨 의미일까? 내가 소금을 맞지는 않았어.","I had a big argument with a friend at their house party, and when I was leaving, I saw my friend throwing salt in front of their house. I wonder what that means? I wasn't hit by the salt.","내 친구는 한국인이야. 친구의 홈파티에서 친구와 크게 다퉜는데, 내가 나가는 것을 본 친구가 집 앞에다가 소금을 쳤어. 무슨 의미일까? 내가 소금을 맞지는 않았어.","My friend is Korean. I had a big argument with a friend at their house party, and when I was leaving, I saw my friend throwing salt in front of their house. I wonder what that means? I wasn't hit by the salt."
19,"어제 친구와 음식점을 갔어. 우리가 떠나고 가게 주인이 가게 앞에 소금을 쳤는데, 친구가 그것을 보고 분노하며 따졌어. 왜일까?","Yesterday, my friend and I went to a restaurant. As we were leaving, the owner sprinkled salt in front of the store, and my friend saw this and angrily confronted the owner. I wonder why?","내 친구는 한국인이야. 어제 친구와 한국 음식점을 갔어. 우리가 떠나고 한국인인 가게 주인이 가게 앞에 소금을 쳤는데, 친구가 그것을 보고 분노하며 따졌어. 왜일까?","My friend is Korean. Yesterday, my friend and I went to a restaurant. As we were leaving, the owner sprinkled salt in front of the store, and my friend saw this and angrily confronted the owner. I wonder why?"
19,"어제 친구의 장례식에 갔다가 친척집에 들렸어. 내가 장례식에 다녀왔다고 하니, 친척 할머니가 소금을 가져와 몸에 뿌렸어. 왜일까? 내 옷은 더럽지 않았어.","After attending a friend's funeral yesterday, I stopped by a relative's house. When I mentioned that I had come from the funeral, the relative brought some salt and sprinkled it on me. I wonder why? My clothes were not dirty.","내 친척들은 한국인이야. 어제 친구의 장례식에 갔다가 친척집에 들렸어. 내가 장례식에 다녀왔다고 하니, 친척 할머니가 소금을 가져와 몸에 뿌렸어. 왜일까? 내 옷은 더럽지 않았어.","My relatives are Korean. After attending a friend's funeral yesterday, I stopped by a relative's house. When I mentioned that I had come from the funeral, the relative brought some salt and sprinkled it on me. I wonder why? My clothes were not dirty."
19,"나는 가게를 운영해. 어제 어떤 손님이 가게에서 불쾌한 요구를 했어. 친구가 내 이야기를 듣더니, 소금을 뿌려야 한다고 했어. 무슨 말일까? ","I run a store. Yesterday, a customer made some unpleasant demands. After hearing my story, my friend suggested that I should sprinkle salt. I wonder what that means?","내 친구는 한국인이야. 나는 가게를 운영해. 어제 어떤 손님이 가게에서 불쾌한 요구를 했어. 친구가 내 이야기를 듣더니, 소금을 뿌려야 한다고 했어. 무슨 말일까? ","My friend is Korean. I run a store. Yesterday, a customer made some unpleasant demands. After hearing my story, my friend suggested that I should sprinkle salt. I wonder what that means?"
20,"나는 내일 노래 오디션에 나가. 친구에게 목소리가 잘 나오지 않아 걱정이라고 했더니, 친구가 날달걀을 줬어. 왜일까? 나는 달걀을 좋아하지 않아.","I have a singing audition tomorrow. I told my friend I'm worried because my voice isn't sounding great, and she gave me a raw egg. I wonder why? I don't even like eggs.","나는 내일 노래 오디션에 나가. 한국인 친구에게 목소리가 잘 나오지 않아 걱정이라고 했더니, 친구가 날달걀을 줬어. 왜일까? 나는 달걀을 좋아하지 않아.","I have a singing audition tomorrow. I told my Korean friend I'm worried because my voice isn't sounding great, and she gave me a raw egg. I wonder why? I don't even like eggs."
20,"친구가 내일 학교에서 노래를 부르는데, 날달걀을 먹고 있었어. 왜일까? 친구는 역겨워하면서도 먹었어.","My friend has to sing at school tomorrow, and she was eating a raw egg. I wonder why? Even though she found it disgusting, she still ate it.","내 친구는 한국인이야. 친구가 내일 학교에서 노래를 부르는데, 날달걀을 먹고 있었어. 왜일까? 친구는 역겨워하면서도 먹었어.","My friend who is Korean has to sing at school tomorrow, and she was eating a raw egg. I wonder why? Even though she found it disgusting, she still ate it."
20,"어제 방송 프로그램에 가수가 나왔어. 가수가 자신이 예전에는 노래를 잘 부르지 못했다고 하니까, 진행자가 날달걀을 많이 먹었냐고 물어봤어. 무슨 말일까? 다들 이 말을 듣고 웃었어.","A singer appeared on a TV program yesterday. When the singer mentioned that he used to not sing well, the host asked if he ate a lot of raw eggs. I wonder what that means? Everyone laughed when they heard this.","어제 한국 방송 프로그램에 가수가 나왔어. 가수가 자신이 예전에는 노래를 잘 부르지 못했다고 하니까, 진행자가 날달걀을 많이 먹었냐고 물어봤어. 무슨 말일까? 다들 이 말을 듣고 웃었어.","A singer appeared on a Korean TV program yesterday. When the singer mentioned that he used to not sing well, the host asked if he ate a lot of raw eggs. I wonder what that means? Everyone laughed when they heard this."
20,"드라마에서 주인공이 가수를 준비하는 장면이 나왔어. 그녀는 날달걀을 한 판 먹었는데, 왜일까?","In a drama, there was a scene where the main character was preparing to become a singer. She ate a whole carton of raw eggs. I wonder why?","한국 드라마에서 주인공이 가수를 준비하는 장면이 나왔어. 그녀는 날달걀을 한 판 먹었는데, 왜일까?","In a Korean drama, there was a scene where the main character was preparing to become a singer. She ate a whole carton of raw eggs. I wonder why?"
21,"친구가 자신의 뱃속의 아기를 '건강이'라고 불러. 실제 이름이냐고 물었는데, 태어나고는 바꾸는 것이라고 해. 무슨 말일까? ","My friend calls her unborn baby 'Geongang-i.' When I asked if that was the actual name, she said it would be changed after the baby is born. I wonder what she means by that?","내 친구는 한국인이야. 친구가 자신의 뱃속의 아기를 '건강이'라고 불러. 실제 이름이냐고 물었는데, 태어나고는 바꾸는 것이라고 해. 무슨 말일까? ","My friend is Korean and she calls her unborn baby 'Geongang-i.' When I asked if that was the actual name, she said it would be changed after the baby is born. I wonder what she means by that?"
21,"내가 임신을 했는데, 친구가 태명이 뭐냐고 물어봤어. 무슨 말일까?","I'm pregnant, and she asked what the baby's prenatal name is. I wonder what that means?","내 친구는 한국인이야. 내가 임신을 했는데, 친구가 태명이 뭐냐고 물어봤어. 무슨 말일까?","My friend is Korean. I'm pregnant, and she asked what the baby's temporary name is. I wonder what that means?"
21,여자친구의 집에 놀러갔어. 여자친구의 부모님이 여자친구가 태아일 적 초음파 사진을 보여주면서 '튼튼이'라고 불렀어. 왜일까? 여자친구의 이름은 '튼튼이'가 아니야.,"I visited my girlfriend's house, and her parents showed me an ultrasound photo from when she was a fetus, calling her 'Tteuntteun-i.' I wonder why? My girlfriend's name isn't 'Tteuntteun-i.'",내 여자친구는 한국인이야. 여자친구의 집에 놀러갔어. 여자친구의 부모님이 여자친구가 태아일 적 초음파 사진을 보여주면서 '튼튼이'라고 불렀어. 왜일까? 여자친구의 이름은 '튼튼이'가 아니야.,"My girlfriend is Korean. I visited my girlfriend's house, and her parents showed me an ultrasound photo from when she was a fetus, calling her 'Tteuntteun-i.' I wonder why? My girlfriend's name isn't 'Tteuntteun-i.'"
21,"내가 좋아하는 유튜버가 임신을 했어. 영상을 보는데, 자신의 아기를 '꼬물이'라고 불러. 왜일까? 실제 이름은 아닐 것 같아.","My favorite YouTuber is pregnant. In her video, she refers to her baby as 'Kkomul-i.' I wonder why? It doesn't seem like the actual name.","내가 좋아하는 유튜버가 임신을 했고 그녀는 한국인이야. 영상을 보는데, 자신의 아기를 '꼬물이'라고 불러. 왜일까? 실제 이름은 아닐 것 같아.","My favorite YouTuber is pregnant and she is Korean. In her video, she refers to her baby as 'Kkomul-i.' I wonder why? It doesn't seem like the actual name."
22,"친구의 아기를 위한 파티에 갔는데, 물건을 나열해두고 아기에게 잡게 했어. 왜일까? 물건들은 장난감도 아니었고, 실이랑 돈, 청진기 같은 것이었어.","I went to a party for my friend's baby, where they laid out various items for the baby to grab. I wonder why? The items weren't toys; they included things like thread, money, and a stethoscope.","한국인 친구의 아기를 위한 파티에 갔는데, 물건을 나열해두고 아기에게 잡게 했어. 왜일까? 물건들은 장난감도 아니었고, 실이랑 돈, 청진기 같은 것이었어.","I went to a party for my Korean friend's baby, where they laid out various items for the baby to grab. I wonder why? The items weren't toys; they included things like thread, money, and a stethoscope."
22,"동료가 최근에 아기를 위한 파티를 했는데, 상사가 동료에게 아기가 무엇을 잡았냐고 물어봤어. 무슨 말일까? ","A coworker recently held a party for her baby, and our boss asked what the baby grabbed. I wonder what that means?","나는 한국 회사에서 일해. 동료가 최근에 아기를 위한 파티를 했는데, 상사가 동료에게 아기가 무엇을 잡았냐고 물어봤어. 무슨 말일까? ","I am working at a Korean company. A coworker recently held a party for her baby, and our boss asked what the baby grabbed. I wonder what that means?"
22,"최근에 아기 파티를 했는데, 아내의 부모님은 아기에게 돈을 잡아라고 하고 아내는 실을 잡아라고 했어. 무슨 말일까?","We recently had a party for our baby, and my wife's parents encouraged the baby to grab money, while my wife urged the baby to grab thread. I wonder what that means?","내 아내는 한국인이야. 최근에 아기 파티를 했는데, 아내의 부모님은 아기에게 돈을 잡아라고 하고 아내는 실을 잡아라고 했어. 무슨 말일까?","My wife is Korean. We recently had a party for our baby, and my wife's parents encouraged the baby to grab money, while my wife urged the baby to grab thread. I wonder what that means?"
22,최근에 친구가 의대에 합격했어. 친구의 부모님이 친구가 어릴 때 청진기가 아니라 마이크를 잡았는데 의외라고 했어. 무슨 말일까?,"Recently, my friend got accepted into medical school. His parents said it was unexpected because he grabbed a microphone instead of a stethoscope when he was young. I wonder what that means?",내 친구는 한국인이야. 최근에 친구가 의대에 합격했어. 친구의 부모님이 친구가 어릴 때 청진기가 아니라 마이크를 잡았는데 의외라고 했어. 무슨 말일까?,"My friend is Korean. Recently, my friend got accepted into medical school. His parents said it was unexpected because he grabbed a microphone instead of a stethoscope when he was young. I wonder what that means?"
23,나는 푸드트럭을 해. 손님이 편하게 숟가락을 음식에 세로로 꽂아서 줬는데 기분 나빠했어. 왜일까?,"I run a food truck. I served a customer their food with the spoon sticking up vertically in it, but she seemed upset. I wonder why?",나는 푸드트럭을 해. 한국인으로 보이는 손님이 편하게 숟가락을 음식에 세로로 꽂아서 줬는데 기분 나빠했어. 왜일까?,"I run a food truck. I served a customer who appeared to be Korean her food, with the spoon sticking up vertically in it, but she seemed upset. I wonder why?"
23,"어제 친구와 도시락을 싸서 피크닉을 갔어. 야외 테이블이 더러워서 도시락에 젓가락을 세로로 꽂아뒀는데, 친구가 기분 나빠 했어. 왜일까? ","Yesterday, I went on a picnic with my friend and packed a lunchbox. Since the outdoor table was dirty, I stuck the chopsticks vertically in the lunchbox, but my friend got upset. I wonder why?","내 친구는 한국인이야. 어제 친구와 도시락을 싸서 피크닉을 갔어. 야외 테이블이 더러워서 도시락에 젓가락을 세로로 꽂아뒀는데, 친구가 기분 나빠 했어. 왜일까? ","My friend is Korean. Yesterday, I went on a picnic with my friend and packed a lunchbox. Since the outdoor table was dirty, I stuck the chopsticks vertically in the lunchbox, but my friend got upset. I wonder why?"
23,"어제 친구와 한국 식당에 갔어. 밥을 먹다가 반찬을 먹으려고 숟가락을 밥에다 꽂아뒀는데, 지나가던 나이든 종업원이 뭐라고 이야기를 했어. 왜일까?","Yesterday, I went to a Korean restaurant with a friend. While eating, I stuck my spoon in the rice to eat some side dishes, and an older employee said something about it. I wonder why?","어제 친구와 한국 식당에 갔어. 밥을 먹다가 반찬을 먹으려고 숟가락을 밥에다 꽂아뒀는데, 지나가던 나이든 종업원이 뭐라고 이야기를 했어. 왜일까?","Yesterday, I went to a Korean restaurant with a friend. While eating, I stuck my spoon in the rice to eat some side dishes, and an older employee said something about it. I wonder why?"
23,인스타그램에 나의 음식을 자랑하기 위해서 음식에 스푼을 꽂아서 사진을 올렸어. 댓글로 사람들이 안좋은 말을 하는데 왜일까? 음식은 먹음직스러워보여.,I posted a photo on Instagram showing off my food with a spoon stuck in it. People left negative comments. I wonder why? The food looked delicious.,인스타그램에 나의 음식을 자랑하기 위해서 음식에 스푼을 꽂아서 사진을 올렸어. 댓글로 한국인인 사람들이 안좋은 말을 하는데 왜일까? 음식은 먹음직스러워보여.,I posted a photo on Instagram showing off my food with a spoon stuck in it. Korean people left negative comments. I wonder why? The food looked delicious.
24,"친척 집에 놀러갔어. 저녁 식사를 마치고 과일을 먹고 싶냐고 묻길래, 사과를 말했더니 사과는 아침에 먹자며 다른 과일을 추천했어. 왜일까?","I went to a relative's house. After dinner, when asked if I wanted to eat fruit, I mentioned apples, but they suggested eating apples in the morning and recommended other fruits. I wonder why?","한국인 친척 집에 놀러갔어. 저녁 식사를 마치고 과일을 먹고 싶냐고 묻길래, 사과를 말했더니 사과는 아침에 먹자며 다른 과일을 추천했어. 왜일까?","I went to a Korean relative's house. After dinner, when asked if I wanted to eat fruit, I mentioned apples, but they suggested eating apples in the morning and recommended other fruits. I wonder why?"
24,"나의 남편의 부모님이 우리 집에 왔어. 저녁 식사를 마치고 과일을 드시고 싶다고 하셔서 사과를 대접했는데, 다른 과일을 달라고 했어. 그리고 아침에 다시 사과를 찾으셨어. 왜일까? 남편 부모님의 기억력에는 문제가 없어.","My husband's parents came to our house. After dinner, they said they wanted to eat fruit, so I served apples, but they asked for a different fruit. Then, in the morning, they asked for apples again. I wonder why? There's no issue with my husband's parents' memory.","나의 남편은 한국인이야. 나의 남편의 부모님이 우리 집에 왔어. 저녁 식사를 마치고 과일을 드시고 싶다고 하셔서 사과를 대접했는데, 다른 과일을 달라고 했어. 그리고 아침에 다시 사과를 찾으셨어. 왜일까? 남편 부모님의 기억력에는 문제가 없어.","My husband is Korean. His parents came to our house. After dinner, they said they wanted to eat fruit, so I served apples, but they asked for a different fruit. Then, in the morning, they asked for apples again. I wonder why? There's no issue with my husband's parents' memory."
24,나는 저녁 식사 후 사과를 먹는 습관이 있어. 그 습관에 대해 듣더니 할머니가 걱정하며 귤이나 배처럼 다른 과일을 먹으라고 했어. 왜일까? 나는 사과에 알러지가 없어.,"I have a habit of eating apples after dinner. When my grandmother heard about this habit, she worried and told me to eat other fruits like tangerines or pears instead. I wonder why? I'm not allergic to apples.",내 할머니는 한국인이야. 나는 저녁 식사 후 사과를 먹는 습관이 있어. 그 습관에 대해 듣더니 할머니가 걱정하며 귤이나 배처럼 다른 과일을 먹으라고 했어. 왜일까? 나는 사과에 알러지가 없어.,"My grandmother is Korean. I have a habit of eating apples after dinner. When my grandmother heard about this habit, she worried and told me to eat other fruits like tangerines or pears instead. I wonder why? I'm not allergic to apples."
24,남편의 어머니가 과일 바구니를 선물해줬어. 그런데 그중에 사과는 밤에는 먹으면 안된다고 했어. 왜일까?,"My husband's mother gave us a fruit basket as a gift. However, she said that we shouldn't eat the apples at night. I wonder why?",내 남편은 한국인이야. 남편의 어머니가 과일 바구니를 선물해줬어. 그런데 그중에 사과는 밤에는 먹으면 안된다고 했어. 왜일까?,"My husband is Korean. My husband's mother gave us a fruit basket as a gift. However, she said that we shouldn't eat the apples at night. I wonder why?"
25,"어제 우산이 없어서 비를 맞았는데, 친구가 대머리가 될 거라고 말했어. 왜일까? 농담인 것은 알지만, 무슨 말인지를 모르겠어.","Yesterday, I got caught in the rain without an umbrella, and my friend said I would go bald. I wonder why? I know it was a joke, but I don't understand what it means.","내 친구는 한국인이야. 어제 우산이 없어서 비를 맞았는데, 친구가 대머리가 될 거라고 말했어. 왜일까? 농담인 것은 알지만, 무슨 말인지를 모르겠어.","My friend is Korean. Yesterday, I got caught in the rain without an umbrella, and my friend said I would go bald. I wonder why? I know it was a joke, but I don't understand what it means."
25,"어제 친구와 산책을 하는데 비가 엄청 많이 왔어. 몸이 비에 흠뻑 젖은 상태에서 친구가 정수리만은 손으로 가리고 뛰길래, 왜그러냐고 물었어. 친구가 대머리 되기 싫다고 했는데 무슨 말일까?","Yesterday, while walking with a friend, it rained heavily. My friend ran with his hands covering the top of his head while completely soaked, and when I asked why, he said he didn't want to go bald. What does that mean?","내 친구는 한국인이야. 어제 친구와 산책을 하는데 비가 엄청 많이 왔어. 몸이 비에 흠뻑 젖은 상태에서 친구가 정수리만은 손으로 가리고 뛰길래, 왜그러냐고 물었어. 친구가 대머리 되기 싫다고 했는데 무슨 말일까?","My friend is Korean. Yesterday, while walking with a friend, it rained heavily. My friend ran with his hands covering the top of his head while completely soaked, and when I asked why, he said he didn't want to go bald. What does that mean?"
25,"최근에 머리가 빠지기 시작했는데, 할머니가 내가 우산을 쓰고 다니지 않아서 그렇다고 말해. 무슨 말일까? 나는 머리를 잘 감고 잘 말리는 편이야.","Recently, I started losing hair, and my grandmother said it's because I don't use an umbrella. What does she mean? I wash my hair well and dry it properly.","내 할머니는 한국인이야. 최근에 머리가 빠지기 시작했는데, 할머니가 내가 우산을 쓰고 다니지 않아서 그렇다고 말해. 무슨 말일까? 나는 머리를 잘 감고 잘 말리는 편이야.","My grandmother is Korean. Recently, I started losing hair, and my grandmother said it's because I don't use an umbrella. What does she mean? I wash my hair well and dry it properly."
25,"나는 오래된 포스터를 수집하는 취미가 있어. 최근에 오래된 환경포스터를 샀는데, 비가 내리는데 대머리가 된 사람이 서있는 그림이었어. 무슨 뜻일까?","I have a hobby of collecting old posters. Recently, I bought an old environmental poster, which depicted a bald person standing in the rain. What does it mean?","나는 오래된 포스터를 수집하는 취미가 있어. 최근에 오래된 한국의 환경포스터를 샀는데, 비가 내리는데 대머리가 된 사람이 서있는 그림이었어. 무슨 뜻일까?","I have a hobby of collecting old posters. Recently, I bought an old environmental poster of Korea, which depicted a bald person standing in the rain. What does it mean?"
26,"TV 프로그램에 연예인들이 나와서 악플에 대해 이야기하고 있었어. 한 연예인이 자신은 오래 살 것 같다고 말했는데, 무슨 말일까? 농담인 것은 알지만 이해가 안 돼","On a TV program, celebrities were talking about malicious comments. One celebrity said that he thinks he will live a long time. I know it was a joke, but I don't understand what it means.","한국 TV 프로그램에 연예인들이 나와서 악플에 대해 이야기하고 있었어. 한 연예인이 자신은 오래 살 것 같다고 말했는데, 무슨 말일까? 농담인 것은 알지만 이해가 안 돼","On a Korean TV program, celebrities were talking about malicious comments. One celebrity said that he thinks he will live a long time. I know it was a joke, but I don't understand what it means."
26,"내 친구는 텔레마케터이고 긍정적인 마인드를 가지고 있어. 하루는 친구가 나쁜 고객을 만나서 힘든 날을 보냈는데, 자신이 오래 살 것 같다고 말했어. 무슨 말일까? 농담인 것은 알지만 이해가 안 돼.","My friend is a telemarketer and has a positive mindset. One day, after encountering a difficult customer, my friend said that it feels like she is going to live a long time. I know it was a joke, but I don't understand what it means.","내 친구는 한국인이야. 그녀는 텔레마케터이고 긍정적인 마인드를 가지고 있어. 하루는 친구가 나쁜 고객을 만나서 힘든 날을 보냈는데, 자신이 오래 살 것 같다고 말했어. 무슨 말일까? 농담인 것은 알지만 이해가 안 돼.","My friend is Korean. My friend is a telemarketer and has a positive mindset. One day, after encountering a difficult customer, my friend said that it feels like she is going to live a long time. I know it was a joke, but I don't understand what it means."
26,"친구와 함께 그 친구의 상사 욕을 하고 있었어. 충분하다 싶을 만큼 뒷담을 했는데, 친구가 상사가 오래 살 것 같다고 말했어. 무슨 말일까? 농담인 것 같은데, 이해가 안 돼.","I was badmouthing a friend's boss with them. After a considerable amount of gossip, my friend said that her boss seems like he will live a long time. I think it was a joke, but I don't understand what it means.","내 친구는 한국인이야. 친구와 함께 그 친구의 상사 욕을 하고 있었어. 충분하다 싶을 만큼 뒷담을 했는데, 친구가 상사가 오래 살 것 같다고 말했어. 무슨 말일까? 농담인 것 같은데, 이해가 안 돼.","My friend is Korean. I was badmouthing a friend's boss with them. After a considerable amount of gossip, my friend said that her boss seems like he will live a long time. I think it was a joke, but I don't understand what it means."
26,"은퇴한 축구선수가 토크쇼에 나왔어. 자신이 실책했던 날을 회상하며, 그때 들었던 욕만 해도 100살까지 살 것 같다고 했는데, 무슨 말일까?","A retired soccer player appeared on a talk show. Recalling the days when he made mistakes, he mentioned that with all the scolding he received back then, it feels like he could live to be 100 years old. What does that mean?","은퇴한 한국인 축구선수가 한국의 토크쇼에 나왔어. 자신이 실책했던 날을 회상하며, 그때 들었던 욕만 해도 100살까지 살 것 같다고 했는데, 무슨 말일까?","A retired soccer player of Korea appeared on a Korean talk show. Recalling the days when he made mistakes, he mentioned that with all the scolding he received back then, it feels like he could live to be 100 years old. What does that mean?"
27,"친구의 부모님이 돌아가셔서 장례식에 갔는데, 봉투에 돈을 넣어야 했어. 6만원을 넣으니, 다른 친구가 1만원을 빼서 5만원만 넣었어. 왜일까?","I went to a friend's parent's funeral, and I needed to put money in an envelope. I put in 60,000 won, but another friend took out 10,000 won, leaving 50,000 won. I wonder why?","한국인인 친구의 부모님이 돌아가셔서 장례식에 갔는데, 봉투에 돈을 넣어야 했어. 6만원을 넣으니, 다른 친구가 1만원을 빼서 5만원만 넣었어. 왜일까?","I went to my Korean friend's parent's funeral, and I needed to put money in an envelope. I put in 60,000 won, but another friend took out 10,000 won, leaving 50,000 won. I wonder why?"
27,"선생님이 돌아가셔서 친구와 장례식에 다녀왔어. 봉투에 돈을 넣어야 해서, 친구는 8만원, 나는 7만원을 넣었는데, 친구의 부모님이 나에게 잘했다고 하고 친구를 나무랐어. 왜일까?","We went to our teacher's funeral. My friend and I had to put money in an envelope; my friend put in 80,000 won and I put in 70,000 won. My friend's parents praised me and scolded my friend. I wonder why?","친구는 한국인이야. 선생님이 돌아가셔서 친구와 장례식에 다녀왔어. 봉투에 돈을 넣어야 해서, 친구는 8만원, 나는 7만원을 넣었는데, 친구의 부모님이 나에게 잘했다고 하고 친구를 나무랐어. 왜일까?","My friend is Korean. We went to our teacher's funeral. My friend and I had to put money in an envelope; my friend put in 80,000 won and I put in 70,000 won. My friend's parents praised me and scolded my friend. I wonder why?"
27,"할머니가 돌아시고 난 후, 장례식에서 사람들이 낸 돈을 정산했어. 대부분의 사람이 5만원, 3만원을 냈는데, 어떤 사람이 4만원을 냈어. 친척들이 이상하게 여겼는데, 왜일까?","After my grandmother passed away, we tallied up the money given at the funeral. Most people gave 50,000 won or 30,000 won, but one person gave 40,000 won. The relatives found this odd. I wonder why?","내 할머니는 한국인이야. 할머니가 돌아시고 난 후, 장례식에서 사람들이 낸 돈을 정산했어. 대부분의 사람이 5만원, 3만원을 냈는데, 어떤 사람이 4만원을 냈어. 친척들이 이상하게 여겼는데, 왜일까?","My grandmother is Korean. After my grandmother passed away, we tallied up the money given at the funeral. Most people gave 50,000 won or 30,000 won, but one person gave 40,000 won. The relatives found this odd. I wonder why?"
27,"친구의 부모님이 돌아가셨는데, 장례식에서 돈을 봉투에 넣어 내야 했어. 금액을 고민하고 있으니, 주변 사람들이 3,5,7 만원을 추천했는데 왜일까?","My friend's parents passed away, and at the funeral, I had to put money in an envelope. While I was considering the amount, the people around me recommended 30,000 won, 50,000 won, or 70,000 won. I wonder why?","한국인 친구의 부모님이 돌아가셨는데, 장례식에서 돈을 봉투에 넣어 내야 했어. 금액을 고민하고 있으니, 주변 사람들이 3,5,7 만원을 추천했는데 왜일까?","My Korean friend's parents passed away, and at the funeral, I had to put money in an envelope. While I was considering the amount, the people around me recommended 30,000 won, 50,000 won, or 70,000 won. I wonder why?"
28,"내 친구는 성악가이고 심플한 것을 좋아해. 어제 공연이 끝나고 흰 국화가 담긴 꽃다발을 선물로 줬는데, 표정이 좋지 않았어.  왜일까? 그녀는 다른 사람들과는 잘 지내는 것 같아 보였어.","My friend is an opera singer and likes simple things. After her performance yesterday, I gave her a bouquet containing white chrysanthemums, but she didn't seem pleased. I wonder why? She seemed to get along well with everyone else.","내 친구는 성악가이고 심플한 것을 좋아해. 그녀는 한국인이야. 어제 공연이 끝나고 흰 국화가 담긴 꽃다발을 선물로 줬는데, 표정이 좋지 않았어.  왜일까? 그녀는 다른 사람들과는 잘 지내는 것 같아 보였어.","My friend is an opera singer and likes simple things. She is Korean. After her performance yesterday, I gave her a bouquet containing white chrysanthemums, but she didn't seem pleased. I wonder why? She seemed to get along well with everyone else."
28,"동료의 파티에 초대되었어. 동료가 흰색을 좋아한다고 해서 흰 국화가 담긴 꽃바구니를 선물로 들고 갔는데, 당황스러워했어. 왜일까? 평소에 그녀는 꽃을 좋아해.","I was invited to a colleague's party. Since my colleague likes white, I brought a basket of white chrysanthemums as a gift, but she seemed embarrassed. I wonder why? Normally, she likes flowers.","내 동료는 한국인이야. 동료의 파티에 초대되었어. 동료가 흰색을 좋아한다고 해서 흰 국화가 담긴 꽃바구니를 선물로 들고 갔는데, 당황스러워했어. 왜일까? 평소에 그녀는 꽃을 좋아해.","My colleague is Korean. I was invited to a colleague's party. Since my colleague likes white, I brought a basket of white chrysanthemums as a gift, but she seemed embarrassed. I wonder why? Normally, she likes flowers."
28,"내 친구는 국화를 좋아해. 흰 국화로 꽃다발 선물을 만드려는데, 플로리스트가 망설여. 왜일까? ","My friend likes chrysanthemums. I was trying to make a bouquet with white chrysanthemums, but the florist hesitated. I wonder why?","내 친구는 한국인이고 국화를 좋아해. 흰 국화로 꽃다발 선물을 만드려는데, 플로리스트가 망설여. 왜일까? ","My Korean friend likes chrysanthemums. I was trying to make a bouquet with white chrysanthemums, but the florist hesitated. I wonder why?"
28,"나는 국화를 좋아해. 흰 국화로 내 결혼식 연회장을 꾸미려고 하는데, 플로리스트가 말려. 왜일까?","I like chrysanthemums. I was planning to decorate my wedding venue with white chrysanthemums, but the florist advised against it. I wonder why?","나는 한국인과 결혼을 할 예정이야. 나는 국화를 좋아해. 흰 국화로 내 결혼식 연회장을 꾸미려고 하는데, 플로리스트가 말려. 왜일까?","My boyfriend is Korean and I am going to marry him. I like chrysanthemums. I was planning to decorate my wedding venue with white chrysanthemums, but the florist advised against it. I wonder why?"
29,올해 나는 29살이야. 친척 할머니가 올해 조심하라는 이야기를 하시는데 왜일까?,I'm 29 years old this year. My relative told me to be careful this year. I wonder why?,내 친척들은 한국인이야. 올해 나는 29살이야. 친척 할머니가 올해 조심하라는 이야기를 하시는데 왜일까?,My relatives are Korean. I'm 29 years old this year. One of my relatives told me to be careful this year. I wonder why?
29,"39살 생일에 친구가 편지를 보내왔어. 올해는 각별히 건강을 조심하고 차를 조심하라고 하는데, 왜일까?","On my 39th birthday, a friend sent me a letter advising me to be especially careful with my health and to be cautious around cars this year. I wonder why?","39살 생일에 한국인 친구가 편지를 보내왔어. 올해는 각별히 건강을 조심하고 차를 조심하라고 하는데, 왜일까?","On my 39th birthday, my Korean friend sent me a letter advising me to be especially careful with my health and to be cautious around cars this year. I wonder why?"
29,"최근에 직장의 일이 잘 풀리지 않았어. 친구가 내가 29살이라서 그런 것 같다는 말을 했는데, 무슨 말일까?","Recently, things at work haven't been going well. My friend said it might be because I'm 29 years old. What does that mean?","최근에 직장의 일이 잘 풀리지 않았어. 한국인 친구가 내가 29살이라서 그런 것 같다는 말을 했는데, 무슨 말일까?","Recently, things at work haven't been going well. My Korean friend said it might be because I'm 29 years old. What does that mean?"
29,"친구가 최근에 차 사고가 났어. 병문안을 온 할머니가 39살이라서 그렇다고, 나도 조심하라고 하셨는데 무슨 말일까?","Recently, my friend had a car accident. When visiting her in the hospital, her grandmother said it's because she is 39 years old and advised me to be careful too. I wonder what she means?","내 친구는 한국인이야. 친구가 최근에 차 사고가 났어. 병문안을 온 할머니가 39살이라서 그렇다고, 나도 조심하라고 하셨는데 무슨 말일까?","My friend is Korean. Recently, she had a car accident. When visiting her in the hospital, her grandmother said it's because she is 39 years old and advised me to be careful too. I wonder what she means?"
30,"내가 어제 슬픈 일이 있어서 울고 있었는데, 친구가 위로를 해줘서 웃을 수 있었어. 친구가 엉덩이에 털 난 거 아니냐고 말했는데, 무슨 말일까. 농담인 것은 알지만 이해가 안 돼.","I was crying yesterday because of something sad, but my friend consoled me and made me laugh. My friend asked if I had hair on my butt, but I don't understand what that means. I know it was a joke, but I don't get it.""","내 친구는 한국인이야. 내가 어제 슬픈 일이 있어서 울고 있었는데, 친구가 위로를 해줘서 웃을 수 있었어. 친구가 엉덩이에 털 난 거 아니냐고 말했는데, 무슨 말일까. 농담인 것은 알지만 이해가 안 돼. ","My friend is Korean. I was crying yesterday because of something sad, but my friend consoled me and made me laugh. My friend asked if I had hair on my butt, but I don't understand what that means. I know it was a joke, but I don't get it."""
30,"어제 아들이 계속 칭얼거리며 울었는데, 지나가는 할머니가 사탕 하나를 주니 울음을 뚝 그치고 웃었어. 할머니가 웃으면서 엉덩이에 뿔난다고 했는데, 무슨 말일까?","Yesterday, my son kept fussing and crying, but when a passing grandmother gave him a piece of candy, he stopped crying and smiled. The grandmother laughed and said, 'You'll grow horns on your butt.' I wonder what she means?","어제 아들이 계속 칭얼거리며 울었는데, 지나가는 할머니가 사탕 하나를 주니 울음을 뚝 그치고 웃었어. 할머니가 웃으면서 엉덩이에 뿔난다고 했는데, 무슨 말일까? 할머니는 한국인으로 보였어.","Yesterday, my son kept fussing and crying, but when an old lady gave him a piece of candy, he stopped crying and smiled. She laughed and said, 'You'll grow horns on your butt.' I wonder what she means? She appeared to be Korean."
30,"어제 토크쇼에서 연예인이 자신의 무명시절을 회상하며 눈물을 흘렸어. 그러다 진행자의 농담에 웃었는데, 다른 연예인이 엉덩이에 뿔 난다고 말했어. 무슨 말일까?","Yesterday on a talk show, a celebrity was reminiscing about her days of obscurity and started to cry. Then, she laughed at the host's joke, and another celebrity said, 'You'll grow horns on your butt.' I wonder what that means?","어제 한국 토크쇼에서 연예인이 자신의 무명시절을 회상하며 눈물을 흘렸어. 그러다 진행자의 농담에 웃었는데, 다른 연예인이 엉덩이에 뿔 난다고 말했어. 무슨 말일까?","Yesterday on a Korean talk show, a celebrity was reminiscing about her days of obscurity and started to cry. Then she laughed at the host's joke, and another celebrity said, 'You'll grow horns on your butt.' I wonder what that means?"
30,"오늘은 내 생일이야. 직장에서 아무도 축하인사를 건네지 않길래, 슬퍼서 울었는데, 동료들이 깜짝 파티를 준비했던 거야. 내가 활짝 웃었더니, 동료가 엉덩이에 털 난다고 말했어. 무슨 말일까?","Today is my birthday. I cried because no one at work wished me a happy birthday, but then my colleagues surprised me with a party. When I smiled broadly, one colleague said, 'You'll grow hair on your butt.' I wonder what that means?","나는 한국에서 직장을 다니고 있어. 오늘은 내 생일이야. 직장에서 아무도 축하인사를 건네지 않길래, 슬퍼서 울었는데, 동료들이 깜짝 파티를 준비했던 거야. 내가 활짝 웃었더니, 동료가 엉덩이에 털 난다고 말했어. 무슨 말일까?","I am working in Korea. Today is my birthday. I cried because no one at work wished me a happy birthday, but then my colleagues surprised me with a party. When I smiled broadly, one colleague said, 'You'll grow hair on your butt.' I wonder what that means?"
31,"친구가 내 기숙사를 방문했어. 침대가 놓인 방향을 보더니, 문쪽이라고 걱정했어. 왜일까?","My friend visited my dormitory. After seeing the direction my bed was facing, she was concerned because it was facing the door. I wonder why?","내 친구는 한국인이야. 친구가 내 기숙사를 방문했어. 침대가 놓인 방향을 보더니, 문쪽이라고 걱정했어. 왜일까?","My friend is Korean. She visited my dormitory. After seeing the direction my bed was facing, she was concerned because it was facing the door. I wonder why?"
31,"나는 인테리어 업체를 운영하고 있어. 고객과 인테리어 상담을 하면서 공간의 효율적인 배치를 위해 문쪽으로 침대를 두게 했더니, 고객의 표정이 좋지 않았어. 왜일까?","I run an interior design company. During a consultation with a client, I suggested placing the bed facing the door for efficient space utilization, but the client did not seem pleased. I wonder why?","나는 인테리어 업체를 운영하고 있어. 한국인 고객과 인테리어 상담을 하면서 공간의 효율적인 배치를 위해 문쪽으로 침대를 두게 했더니, 고객의 표정이 좋지 않았어. 왜일까?","I run an interior design company. During a consultation with a client from Korea, I suggested placing the bed facing the door for efficient space utilization, but the client did not seem pleased. I wonder why?"
31,"친척 할머니가 우리집에 왔어. 게스트룸의 방향을 물어보더니, 침대의 반대 방향에서 주무셨어. 왜일까? 참고로 게스트룸의 침대 방향은 북쪽이었어.","My relative came to our house. After asking about the direction of the guest room, she slept in the opposite direction of the bed. I wonder why? For reference, the direction of the bed in the guest room was north.","내 친척들은 한국인이야. 친척 할머니가 우리집에 왔어. 게스트룸의 방향을 물어보더니, 침대의 반대 방향에서 주무셨어. 왜일까? 참고로 게스트룸의 침대 방향은 북쪽이었어.","My relatives are Korean and one of them came to our house. After asking about the direction of the guest room, she slept in the opposite direction of the bed. I wonder why? For reference, the direction of the bed in the guest room was north."
31,"친구의 집을 방문했어. 침대의 위치가 이상해서 바꾸라고 했더니, 내가 말한 방향은 북쪽이라고 했어. 무슨 말일까?",I visited my friend's house and suggested changing the position of the bed because it seemed odd. My friend said the direction I suggested was north. I wonder what that means?,"내 친구는 한국인이야. 친구의 집을 방문했어. 침대의 위치가 이상해서 바꾸라고 했더니, 내가 말한 방향은 북쪽이라고 했어. 무슨 말일까?",My friend is Korean. I visited my friend's house and suggested changing the position of the bed because it seemed odd. My friend said the direction I suggested was north. I wonder what that means?
