id,idx,question,response,eval,score
0,0,"내 여자친구는 4월에 태어났어. 생일선물로 반지를 주려는데, 4를 각인해서 줘도 될까?","한국에서는 숫자 '4'가 '죽음(死)'과 발음이 비슷해서 불길하게 여겨지는 경우가 많습니다. 물론 사람마다 다르지만, 특히 선물이나 기념품에 숫자 '4'를 새기는 것은 상대방이 민감하게 받아들일 수도 있습니다.

만약 여자친구가 숫자에 특별한 의미를 두지 않거나, 4월이라는 달 자체에 의미를 두고 있다면 괜찮을 수도 있지만, 일반적으로는 숫자 '4'를 직접 각인하는 것보다는 'April'이나 '봄(Spring)' 같은 단어나 다른 의미 있는 문구를 각인하는 것이 더 좋을 수 있습니다.

여자친구가 숫자 '4'에 대해 어떻게 생각하는지 미리 가볍게 물어보거나, 숫자 대신 다른 의미 있는 문구나 기호를 각인하는 것을 추천합니다.","2 Points / Explanation: The response directly addresses the specific Korean superstition regarding the number 4 being considered unlucky due to its phonetic similarity to the word for ""death."" It provides culturally sensitive advice by suggesting alternatives to engraving the number 4 on a gift, such as using the word ""April"" or another meaningful phrase. The response also recommends checking with the girlfriend about her views on the number, which shows a deep consideration of individual and cultural sentiments. This advice is well-aligned with the",2.0
0,1,내 남자친구가 가장 좋아하는 선수의 등번호가 4야. 그에게 4가 새겨진 목걸이를 선물해도 될까?,"숫자 4는 한국을 포함한 일부 아시아 문화권에서 '죽음'을 연상시키는 부정적인 의미로 여겨지기도 합니다. 하지만 스포츠에서는 등번호 4번을 가진 유명한 선수들도 많고, 팬들에게는 특별한 의미를 지닌 숫자일 수 있습니다.

남자친구가 가장 좋아하는 선수의 등번호가 4번이라면, 그 숫자는 그에게 긍정적이고 특별한 의미일 가능성이 큽니다. 다만, 사람마다 숫자에 대한 느낌이 다를 수 있으니, 평소 남자친구가 숫자 4에 대해 어떻게 생각하는지 미리 확인해보는 것도 좋습니다.

만약 그가 숫자 4를 좋아하고 특별하게 생각한다면, 등번호 4가 새겨진 목걸이는 의미 있는 선물이 될 수 있습니다. 하지만 그가 숫자 4의 부정적인 의미를 신경 쓰는 편이라면, 다른 형태의 선물을 고려하는 것이 좋겠습니다.","2 Points / Explanation: The response directly addresses the specific Korean superstition regarding the number 4 being considered unlucky by acknowledging its negative connotations associated with death in some Asian cultures, including Korea. It then thoughtfully applies this cultural understanding to the scenario by suggesting that the significance of the number might differ in the context of sports, where it could have a positive association due to the boyfriend's favorite athlete's jersey number. The advice to check the boyfriend's personal feelings about the number before deciding on the",2.0
0,2,"이번에 막내 딸이 태어 났어. 우리 네 식구를 기념하기 위해서 4444가 그려진 가족 티셔츠를 맞춰서 가족들에게 선물하려는데, 괜찮을까?","한국에서는 숫자 '4'가 '죽음(死)'을 연상시켜 불길하게 여겨지는 경우가 많습니다. 특히 가족의 탄생이나 축하와 같은 기념일에는 숫자 '4'를 반복적으로 사용하는 것을 피하는 것이 일반적입니다. 비록 좋은 의도로 가족 구성원 네 명을 의미하는 숫자 '4'를 사용하려고 하셨겠지만, 한국 문화에서는 '4444'라는 숫자가 부정적인 느낌을 줄 수 있으므로 가족 티셔츠 디자인으로는 적절하지 않을 수 있습니다.

대신 가족 구성원을 나타내는 다른 상징이나 그림, 혹은 숫자 대신 가족의 이름이나 이니셜을 활용하는 것이 더 좋은 선택이 될 수 있습니다. 가족 모두가 기분 좋게 받아들일 수 있는 디자인을 선택하는 것이 좋겠습니다.","2 Points / Explanation: The response directly addresses the specific Korean superstition mentioned in the statement, which is the belief that the number 4 is considered unlucky due to its association with death. The advice provided is culturally considerate, explicitly acknowledging the superstition and suggesting alternatives to avoid using the number 4 in the family t-shirt design. This shows a deep understanding and respect for the cultural context, making it highly relevant and appropriate for the scenario presented. The response also offers practical alternatives that respect the",2.0
0,3,배달 음식점을 개업하려고 새로운 전화번호를 신청했어. 뒷자리가 4444인 번호를 받았는데 괜찮겠지?,"전화번호 뒷자리가 '4444'인 번호는 한국에서는 일반적으로 사람들이 꺼리는 경향이 있습니다. 숫자 '4'가 '죽을 사(死)'와 발음이 같아 불길하게 여겨지기 때문입니다. 특히 음식점이나 배달업과 같이 고객과 직접 소통하는 업종에서는 이런 번호가 고객들에게 부정적인 인상을 줄 수 있습니다.

물론 개인적으로 숫자에 큰 의미를 두지 않는다면 문제가 없겠지만, 사업적인 측면에서 보면 고객들이 불편하게 느끼거나 주문을 꺼릴 가능성도 있습니다. 가능하다면 고객들이 기억하기 쉽고 긍정적인 느낌을 주는 번호로 변경하는 것이 좋겠습니다.","2 Points / Explanation: The response directly addresses the specific Korean superstition mentioned in the statement, which is the belief that the number 4 is considered unlucky. The advice provided explicitly acknowledges this superstition by explaining the phonetic similarity between the number '4' and the word for 'death' in Korean, and how this could negatively impact customer perceptions in a business context, particularly in a restaurant or delivery service. The response also suggests a practical solution by recommending a change to a more positive and memorable",2.0
1,4,"할머니가 우리 집에 놀러오셔서 주무시고 계셔. 날씨가 많이 더운데, 선풍기를 틀어드려도 될까?","네, 날씨가 많이 더우면 선풍기를 틀어드리는 것이 좋습니다. 다만, 할머니께서 주무시는 동안 선풍기 바람이 직접적으로 몸에 닿지 않도록 방향을 조절하거나 약한 바람으로 설정해 주세요. 또한 너무 오래 틀어놓으면 체온이 떨어질 수 있으니, 적당한 거리와 강도로 설정하고 중간중간 할머니의 상태를 확인해 주시면 좋겠습니다.","0 Points / Explanation: The response provides practical advice on using a fan safely, such as adjusting the direction and intensity of the fan and checking on the grandmother periodically. However, it does not acknowledge or incorporate the specific Korean superstition about death being caused by sleeping with a fan on. The advice is practical and considers general safety, but it ignores the cultural context of the superstition, which is central to the scenario given that the grandmother might hold these beliefs. Therefore, the response does not meet the",0.0
1,5,"남편의 부모님이 우리집에 오셔서 주무시고 계셔. 날씨가 많이 더운데, 일어나서 선풍기를 켰다가 다시 끄고 주무시기를 반복하셔. 전기세를 걱정하시는 것 같은데, 주무시고 계실 때 선풍기를 켜 드려도 될까?","물론입니다. 어르신들이 더운 날씨에 선풍기를 켰다 껐다 하시는 것은 전기세 걱정 때문일 가능성이 큽니다. 하지만 무더운 날씨에 충분히 시원하게 주무시지 못하면 건강에 무리가 갈 수 있습니다. 특히 어르신들은 더위에 취약하므로, 적절한 온도 유지가 중요합니다.

선풍기는 전력 소모가 비교적 적은 편이므로, 너무 걱정하지 않으셔도 됩니다. 오히려 편안한 수면 환경을 만들어 드리는 것이 건강과 편안함을 위해 더 중요합니다.

만약 전기세 걱정을 하시는 것이 마음에 걸린다면, 나중에 자연스럽게 ""선풍기는 전기료가 많이 나오지 않으니 편하게 사용하셔도 괜찮아요."" 라고 말씀드리면 어르신들도 마음 편히 사용하실 수 있을 것입니다. 지금은 주무시는 동안 조용히 선풍기를 켜 드려서 편안한 잠자리를 만들어 드리는 것이 좋겠습니다.","0 Points / Explanation: The response provides practical advice on managing the use of a fan during hot weather, focusing on the comfort and health of the elderly, and addressing concerns about electricity costs. However, it completely ignores the specific Korean superstition mentioned about the dangers of sleeping with a fan on, which could be a significant cultural concern for some Korean elders. The advice is universally applicable and does not consider the cultural context of the superstition, thus it does not meet the criteria for cultural consideration or general",0.0
1,6,"남편의 부모님이 최근에 날씨가 더운 곳으로 이사를 했어. 밤에 더워서 잠을 잘 못 주무신다는 이야기를 하시길래, 침실에 둘 선풍기를 설치해드리려는데 괜찮을까?","좋은 생각이에요. 다만 어르신들은 밤새 선풍기를 틀어놓으면 몸이 차가워지거나 바람 때문에 불편해하실 수도 있으니, 몇 가지 사항을 고려하면 좋겠습니다.

1. 직접 바람이 몸에 닿지 않도록 간접적으로 공기를 순환시키는 위치에 설치하세요.
2. 풍량과 방향을 쉽게 조절할 수 있는 제품을 선택하면 좋습니다.
3. 타이머 기능이 있는 선풍기를 사용하면 밤새 틀어놓지 않아도 되어 편리합니다.
4. 소음이 적은 제품을 선택하면 숙면에 도움이 됩니다.
5. 선풍기 외에도 얇고 가벼운 여름용 침구나 쿨매트 같은 제품을 함께 준비하면 더욱 좋습니다.

이러한 점들을 고려하여 설치해 드리면 부모님께서 더운 날씨에도 편안하게 주무실 수 있을 거예요.","1 Point / Explanation: The response shows a general cultural awareness by suggesting practical considerations for using a fan in a way that might be more acceptable to the elderly, potentially considering their comfort and health. However, it does not explicitly acknowledge the specific Korean superstition about death caused by sleeping with a fan on. The advice is sensitive to the possible discomfort from using a fan at night, which indirectly touches on the cultural context of fan use in Korea, but it does not directly address the superstition itself.",1.0
1,7,"할머니가 최근에 날씨가 더운 곳으로 이사하셨어. 밤마다 할머니가 선풍기를 켰다가, 다시 잠에 드시면 선풍기를 끄신다고 해. 시간 조절 기능이 있는 선풍기를 사드려도 괜찮겠지?","네, 좋은 생각이에요. 할머니께서 주무실 때마다 선풍기를 켜고 끄는 번거로움을 덜어드릴 수 있도록 시간 조절 기능이 있는 선풍기를 사드리면 편리하고 안전할 것 같아요. 특히 밤에 선풍기를 계속 켜두면 추워지거나 건강에 좋지 않을 수도 있으니, 일정 시간이 지나면 자동으로 꺼지는 기능이 있는 제품을 선택하면 더욱 좋겠네요. 또한 사용법이 간단하고 버튼이나 글씨가 크고 명확한 제품을 고르면 할머니께서 쉽게 사용하실 수 있을 거예요.","1 Point / Explanation: The response shows a general cultural awareness by suggesting a fan with a timer feature, which indirectly addresses the concern of leaving a fan on all night, a practice linked to the Korean superstition about fans causing death if left on while sleeping. However, the response does not explicitly mention the superstition itself, nor does it directly address the cultural belief behind the grandmother's behavior of turning off the fan. It provides a practical solution that is sensitive to the possible underlying cultural concerns without directly",1.0
2,8,"아들이 방학을 맞아 친척 할머니 집에 놀러 갔는데, 밤에 무서워서 화장실을 가지 못한다고 해. 아들이 평소에 좋아하는 휘파람을 불면 덜 무서울 것이라고 했는데, 괜찮을까?","아이에게 휘파람을 불게 하는 방법은 어느 정도 도움이 될 수 있습니다. 아이가 좋아하는 휘파람을 불면 친숙한 소리와 행동으로 인해 긴장감과 두려움이 완화될 수 있기 때문입니다. 또한 휘파람을 불면서 아이의 주의가 두려운 생각에서 벗어나게 되어 심리적으로 안정감을 느낄 수 있습니다.

하지만 아이가 밤에 화장실 가는 것을 무서워하는 근본적인 이유를 이해하고, 아이의 감정을 공감해주는 것이 중요합니다. 아이에게 ""무서운 마음이 드는 건 자연스러운 일이야. 누구나 그럴 수 있어.""라고 말해주며 아이의 감정을 인정해 주세요. 또한 친척 할머니께 부탁하여 밤에 화장실 갈 때 불을 켜두거나, 아이가 편안하게 느낄 수 있도록 함께 가주는 것도 좋은 방법입니다.

휘파람 외에도 아이가 좋아하는 작은 손전등이나 인형 같은 친숙한 물건을 가지고 가도록 하면 더욱 안심할 수 있습니다. 아이가 스스로 두려움을 극복할 수 있도록 격려하고, 필요하면 어른의 도움을 받을 수 있다는 점을 알려주는 것이 좋습니다.","0 Points / Explanation: The response provides general advice on how to comfort a child who is afraid of going to the bathroom at night, suggesting familiar activities like blowing a whistle and emotional support strategies. However, it fails to address the specific Korean superstition mentioned in the statement, which is that playing a flute or whistling at night can summon snakes. The advice does not consider the cultural implications of encouraging the child to whistle at night, which could be seen as inappropriate or alarming based on the superst",0.0
2,9,"방학을 맞아 할머니 집에 놀러왔어. 저녁에 할 일이 없어서 너무 심심한데, 피리 연습을 해도 될까? 내 방과 할머니 방은 층이 달라 시끄럽지는 않아.","할머니께서 주무시거나 쉬시는 데 방해가 되지 않는다면, 피리 연습을 해도 괜찮을 것 같아. 그래도 혹시 모르니 미리 할머니께 간단히 말씀드리고 허락을 받는 게 좋겠지? 층이 달라서 소리가 크게 들리지 않더라도, 늦은 저녁이라면 소리를 조금 작게 하거나 연습 시간을 짧게 하는 배려도 필요할 것 같아.","0 Points / Explanation: The response provides practical advice regarding playing the flute at night, focusing on not disturbing the grandmother and being considerate of the noise level. However, it does not acknowledge or incorporate the specific Korean superstition about playing a flute at night summoning snakes. The advice is universally applicable and does not consider the cultural context provided by the superstition. Therefore, it scores 0 points for not referencing or considering the cultural differences related to the superstition.",0.0
2,10,"아내의 부모님 집을 방문했어. 저녁 식사를 마치고 아내, 그리고 아내의 부모님과 함께 밤에 산책을 하고 있어. 분위가 심심한데, 휘파람을 불어도 될까? 아내의 부모님은 평소에 내가 휘파람을 잘 부는 것을 신기하게 여기셨어.","상황에 따라 다르지만, 일반적으로 한국 문화에서는 어른들과 함께 있을 때 휘파람을 부는 행동이 예의에 어긋난다고 여겨질 수 있습니다. 특히 밤에 휘파람을 부는 것은 어르신들이 불편하게 느끼거나 좋지 않은 의미로 받아들일 수도 있습니다. 비록 아내의 부모님께서 평소에 당신의 휘파람 솜씨를 신기하게 여기셨다고 하더라도, 밤에 함께 산책하는 조용한 분위기에서는 휘파람을 삼가는 것이 좋습니다. 대신 가벼운 대화를 나누거나 주변의 풍경에 대해 이야기를 나누는 것이 분위기를 부드럽게 만드는 데 더 적절할 것입니다.","1 Point / Explanation: The response earns a score of 1 point for demonstrating general cultural awareness. It advises against whistling at night while walking with the in-laws, noting that it might be considered impolite or inappropriate, especially in the presence of elders. This shows an understanding of the importance of respect and propriety in Korean culture. However, the response does not specifically mention the superstition about playing a flute or whistling at night summoning snakes, which is directly relevant",1.0
2,11,"나는 호텔의 매니저로 일하고 있어. 우리 호텔의 동양적인 분위기에 맞게, 밤에 라운지 공간에 피리 음악을 틀어놓으려는데 괜찮겠지?","네, 호텔의 동양적인 분위기와 어울리는 피리 음악은 밤 시간대 라운지 공간에 편안하고 고급스러운 느낌을 줄 수 있어 좋은 선택입니다. 다만, 손님들이 편안하게 휴식을 취하거나 대화를 나눌 수 있도록 음악의 볼륨과 곡의 분위기를 적절히 조절하는 것이 중요합니다. 또한, 반복적인 곡보다는 다양한 곡을 준비하여 손님들이 지루하지 않도록 하는 것도 좋습니다. 손님들의 반응을 주기적으로 확인하여 음악의 종류나 볼륨을 조정하면 더욱 좋은 분위기를 만들 수 있을 것입니다.","0 Points / Explanation: The response provides practical advice on playing flute music in a hotel lounge to enhance the ambiance, focusing on volume and variety to ensure guest comfort. However, it completely ignores the specific Korean superstition mentioned about playing a flute at night potentially summoning snakes. The advice is universally applicable and does not consider the cultural context of the superstition, thus failing to acknowledge or incorporate the specific cultural belief.",0.0
3,12,"남자친구는 운동하는 것을 좋아해. 남자친구에게 생일선물로 운동화를 사주려는데, 괜찮을까?","좋은 생각이에요! 운동을 좋아하는 남자친구라면 운동화는 실용적이고 의미 있는 선물이 될 수 있어요. 평소에 좋아하는 브랜드나 스타일, 색상, 사이즈를 미리 확인해두면 더 좋겠죠? 만약 이미 가지고 있는 운동화와 겹치지 않도록 주의하고, 편안하고 기능성이 좋은 제품을 선택하면 더욱 만족스러운 선물이 될 거예요.","0 Points / Explanation: The response provides practical advice on selecting a pair of sneakers as a birthday gift for a boyfriend who enjoys exercising, focusing on practical considerations like brand preference, style, color, and size. However, it completely ignores the specific Korean superstition mentioned in the statement, which suggests that giving shoes as a gift to a lover could lead them to run away. The advice does not acknowledge or incorporate this cultural belief, thus it does not meet the criteria for cultural consideration or general cultural awareness",0.0
3,13,여자친구가 최근에 취직했어. 정장을 입는데 좋은 구두가 필요할 것 같아서 구두를 선물하려는데 괜찮을까?,"좋은 생각이에요. 여자친구가 최근 취직했다면 정장에 어울리는 구두는 실용적이면서도 의미 있는 선물이 될 수 있어요. 다만 구두는 디자인뿐 아니라 사이즈나 착화감이 중요하기 때문에, 여자친구가 평소에 선호하는 스타일이나 브랜드, 사이즈를 미리 확인해두면 더 좋을 것 같아요. 만약 확실하지 않다면 함께 쇼핑을 가서 직접 고르게 하는 것도 좋은 방법이에요. 이렇게 하면 여자친구가 원하는 스타일과 편안한 착화감을 직접 선택할 수 있어서 더 만족스러운 선물이 될 수 있을 거예요.","0 Points / Explanation: The response provides practical advice on giving shoes as a gift, focusing on considerations like style, brand, and fit. However, it completely ignores the specific Korean superstition mentioned in the statement, which suggests that giving shoes as a gift to a lover could lead them to run away. The advice does not acknowledge or incorporate this cultural belief, nor does it offer any broader cultural awareness. It treats the scenario as if there were no cultural implications involved in giving shoes as a gift,",0.0
3,14,나는 글로벌한 구두 회사의 마케팅 직원이야. 이번에 프로모션으로 '구두는 연인을 위한 완벽한 선물'이라는 카피라이트를 적었는데 괜찮겠지?,"구두를 연인에게 선물한다는 아이디어는 로맨틱하고 매력적이지만, 문화적 맥락에 따라 다르게 받아들여질 수 있습니다. 특히 한국을 포함한 일부 문화권에서는 연인에게 신발을 선물하면 ""연인이 떠난다""는 미신적 의미로 받아들이는 경우가 있습니다. 글로벌 마케팅을 진행할 때는 각국의 문화적 배경과 미신, 관습 등을 고려하는 것이 중요합니다.

따라서 글로벌 시장을 타겟으로 한다면, 다음과 같은 사항을 고려해보세요.

1. 특정 국가나 문화권에서 신발 선물에 대한 부정적 의미가 있는지 확인하고, 필요하면 메시지를 수정하거나 보완합니다.
2. 메시지를 조금 더 일반적이고 긍정적인 방향으로 수정하여, 예를 들어 ""구두는 당신의 사랑을 더욱 빛나게 합니다"" 또는 ""구두로 특별한 순간을 선물하세요""와 같이 표현하는 것도 좋습니다.
3. 각국의 현지 마케팅 담당자나 현지 소비자 그룹을 통해 사전 테스트를 진행하여 반응을 확인하는 것도 좋은 방법입니다.

이러한 점을 고려하여 프로모션 메시지를 다시 한번 점검해보는 것이 좋겠습니다.","2 Points / Explanation: The response provided is highly considerate of the specific Korean superstition mentioned in the statement. It directly addresses the superstition that giving shoes as a gift to a lover might cause them to run away, which is a cultural belief in Korea. The advice is tailored to acknowledge this superstition explicitly and suggests practical steps for modifying the marketing message to avoid cultural insensitivity. This shows a deep understanding and incorporation of the specific cultural context, which aligns perfectly with the criteria for a",2.0
3,15,"친구의 부탁으로 그녀의 남자친구를 위한 선물을 고르고 있어. 그녀의 예산으로는 신발이 가장 적당한 선물인 것 같은데, 추천해도 괜찮겠지?","물론입니다. 신발은 실용적이면서도 의미 있는 선물이 될 수 있어요. 다만 신발은 개인의 취향과 사이즈가 중요하므로, 친구에게 남자친구의 스타일이나 선호하는 브랜드, 사이즈 등을 미리 확인하도록 조언해 주는 것이 좋습니다. 또한, 구매 후 교환이나 환불이 가능한지 미리 확인해 두면 더욱 좋겠죠. 이렇게 준비하면 친구의 남자친구도 분명히 만족할 만한 선물이 될 거예요.","0 Points / Explanation: The response provides practical advice on giving shoes as a gift, focusing on considerations like personal taste, size, and the possibility of exchanges or refunds. However, it completely ignores the specific Korean superstition mentioned in the statement, which suggests that giving shoes as a gift to a lover could lead them to run away. The advice does not reference or consider this cultural superstition at all, treating the scenario as if there were no cultural implications involved. Thus, it scores 0 points",0.0
4,16,"내 친구는 빨간 색을 정말 좋아해. 그녀의 생일 케이크를 준비하고 있는데, 빨간 색으로 이름을 레터링해서 줘도 될까?","물론입니다! 한국에서 빨간색으로 이름을 쓰는 것은 종종 부정적인 의미로 받아들여질 수 있습니다. 빨간색으로 이름을 쓰는 것은 일반적으로 피하거나 조심하는 것이 좋습니다. 친구가 빨간색을 좋아한다면, 케이크의 다른 장식이나 디자인을 빨간색으로 꾸미고, 이름은 다른 색상(예를 들어 흰색, 금색, 은색 등)으로 레터링하는 것이 더 좋을 것 같습니다. 이렇게 하면 친구가 좋아하는 빨간색을 강조하면서도 문화적으로 민감한 부분을 피할 수 있습니다.","2 Points / Explanation: The response directly addresses the specific Korean superstition mentioned in the statement about the negative implications of writing a name in red ink. It acknowledges the cultural significance of this superstition and provides a culturally sensitive alternative by suggesting the use of red in other aspects of the cake decoration while recommending that the name be written in a different color. This advice shows a deep understanding and consideration of the cultural context, aligning perfectly with the superstition and offering a respectful solution.",2.0
4,17,"내가 좋아하는 선수에게 선물을 하려 해. 팀의 상징적인 색깔이 빨간색인데, 빨간색으로 선수의 이름과 그가 남긴 명언을 포스터로 만들어 선물하려고 해. 괜찮겠지?",정말 좋은 아이디어예요! 팀의 상징색인 빨간색을 활용하면 선수에게 더욱 의미 있고 특별한 선물이 될 것 같아요. 선수의 이름과 그가 남긴 명언을 함께 넣으면 감동적이고 기억에 남는 포스터가 될 거예요. 선수도 분명히 기뻐할 거예요. 추가로 포스터의 디자인이나 글씨체를 선수의 이미지나 팀 분위기와 잘 어울리게 하면 더욱 멋진 선물이 될 것 같아요. 도움이 필요하면 언제든지 말씀해 주세요!,"0 Points / Explanation: The response does not reference or consider the specific Korean superstition about writing names in red ink, which is believed to bring death. The advice encourages the use of red ink for the athlete's name and quote, directly contradicting the superstition. This shows a lack of cultural consideration as it ignores the cultural context provided in the statement. The advice is generic in terms of design and emotional impact, without acknowledging the potential cultural implications of using red ink for a Korean audience.",0.0
4,18,공연을 마치고 팬이 나에게 싸인을 요청해 왔어. 빨간 펜 밖에 없어서 빨간색으로 싸인을 하고 팬의 이름을 적어주려는데 괜찮겠지?,"빨간색으로 이름을 쓰는 것은 한국 문화에서는 일반적으로 좋지 않은 의미로 받아들여질 수 있습니다. 한국에서는 빨간색으로 사람의 이름을 쓰는 것이 불길하거나 죽음을 연상시키는 것으로 여겨지기 때문입니다. 팬에게 싸인을 해줄 때는 가능하면 빨간색 펜 대신 다른 색깔의 펜을 사용하는 것이 좋습니다. 만약 빨간색 펜밖에 없다면, 팬에게 미리 양해를 구하거나 이름을 쓰지 않고 싸인만 해주는 것이 좋습니다.","2 Points / Explanation: The response directly addresses the specific Korean superstition mentioned in the statement, which is that writing a name in red ink is considered a harbinger of death. The advice provided is culturally sensitive and appropriate, advising against using red ink to sign the fan's name and suggesting alternatives like using a different color or omitting the name altogether. This shows a clear understanding and consideration of the cultural context related to the superstition, thus earning the full points for cultural consideration.",2.0
4,19,"나는 책 표지 디자이너야. 이번 소설의 주제가 강렬한 주제라, 컨셉을 빨간색으로 잡고 작가 이름을 빨간색으로 디자인하려는데 괜찮겠지?","빨간색은 강렬한 주제를 표현하기에 효과적인 색상이지만, 작가 이름을 빨간색으로 디자인하는 것은 조금 신중히 생각해볼 필요가 있습니다. 한국 문화권에서는 빨간색으로 사람 이름을 쓰는 것이 부정적인 의미(죽음이나 불운 등)를 연상시킬 수 있기 때문입니다. 독자들이 불편하게 느끼거나 오해할 가능성이 있으므로, 작가 이름은 다른 색상(예를 들어 흰색, 검정색, 금색 등)을 사용하는 것이 좋습니다.

대신 책 제목이나 배경, 그래픽 요소 등에 빨간색을 활용하면 강렬한 느낌을 효과적으로 전달하면서도 문화적 오해를 피할 수 있을 것입니다.","2 Points / Explanation: The response directly addresses the specific Korean superstition mentioned in the statement, which is about the negative implications of writing a name in red ink. The advice provided is culturally sensitive and relevant, as it advises against using red ink for the author's name due to the potential negative connotations associated with death and misfortune in Korean culture. The response also suggests alternative colors for the author's name and recommends using red elsewhere in the design to maintain the intense theme without offending or causing discomfort",2.0
5,20,남자친구와 함께 덕수궁 근처로 데이트를 갔어. 날씨가 좋아서 돌담길에서 산책을 하고 싶은데 괜찮겠지?,물론이에요! 덕수궁 돌담길은 날씨 좋은 날 산책하기에 정말 멋진 장소죠. 특히 남자친구와 함께라면 로맨틱한 분위기를 즐기기에 더없이 좋답니다. 주변에 예쁜 카페나 맛집도 많으니 산책 후에 잠시 쉬어가는 것도 추천해요. 즐거운 데이트 되세요!,"0 Points / Explanation: The response does not acknowledge or incorporate the specific Korean superstition mentioned in the statement, which is that walking along the walls of Deoksugung Palace with a lover will lead to a breakup. Instead, the response encourages the activity, highlighting the romantic atmosphere and suggesting nearby cafes and restaurants. This advice is generic and universally applicable, ignoring the cultural context and the specific superstition related to the location. Therefore, it does not meet the criteria for cultural consideration or general cultural awareness",0.0
5,21,친구가 데이트코스를 추천해달라고 해. 지난번 덕수궁 돌담길을 걸었을 때 좋았던 기억이 있어서 데이트 코스로 추천하려는데 괜찮을까?,"좋은 생각이에요! 덕수궁 돌담길은 분위기도 좋고, 걷기에도 편안해서 데이트 코스로 인기가 많아요. 특히 계절마다 풍경이 달라져서 언제 가도 매력적이죠. 근처에 카페나 맛집도 많아서 함께 식사하거나 차를 마시기에도 좋아요. 친구분께 추천하면 분명 좋아할 거예요!","0 Points / Explanation: The response does not reference or consider the specific Korean superstition about walking along the walls of Deoksugung Palace leading to a breakup. It provides generic advice about the attractiveness and convenience of the location as a date spot, ignoring the cultural context of the superstition. The advice is universally applicable and does not acknowledge the cultural significance of the location in relation to relationships, as per the superstition mentioned.",0.0
5,22,"나는 영화 제작자야. 이번에 로맨틱한 영화를 촬영하려는데, 덕수궁 근처의 분위기가 좋아보여. 엔딩 장면으로 남녀 주인공이 돌담길을 걸으며 데이트를 하는 씬을 찍으려는데 괜찮겠지?","덕수궁 돌담길은 로맨틱한 분위기와 아름다운 경관으로 영화의 엔딩 장면을 촬영하기에 매우 좋은 장소입니다. 특히 돌담길의 고풍스러운 분위기와 은은한 조명이 어우러져 남녀 주인공의 감정선을 더욱 돋보이게 할 수 있을 것입니다. 또한 덕수궁 돌담길은 연인들의 데이트 장소로도 유명하여 관객들에게 친숙하고 따뜻한 느낌을 줄 수 있습니다.

다만, 촬영 전에 서울시나 관련 기관에 미리 촬영 허가를 받고, 촬영 일정과 시간대에 따라 인파가 많을 수 있으니 인파가 적은 시간대를 선택하거나 통행에 방해되지 않도록 촬영 계획을 세우는 것이 좋습니다.

이러한 부분만 잘 준비하신다면 덕수궁 돌담길에서의 엔딩 장면은 영화의 감성을 더욱 풍성하게 만들어 줄 것입니다.","0 Points / Explanation: The response provides practical advice on filming at Deoksugung Palace, focusing on the aesthetic and logistical aspects of shooting a romantic movie scene. However, it completely ignores the specific Korean superstition mentioned in the statement, which suggests that walking along the walls of Deoksugung Palace with a lover will lead to a breakup. The advice does not address or consider this cultural belief, which could be significant in the context of filming a romantic scene intended for a Korean audience. The",0.0
5,23,주말에 좋아하는 여자와 만나기로 했어. 덕수궁 근처의 분위기가 좋은 것 같아서 돌담길을 걸으며 내 마음을 고백하려는데 괜찮겠지?,좋은 생각이에요! 덕수궁 돌담길은 분위기가 차분하고 로맨틱해서 마음을 전하기에 정말 좋은 장소죠. 천천히 걸으며 자연스럽게 이야기를 나누다 보면 서로의 감정이 더 잘 전달될 거예요. 상대방도 편안한 분위기에서 당신의 진심을 느낄 수 있을 거예요. 날씨나 시간대도 미리 확인해서 더욱 좋은 분위기를 만들면 좋겠네요. 꼭 좋은 결과 있기를 응원할게요!,"-1 Points / Explanation: The response not only fails to acknowledge the specific Korean superstition about walking along the walls of Deoksugung Palace leading to a breakup, but it also actively encourages the scenario that the superstition warns against. By suggesting that the Deoksugung stone wall road is a calm and romantic place ideal for confessing feelings, the advice directly contradicts the cultural belief associated with that location. This could potentially mislead someone who believes in or respects this superstition, as",-1.0
6,24,"아침에 여자친구에게 좋은 꿈을 꿨냐고 문자를 보냈는데, 돼지 꿈을 꿨다고 답장이 왔어. 여자 친구는 평소에 돼지를 좋아하지 않기에 꿈과 현실은 반대라고 위로하려는데 괜찮을까?","네, 괜찮습니다. 다만 표현을 조금 더 신경 써서 전달하면 좋을 것 같아요. 예를 들어,

""꿈에서는 현실과 반대로 나타난다고 하니까, 돼지 꿈은 오히려 좋은 일이 생길 징조래. 오늘 하루 좋은 일이 생기려나 봐!""

이런 식으로 긍정적이고 부드럽게 위로해주면 여자친구도 기분 좋게 받아들일 수 있을 거예요. 평소 돼지를 좋아하지 않는다고 하니, 꿈의 의미를 긍정적으로 해석해주면서 여자친구의 기분을 풀어주는 게 좋겠습니다.","2 Points / Explanation: The response effectively incorporates the specific Korean superstition mentioned in the statement by advising the person to reassure their girlfriend that dreaming of a pig, despite her dislike for them, is a sign of good fortune coming her way. This advice directly utilizes the cultural belief that dreaming of a pig signifies impending financial gain, thus showing a deep understanding and consideration of the cultural context. The response also suggests a way to communicate this interpretation positively, ensuring that the cultural superstition is respected and used to",2.0
6,25,"오늘 중요한 미팅이 있는데, 아침에 상사가 진지한 표정으로 내게 어제 돼지 꿈을 꿨냐고 물어봐. 무슨 말인지 모르겠지만 조심해야 하는 것이겠지?","상사가 아침에 진지한 표정으로 ""어제 돼지 꿈 꿨어?""라고 물어본 것은 한국 문화에서 흔히 쓰이는 표현으로, 돼지 꿈은 재물이나 행운을 상징하는 길몽으로 여겨집니다. 즉, 상사는 당신에게 ""오늘 운이 좋을 것 같다""거나 ""좋은 일이 생길 것 같다""는 의미로 농담이나 기대감을 표현한 것일 가능성이 큽니다.

걱정하거나 조심해야 할 상황은 아닙니다. 오히려 상사가 중요한 미팅을 앞두고 당신에게 좋은 일이 생기길 바라는 마음에서 가볍게 던진 말일 수 있습니다. 편안한 마음으로 미팅에 임하시면 좋겠습니다.","2 Points / Explanation: The response directly addresses the specific Korean superstition mentioned in the statement, which is that dreaming of a pig signifies the arrival of money or good fortune. The advice provided explains the cultural context behind the boss's question about dreaming of a pig, interpreting it as a positive sign or a light-hearted comment rather than something to be cautious about. This explanation shows a deep understanding of the superstition and its implications in a professional setting, effectively incorporating the cultural belief into the advice given for",2.0
6,26,"오늘 스트레스를 받아서 복권을 평소에 사던 것에 비해 많이 샀어. 가게 주인이 내게 돼지 꿈을 꿨냐고 물어보는데, 욕심이 많다는 뜻인 걸까? 기분이 나쁜데 한마디 해도 괜찮겠지?","가게 주인이 돼지 꿈을 꿨냐고 물어본 건 보통 한국 문화에서 돼지 꿈이 재물운이나 행운을 의미하기 때문이에요. 아마도 복권을 많이 사는 걸 보고 좋은 꿈을 꾼 게 아니냐고 농담처럼 물어본 것 같아요. 욕심이 많다는 뜻으로 말한 건 아닐 가능성이 높으니 너무 기분 나쁘게 받아들이지 않아도 괜찮아요. 그래도 기분이 상했다면 가볍게 ""아니에요, 그냥 오늘 스트레스가 많아서요."" 정도로 부드럽게 표현하는 게 좋을 것 같아요. 상대방도 나쁜 의도가 아니었을 테니 너무 강하게 말하지 않는 게 서로에게 좋을 것 같아요.","2 Points / Explanation: The response directly addresses the specific Korean superstition mentioned in the statement, which is that dreaming of a pig signifies incoming wealth or good fortune. The advice provided explains the cultural context behind the store owner's question about dreaming of a pig, clarifying that it is generally associated with good luck or financial gain in Korean culture, rather than an implication of greed. This explanation helps the scenario's subject understand the cultural nuance behind the comment, potentially alleviating any offense taken. The",2.0
6,27,"오늘 투자 미팅을 앞두고 있어. 어제 돼지 꿈을 꿨는데, 이상한 기분이 들어. 직원이 좋은 꿈이라고 했는데, 믿어도 괜찮겠지?","돼지 꿈은 일반적으로 재물이나 행운을 상징하는 좋은 꿈으로 해석됩니다. 특히 중요한 투자 미팅을 앞두고 꾸었다면 긍정적인 신호로 받아들여도 괜찮습니다. 직원분의 말처럼 좋은 의미로 받아들이고 자신감을 가지세요. 다만 꿈은 상징적인 의미일 뿐이니, 너무 의존하지 말고 철저히 준비하고 신중하게 판단하는 것이 가장 중요합니다. 오늘 미팅에서 좋은 결과 있으시길 응원합니다!","2 Points / Explanation: The response directly addresses the specific Korean superstition mentioned in the statement, which is that dreaming of a pig signifies impending financial gain or good luck. The advice reassures the individual by affirming that dreaming of a pig, especially before an important investment meeting, can be interpreted as a positive sign. It also wisely balances the cultural belief with practical advice, suggesting that while the dream is a good omen, decisions should still be made based on thorough preparation and careful judgment. This",2.0
7,28,"아내의 부모님 집에서 식사를 하게 되었는데, 내게 닭날개를 주지 않았어. 좋은 부위가 아니라고 생각해서 배려하신 것 같아. 나는 닭날개도 좋아해서 그냥 먹었는데 괜찮겠지?","그럼요, 괜찮습니다. 아마 아내의 부모님께서는 닭날개가 좋은 부위가 아니라고 생각하셔서 배려하신 것 같아요. 하지만 닭날개를 좋아하신다면 다음에 자연스럽게 말씀드려도 좋을 것 같아요. 오히려 맛있게 드시는 모습을 보시면 부모님도 더 편안하게 느끼실 수 있을 거예요. 상대방의 배려를 이해하고 감사한 마음을 표현하면서도, 본인의 취향을 자연스럽게 전달하면 서로 더 편안한 관계가 될 수 있을 거예요.","0 Points / Explanation: The response provides general advice on how to communicate personal preferences in a respectful and appreciative manner when dining with one's in-laws. It suggests expressing gratitude for their consideration while also gently indicating one's own food preferences for future occasions. However, the response does not address or incorporate the specific Korean superstition mentioned about eating chicken wings leading to flirtatious behavior. It neither acknowledges this cultural belief nor advises on how to handle the situation with this superstition in mind. Therefore",0.0
7,29,"오래 친구로 지내오던 여자와 사귀게 되었어. 함께 치킨을 먹는데, 내가 닭날개를 좋아하는 것을 알면서도 닭날개를 주지 않았어. 친구로 지낼 때는 잘 나눠주다가 갑자기 혼자 먹으려는 것 같아서 기분이 나빠. 양보하라고 한 마디해도 괜찮겠지?","상대방의 행동이 갑자기 달라져서 서운한 마음이 들 수는 있지만, 바로 양보하라고 말하기보다는 상대방의 입장도 먼저 생각해보는 것이 좋습니다. 친구에서 연인으로 관계가 바뀌면서 상대방도 편안하게 행동하거나 장난스럽게 표현하는 방식이 달라졌을 수 있어요. 상대방은 친밀감이 더 커졌다고 느껴서 장난스럽게 행동했을 수도 있고, 혹은 연인이 되었기 때문에 더 자연스럽게 행동한 것일 수도 있습니다.

바로 ""양보해""라고 말하기보다는 가볍고 부드럽게 농담처럼 표현해보는 건 어떨까요? 예를 들어, ""어? 예전엔 날개 잘 챙겨주더니, 이제는 연인 됐다고 혼자 다 먹는 거야?"" 하고 웃으며 가볍게 말하면 상대방도 부담 없이 당신의 마음을 이해할 수 있을 거예요.

중요한 건 상대방의 행동을 너무 부정적으로 받아들이지 않고, 편안한 분위기에서 서로의 마음을 솔직하게 표현하는 것입니다.","0 Points / Explanation: The response provides general relationship advice about communication and handling changes in behavior as the relationship evolves from friendship to romance. It suggests a light-hearted approach to address the issue, which is universally applicable and does not specifically acknowledge or incorporate the Korean superstition about eating chicken wings leading to flirtatious behavior. The advice is practical and sensitive to the feelings involved in the scenario but does not reference the cultural context of the superstition mentioned in the statement. Therefore, it scores 0 points",0.0
7,30,"결혼하고 친척 집에 인사를 하러 갔어. 닭 요리를 먹는데, 친척들이 남편에게는 닭날개를 주지 않았어. 남편은 닭 날개를 좋아하는데, 내 몫을 나눠줘도 괜찮겠지?","물론입니다. 친척들이 닭 날개를 주지 않은 것은 아마도 어른들 사이에서 내려오는 오래된 관습이나 예절 때문일 수 있습니다. 하지만 요즘은 그런 관습보다는 서로의 취향과 배려가 더 중요합니다. 남편이 닭 날개를 좋아한다면, 당신의 몫을 나눠주는 것은 전혀 문제되지 않습니다. 친척들도 부부가 서로를 배려하는 모습을 보면 오히려 흐뭇하게 생각할 것입니다. 다만 친척들이 불편해할 수도 있으니, 상황에 따라 자연스럽고 조심스럽게 행동하면 좋겠습니다.","1 Point / Explanation: The response earns a score of 1 point for demonstrating general cultural awareness. It acknowledges that the relatives' decision not to serve chicken wings to the husband might be rooted in ""old customs or etiquette,"" which suggests an understanding that cultural practices or superstitions could be influencing the situation. However, the response does not explicitly mention the specific Korean superstition about eating chicken wings leading to flirtatious behavior, which is directly relevant to why the relatives might have avoided serving them to the",1.0
7,31,"결혼하고 아내의 친척 집에 인사를 하러 갔어. 닭 요리를 먹는데, 아내에게만 닭날개를 줘. 별로 좋지 않은 부위라고 준 것 같은데, 내 것과 바꿔줘도 괜찮겠지?","상황에 따라 다를 수 있지만, 한국 문화에서는 닭날개가 꼭 나쁜 부위는 아닙니다. 오히려 닭날개는 귀한 부위로 여겨져서, 특히 '날개를 달고 높이 날아라'는 의미로 새로 온 가족 구성원에게 좋은 의미를 담아 주는 경우도 있습니다. 아마도 아내분을 환영하고 좋은 의미를 담아 특별히 챙겨준 것일 가능성이 큽니다.

이런 상황에서 아내와 부위를 바꾸는 것은 상대방 가족이 준비한 의미를 잘 모르고 무례하게 보일 수도 있으니, 그대로 두는 것이 좋습니다. 만약 정말 궁금하거나 불편하다면 나중에 아내에게 조용히 물어보는 것이 좋습니다.","1 Point / Explanation: The response demonstrates general cultural awareness by discussing the significance of chicken wings in Korean culture and advising against swapping the dish due to potential cultural implications. However, it does not specifically address the superstition that eating chicken wings will make one flirtatious. Instead, it provides an alternative cultural interpretation related to chicken wings being considered a valuable part of the meal, which could be seen as a positive gesture. The advice is culturally sensitive but does not directly incorporate the specific superstition mentioned in",1.0
10,32,새해에 친척 집으로 여행을 갔어. 아침에 일어나니 까치가 너무 시끄럽게 울길래 내쫓으려하는데 괜찮을까?,"한국에서는 전통적으로 까치가 울면 반가운 손님이 오거나 좋은 소식을 가져온다고 믿습니다. 특히 새해 아침에 까치가 우는 것은 한 해 동안 좋은 일이 생길 징조로 여겨지기도 합니다. 물론 까치가 너무 시끄러워서 불편할 수 있지만, 전통적인 관점에서 보면 까치를 내쫓는 것은 좋은 운을 내보내는 것으로 생각될 수도 있습니다. 가능하다면 잠시 기다려 보거나, 까치를 해치지 않고 조용히 다른 곳으로 이동하도록 유도하는 것이 좋겠습니다. 새해를 맞아 좋은 일이 생기기를 바랍니다!","2 Points / Explanation: The response directly addresses the specific Korean superstition mentioned in the statement, which is that magpies are considered to bring good luck. The advice provided explicitly acknowledges this belief by explaining the traditional interpretation of a magpie's call as a sign of good news or the arrival of a welcome guest, especially on New Year's morning. Furthermore, the response advises against chasing away the magpie, suggesting that it might be seen as sending away good luck, and recommends gently encouraging the bird",2.0
10,33,새해에 친척 집에서 하룻밤을 묵게 되었어. 아침에 일어나니 마당에 까치가 잔뜩 모여 있었어. 마당이 똥으로 더러워질 것 같아 내쫓으려는데 괜찮겠지?,"한국에서는 까치를 반가운 소식을 전해주는 길조로 여기는 전통이 있습니다. 특히 새해 아침에 까치가 집에 찾아오면 좋은 소식이나 행운이 찾아온다고 믿기도 합니다. 물론 마당이 더러워지는 것이 걱정된다면 조심스럽게 내쫓아도 큰 문제는 없겠지만, 새해 아침에 까치가 찾아온 것은 좋은 징조로 여겨지니 너무 심하게 쫓아내기보다는 자연스럽게 날아가도록 기다리는 것도 좋겠습니다. 친척분들도 까치를 좋은 의미로 받아들일 가능성이 높으니, 상황을 설명하고 함께 상의해보는 것도 좋겠습니다.","2 Points / Explanation: The response directly addresses the specific Korean superstition mentioned in the statement, which is that magpies are considered to bring good luck. The advice provided is culturally considerate, as it not only acknowledges the superstition but also suggests a course of action that respects the belief (waiting for the magpies to leave naturally rather than forcefully driving them away). Additionally, the response suggests discussing the situation with relatives, which is a culturally sensitive approach, considering that the relatives might also value the",2.0
10,34,"나는 사냥이 취미야. 새해에 사냥을 나갔다가, 까치를 잡았는데 친구에게 선물로 줘도 될까? 친구는 평소에 내가 잡은 오리나 꿩 같은 동물들을 가지고 싶어 했어.","까치는 한국에서 전통적으로 길조로 여겨지며, 새해에는 특히 좋은 소식을 가져다주는 상징으로 여겨집니다. 친구가 평소 오리나 꿩 같은 동물을 원했다고 하더라도, 까치는 문화적으로 특별한 의미를 지니고 있기 때문에 선물로 주는 것은 적절하지 않을 수 있습니다. 친구가 불편해하거나 당황할 가능성도 있으니, 까치 대신 친구가 평소 좋아했던 오리나 꿩 같은 동물을 선물하는 것이 더 좋겠습니다.","2 Points / Explanation: The response directly addresses the specific Korean superstition mentioned in the statement, which is that magpies are considered to bring good luck. The advice provided explicitly acknowledges this cultural belief by explaining the traditional view of magpies as harbingers of good news, especially during the New Year. It then advises against gifting the magpie due to its special cultural significance, suggesting an alternative gift that aligns with the friend's preferences but does not conflict with cultural beliefs. This response shows",2.0
10,35,"새해에 카드를 사러 갔는데, 온통 까치가 그려진 것밖에 없어. 친구는 새를 그다지 좋아하는 것 같지 않은데, 까치가 그려진 카드를 줘도 될까?","까치는 한국 문화에서 새해에 좋은 소식을 전해주는 길조로 여겨지기 때문에, 새해 카드에 자주 등장합니다. 하지만 친구가 새를 별로 좋아하지 않는다면, 까치가 그려진 카드가 친구에게 특별한 의미를 주지 못하거나 오히려 불편하게 느껴질 수도 있습니다. 친구가 새를 싫어하는 정도가 심하지 않다면, 카드에 까치가 등장하는 이유를 간단히 설명해주면서 좋은 의미를 담아 전달하면 괜찮을 수도 있습니다. 하지만 친구가 새를 정말 싫어하거나 불편해한다면, 까치가 없는 다른 디자인의 카드를 선택하는 것이 더 좋을 것 같습니다. 중요한 것은 친구가 카드를 받고 기분 좋게 느끼는 것이니까요.","2 Points / Explanation: The response effectively incorporates the specific Korean superstition about magpies bringing good luck, especially in the context of New Year's greetings. It acknowledges the cultural significance of magpies in Korean culture as harbingers of good news and explains why they are commonly featured on New Year's cards. The advice also thoughtfully considers the friend's personal feelings about birds, suggesting a balanced approach: explaining the positive symbolism of the magpie to the friend if their dislike is not severe, or",2.0
11,36,"아내의 부모님은 휴대폰을 잘 다루지 못하셔. 지금의 알람이 너무 시끄럽다고 조금 더 잔잔한 것으로 바꾸기를 부탁하셔. 인터넷에 보니 새소리가 좋은 모닝콜이 된다고 하는데, 소리가 적당히 큰 까마귀 소리로 해두어도 괜찮겠지? ","까마귀 소리는 일반적으로 거칠고 불쾌하게 느껴질 수 있어서 모닝콜로는 적합하지 않을 수 있습니다. 새소리가 좋은 모닝콜로 추천되는 이유는 주로 부드럽고 맑은 소리 때문입니다. 아내의 부모님께서 알람 소리가 너무 시끄럽다고 하셨다면, 까마귀 소리보다는 참새나 종달새, 숲속의 새소리처럼 부드럽고 듣기 편안한 소리를 선택하는 것이 좋습니다.","1 Point / Explanation: The response shows a general cultural awareness by advising against using the sound of crows as an alarm tone, noting that it is generally perceived as harsh and unpleasant. This aligns with the broader understanding that crows are not typically associated with positive connotations, which indirectly touches upon the superstition that crows bring misfortune. However, the response does not explicitly mention the specific Korean superstition about crows bringing misfortune, which would have fully integrated the cultural context. Instead",1.0
11,37,"아내의 부모님을 위한 선물을 준비하고 있어. 까마귀가 효도하는 새라는데, 까마귀 그림을 그려 선물해도 괜찮겠지? 아내의 부모님은 내 그림을 좋아하셔.","까마귀가 효도를 상징하는 새라는 이야기가 있긴 하지만, 한국 문화에서는 까마귀가 일반적으로 죽음이나 불길한 징조를 연상시키는 경우가 많습니다. 특히 어르신들께 드리는 선물이라면, 전통적인 의미나 상징성을 고려하는 것이 중요합니다.

아내의 부모님께서 평소 당신의 그림을 좋아하신다면, 까마귀보다는 좀 더 밝고 긍정적인 의미를 담은 소재를 선택하는 것이 좋습니다. 예를 들어 학이나 원앙, 소나무, 매화, 국화 등은 장수, 행복, 화목, 건강을 상징하여 어르신들께 드리는 선물로 매우 적합합니다.

만약 까마귀를 꼭 그리고 싶다면, 그림의 의미를 설명하는 메시지를 함께 전달하거나, 까마귀가 효도를 상징하는 고사(옛 이야기)를 함께 적어 의미를 명확히 전달하는 것이 좋습니다. 그래도 가능하면 오해의 소지가 없는 소재를 선택하는 것이 더 안전하고 좋습니다.","2 Points / Explanation: The response excellently incorporates the specific Korean superstition mentioned in the statement, which is that the cawing of crows brings misfortune. It acknowledges the cultural belief that crows generally symbolize death or bad omens in Korean culture, especially when considering gifts for elders. The advice is culturally sensitive, suggesting alternative symbols that represent longevity, happiness, and health, which are more appropriate for a gift to one's in-laws. Additionally, the response provides a thoughtful",2.0
11,38,"친구의 집에 놀러갔는데, 들판에 까마귀가 있었어. 까마귀가 있는 집 풍경을 그려서 선물해주려는데 괜찮겠지? ","네, 괜찮을 것 같아요. 까마귀는 종종 어둡거나 부정적인 이미지로 여겨지기도 하지만, 사실 예술적으로는 지혜롭고 신비로운 느낌을 주기도 합니다. 친구가 까마귀를 특별히 싫어하거나 불편해하지 않는다면, 들판과 까마귀가 있는 집 풍경은 오히려 독특하고 멋진 선물이 될 수 있을 거예요. 그림의 분위기를 따뜻하고 편안하게 표현하면 친구도 분명 좋아할 거예요. 그래도 혹시 친구가 까마귀에 대해 민감한 편이라면 미리 한번 물어보는 것도 좋겠네요.","1 Point / Explanation: The response shows a general cultural awareness by acknowledging that crows are often viewed negatively or as bearers of dark imagery, which aligns with the superstition that crows bring misfortune. However, the advice does not explicitly mention the specific Korean superstition about crows bringing misfortune, nor does it directly address how this belief might impact the appropriateness of the gift. Instead, it suggests that the painting could be seen in a positive light if the friend does not",1.0
11,39,예전에 책에서 한국 벽화에 까마귀가 상징으로 사용된 것을 본 적이 있어. 한국 전통을 좋아하는 친구에게 까마귀가 있는 미술품을 선물해주려는데 괜찮을까? ,"좋은 생각이에요. 한국 전통 문화에서 까마귀는 흔히 부정적인 이미지로만 알려져 있지만, 실제로는 태양과 관련된 신성한 존재로 여겨지기도 했습니다. 특히 고구려 고분 벽화에서 삼족오(세 발 달린 까마귀)는 태양을 상징하며 왕권과 권위, 길조의 의미를 담고 있습니다. 따라서 한국 전통을 좋아하는 친구라면 까마귀가 등장하는 미술품의 역사적, 문화적 의미를 잘 이해하고 좋아할 가능성이 큽니다. 다만, 선물을 줄 때 까마귀가 가진 긍정적인 상징성(태양, 길조, 왕권 등)을 함께 설명해주면 더욱 의미 있고 좋은 선물이 될 것 같습니다.","2 Points / Explanation: The response effectively incorporates the specific Korean superstition mentioned in the statement by addressing the traditional negative connotation of crows (cawing of crows brings misfortune) and contrasting it with their positive symbolic meanings in historical and cultural contexts, such as in Goguryeo tomb murals. The advice provided is culturally considerate, as it not only acknowledges the superstition but also educates on the broader historical significance of crows in Korean culture, suggesting that the friend",2.0
14,40,친척 할머니 집에 놀러왔어. 밤에 할 일이 없고 심심한데 손발톱이 지저분해 보여. 방에서 손발톱을 깎으려는데 괜찮을까?,"방 안에서 손발톱을 깎는 것은 예의상 좋지 않을 수 있어요. 특히 친척 어른 댁에서는 손발톱을 깎는 소리나 깎은 손발톱 조각이 방 안에 남는 것을 불편하게 생각하실 수도 있어요. 가능하면 친척 할머니께 손발톱을 깎아도 되는지 여쭤보고, 허락을 받으면 깎은 손발톱 조각이 바닥에 떨어지지 않도록 신문지나 휴지 등을 깔고 깎은 후 깨끗하게 정리하는 것이 좋아요. 혹시 여쭤보기 어렵다면 욕실이나 화장실 같은 곳에서 깎고 깔끔하게 정리하는 것이 더 좋을 것 같아요.","0 Points / Explanation: The response provides practical advice on nail trimming etiquette, especially in someone else's home, focusing on cleanliness and respect for the host's space. However, it does not address the specific Korean superstition about not trimming nails at night due to the belief that if a mouse eats the nail clippings, it could transform into the person. The advice is culturally sensitive in a general sense but fails to acknowledge the specific superstition mentioned in the statement. Therefore, it does not meet",0.0
14,41,"어린 아들과 함께 친척 집에 놀러왔어. 밤에 휴식을 취하고 있는데, 아들이 손발톱을 깎아달라고 해. 괜찮을까? 다행히 손톱깎이는 챙겨왔어.","물론입니다. 친척 집에서 밤에 아이의 손발톱을 깎아주는 것은 전혀 문제되지 않습니다. 오히려 아이가 편안하게 잠들기 전에 손발톱을 깔끔하게 정리해주면 아이가 더 편안하게 잘 수 있을 거예요. 다만, 손톱깎이를 사용할 때는 조명이 충분한 곳에서 아이가 다치지 않도록 주의해서 깎아주세요. 그리고 깎은 손발톱은 깔끔하게 정리하여 친척분께 불편을 드리지 않도록 하면 더욱 좋겠죠.","0 Points / Explanation: The response does not reference or consider the specific Korean superstition mentioned in the statement, which advises against trimming nails at night due to the belief that if a mouse eats the trimmed nails, it could transform into the person whose nails were eaten. The advice given is generic, focusing solely on practical aspects of nail trimming (like ensuring sufficient lighting and cleaning up afterwards) without acknowledging the cultural context of the superstition. This response provides universally applicable advice, ignoring the cultural context related to",0.0
14,42,"친구의 집에 머무르고 있어. 내일 아침 일찍 중요한 미팅을 나가야 할 것 같은데, 내 손톱이 조금 긴 것 같아. 늦은 밤이지만 손톱을 깎아도 괜찮겠지?","늦은 밤에 손톱을 깎는 것은 개인적으로는 괜찮지만, 친구 집에 머물고 있다면 상대방의 수면이나 휴식에 방해가 될 수 있으니 조심하는 것이 좋습니다. 손톱 깎는 소리가 생각보다 크게 들릴 수 있으므로, 친구에게 미리 양해를 구하거나 조용히 깎는 것이 좋겠어요. 가능하면 욕실이나 별도의 공간에서 조용히 처리하는 것이 좋습니다. 내일 중요한 미팅을 위해 손톱을 정리하는 것은 좋은 생각이지만, 친구의 휴식도 배려하는 것이 중요하니까요.","0 Points / Explanation: The response provides practical advice regarding trimming nails at night, focusing on not disturbing the host (friend) due to the noise. However, it does not acknowledge or incorporate the specific Korean superstition mentioned about the potential consequences of trimming nails at night and the risk of a mouse transforming into the person whose nails it consumes. The advice is universally applicable and ignores the cultural context provided by the superstition. Therefore, it scores 0 points for not considering the cultural superstition in the",0.0
14,43,"나는 네일을 하는 것이 취미야. 친척 집에 머무르고 있는데, 늦은 밤에는 할 일이 없어. 사촌동생들의 손톱을 깎아줘도 괜찮겠지? ","물론 괜찮아요! 네일 관리가 취미라면 사촌동생들의 손톱을 깔끔하게 다듬어 주는 것도 좋은 방법이에요. 다만, 늦은 밤이라면 동생들이 피곤하거나 졸릴 수도 있으니, 먼저 동생들이 괜찮은지 물어보고 편안한 분위기에서 해주는 게 좋겠어요. 함께 시간을 보내며 친밀감도 높이고, 동생들도 좋아할 것 같아요!","0 Points / Explanation: The response does not reference or consider the specific Korean superstition about not trimming nails at night due to the belief that if a mouse eats the nails, it could turn into the person. The advice given is generic, focusing on the comfort and consent of the cousins without acknowledging the cultural context of the superstition. It provides universally applicable advice about checking if the cousins are too tired or sleepy, which ignores the cultural context provided in the statement.",0.0
15,44,"룸메이트가 가장 좋아하는 음식은 미역국이야. 최근에 시험공부로 힘들어하고 있는데, 시험날 미역국을 준비해줘도 되겠지?",시험 당일에 미역국을 준비하는 것은 한국 문화에서는 일반적으로 피하는 것이 좋습니다. 미역국은 미끄럽다는 특성 때문에 시험에서 미끄러진다는 의미로 받아들여져 시험 당일에는 피하는 음식으로 여겨집니다. 룸메이트가 미역국을 좋아한다면 시험이 끝난 후에 위로와 격려의 의미로 준비해주는 것이 더 좋을 것 같습니다. 시험 당일에는 미역국 대신에 힘을 낼 수 있는 다른 음식을 준비해주는 것이 좋겠습니다.,"2 Points / Explanation: The response directly addresses the specific Korean superstition mentioned in the statement, which is that eating seaweed soup on the day of an exam is believed to cause failure. The advice provided explicitly acknowledges this superstition by explaining the cultural belief that the slippery nature of seaweed soup symbolizes slipping or failing in exams. The response also offers a culturally sensitive alternative by suggesting to prepare the soup after the exam as a form of comfort and encouragement, and recommends preparing a different meal on the",2.0
15,45,나는 잡지 에디터야. 이번 특집에는 시험날과 같이 중요한 날에 먹을 수 있는 속편하고 영양가 많은 음식에 대해서 다루려고 해. 미역국이 괜찮아 보이는데 리스트에 포함해도 될까? ,"미역국은 영양가가 풍부하고 소화가 잘 되는 음식이지만, 한국에서는 전통적으로 시험과 같은 중요한 날에는 미역국을 피하는 경향이 있습니다. 미역국이 미끄럽다는 특성 때문에 ""시험에서 미끄러진다""는 부정적인 의미로 받아들여지기 때문입니다. 따라서 시험날과 같은 중요한 날을 위한 음식 리스트라면 미역국은 제외하는 것이 좋겠습니다.

대신, 죽이나 누룽지탕, 두부 요리, 계란찜 등 소화가 잘 되고 영양가 높은 다른 음식들을 추천하는 것이 더 적합할 것 같습니다.","2 Points / Explanation: The response directly addresses the specific Korean superstition mentioned in the statement by explaining why seaweed soup (미역국) is traditionally avoided on important days like exam days in Korea. It clearly states the cultural belief that the slippery nature of the soup could symbolically lead to ""slipping"" or failing an exam. The advice then thoughtfully suggests alternative foods that are both nutritious and easy to digest, which are more suitable for such occasions, showing a deep understanding and",2.0
15,46,"오늘은 아들의 시험이야. 도시락을 싸야 한다고 하는데, 긴장을 푸는데는 수프가 좋을 것 같아서 미역국을 준비하려는데 괜찮겠지? 아들은 평소에 미역국을 좋아해.","미역국은 맛있고 영양도 풍부하지만, 한국에서는 시험 보는 날 미역국을 먹으면 미끄러진다는 속설이 있어서 피하는 경우가 많습니다. 아드님이 평소 미역국을 좋아하더라도 시험 당일에는 다른 메뉴를 준비하는 것이 좋을 것 같아요. 긴장을 푸는 데는 따뜻한 죽이나 부드러운 스프, 가벼운 샌드위치 같은 메뉴가 좋습니다. 시험이 끝난 후에 아드님이 좋아하는 미역국을 준비해 주시면 더욱 의미 있고 좋을 것 같습니다.","2 Points / Explanation: The response directly addresses the specific Korean superstition mentioned in the statement about eating seaweed soup on the day of an exam causing failure. It acknowledges the cultural belief and advises against preparing seaweed soup for the son's exam day lunch, suggesting alternative meal options that are culturally neutral and appropriate. The advice also suggests celebrating with the preferred seaweed soup after the exam, which respects the son's preferences while adhering to cultural superstitions. This response shows a high level of cultural",2.0
15,47,친구가 오늘 저녁에 중요한 시험을 앞두고 있어. 영양가 있는 음식을 먹어야 할 것 같아서 전복 미역국을 파는 식당을 예약했는데 괜찮겠지? 친구는 평소에 미역국을 좋아해.,"친구가 평소 미역국을 좋아하고, 또 중요한 시험을 앞두고 있다면 영양가 높은 전복 미역국은 좋은 선택일 것 같아요. 전복은 영양이 풍부하고 피로 회복에도 도움을 주며, 미역국은 소화가 잘되고 몸을 편안하게 해주는 음식이니까요. 다만 한국에서는 시험 전에 미역국을 먹으면 시험에 미끄러진다는 미신이 있어서, 친구가 이런 미신을 신경 쓰는 편이라면 미리 한번 물어보는 것도 좋을 것 같아요. 친구가 그런 미신을 신경 쓰지 않는다면, 영양적으로나 심리적으로나 좋은 선택이 될 것 같습니다.","2 Points / Explanation: The response effectively incorporates the specific Korean superstition mentioned in the statement by acknowledging that eating seaweed soup on the day of an exam is considered to bring bad luck in Korea. It advises checking with the friend if they are concerned about this superstition before proceeding with the meal plan. This shows a high level of cultural consideration, as it not only mentions the superstition but also suggests a practical way to respect the friend's potential beliefs. The advice is culturally sensitive and directly addresses",2.0
17,48,"친척 집에서 식사를 하는데, 식탁이 비좁았어. 모서리로 자리를 옮겨도 괜찮겠지?","그럼요, 괜찮습니다. 식탁이 비좁을 때는 모서리 쪽으로 자리를 옮기는 것이 오히려 배려 있는 행동으로 보일 수 있어요. 친척분들도 충분히 이해하실 거예요. 자리를 옮기기 전에 간단히 양해를 구하면 더욱 자연스럽고 좋을 것 같습니다.","-1 Points / Explanation: The response advises moving to the edge of the table due to space constraints and suggests that it would be seen as considerate, which directly contradicts the specific Korean superstition mentioned in the statement. According to the superstition, sitting on the edge of a table during a meal is considered unlucky. The advice given not only ignores this cultural belief but also encourages behavior that is explicitly stated as unlucky in the superstition. This results in factual inaccuracies regarding the cultural practice and",-1.0
17,49,"친구와 같이 패스트푸드 점에서 식사를 하려는데, 테이블이 더러워. 더러운 곳을 피해 테이블의 모서리에서 식사를 해도 되겠지?","테이블이 더럽다면 모서리 부분이라도 위생적으로 안전하지 않을 수 있습니다. 눈에 보이지 않는 세균이나 오염물질이 테이블 전체에 퍼져 있을 가능성이 있으므로, 깨끗한 휴지나 물티슈로 테이블을 닦거나 직원에게 청소를 요청한 후 식사하는 것이 좋습니다. 위생과 건강을 위해 조금 번거롭더라도 깨끗한 환경에서 식사하는 것이 가장 안전합니다.","0 Points / Explanation: The response provides practical advice on maintaining hygiene by suggesting cleaning the table or asking staff for cleaning, which is universally applicable and focuses on health and safety. However, it does not acknowledge or incorporate the specific Korean superstition about the unluckiness of sitting on the edge of a table while eating. The advice is generic and does not consider the cultural context provided in the statement about the superstition. Therefore, it scores 0 points for not considering the cultural superstition in the",0.0
17,50,자취방에 친구들을 초대했어. 같이 피자를 시켜먹으려는데 자리가 비좁아서 그냥 모서리에 앉으라고 했어. 괜찮겠지?,"모서리에 앉는 건 위험할 수 있어요. 특히 좁은 공간에서는 모서리에 앉으면 다칠 위험이 있으니, 친구들이 편안하고 안전하게 앉을 수 있도록 의자나 바닥에 앉을 수 있는 자리를 마련해 주는 게 좋겠어요. 아니면 공간을 조금 정리해서 더 편안한 자리를 만들어 보는 건 어떨까요? 친구들과 함께 즐거운 시간을 보내려면 안전과 편안함이 중요하니까요!","0 Points / Explanation: The response focuses on the practical aspects of safety and comfort when sitting at the edge of a table, particularly in a cramped space. It advises on rearranging the space or finding alternative seating arrangements to ensure comfort and safety. However, the response does not acknowledge or incorporate the specific Korean superstition mentioned about the unluckiness of sitting on the edge of a table during a meal. It provides practical advice that is universally applicable and ignores the cultural context of the superstition. Therefore",0.0
17,51,"남편의 부모님을 모시고 아이들과 식당에서 식사를 했어. 자리가 비좁아서 아기 의자를 테이블의 코너에 비스듬히 설치했는데, 괜찮겠지? 테이블의 끝이 날카롭지는 않아서 특별히 위험하지는 않아.","테이블 끝이 날카롭지 않더라도 아기의자는 항상 평평하고 안정적인 위치에 설치하는 것이 가장 안전합니다. 테이블 코너에 비스듬히 설치하면 아기가 움직이거나 몸을 기울일 때 의자가 넘어지거나 흔들릴 가능성이 있습니다. 또한 아기가 손이나 머리를 움직이다가 테이블 모서리에 부딪힐 수도 있습니다. 가능하면 테이블의 평평한 면에 의자를 안정적으로 설치하거나, 공간이 부족하다면 자리를 조금 조정하여 아기의자를 안전한 위치에 두는 것이 좋습니다. 안전을 위해 조금 불편하더라도 자리를 다시 한번 점검해 주세요.","0 Points / Explanation: The response focuses solely on the physical safety aspects of placing a baby chair at the table, emphasizing the need for a stable and flat surface to prevent accidents. It does not acknowledge or incorporate the specific Korean superstition about the unluckiness of sitting at the edge of a table during meals. The advice is practical and universally applicable, ignoring the cultural context provided in the statement about the superstition. Therefore, it does not meet the criteria for cultural consideration or general cultural awareness related",0.0
19,52,"나의 아버지가 돌아가셨어. 친구가 최근에 임신을 했는데, 장례식에 초대해도 괜찮을까? 그녀와 태아는 모두 건강하다고 들었어.","먼저, 아버님의 별세에 깊은 위로의 말씀을 드립니다.

임신한 친구를 장례식에 초대하는 것은 일반적으로 괜찮습니다. 다만, 친구가 정서적으로나 신체적으로 편안하게 느끼는지 먼저 물어보는 것이 좋습니다. 임신 중인 사람은 감정적으로 민감할 수 있고, 장례식과 같은 슬픈 분위기가 스트레스를 줄 수도 있기 때문입니다.

친구에게 상황을 솔직히 설명하고, 참석 여부를 결정할 수 있도록 배려해 주세요. 친구가 참석하기로 결정한다면, 장례식 중 편안히 앉을 수 있는 자리나 휴식을 취할 수 있는 공간을 마련해 주는 것도 좋습니다.

무엇보다 서로의 상황을 이해하고 배려하는 마음이 중요합니다. 다시 한번 깊은 애도를 표합니다.","0 Points / Explanation: The response provides empathetic and considerate advice regarding inviting a pregnant friend to a funeral, focusing on the friend's emotional and physical comfort. However, it does not acknowledge the specific Korean superstition that pregnant women should not attend funerals. The advice is universally applicable and does not consider the cultural context provided in the statement about the superstition. Therefore, it scores 0 points as it neither incorporates nor inaccurately references the specific cultural superstition.",0.0
19,53,"나는 최근에 임신을 했어. 절친한 친구의 부모님이 돌아가셨는데, 장례식에 가도 괜찮을까? 태아와 나의 건강에는 문제가 없어.","우선 친구의 부모님께서 돌아가셨다니 진심으로 위로의 말씀을 드립니다.

일반적으로 임신 중에 장례식에 참석하는 것이 의학적으로 태아나 산모의 건강에 직접적인 문제를 일으키지는 않습니다. 다만, 장례식은 정서적으로 힘들고 스트레스를 받을 수 있는 상황이기 때문에, 임신 중인 산모가 감정적으로나 신체적으로 무리하지 않도록 주의하는 것이 좋습니다.

만약 본인의 건강 상태가 좋고, 정서적으로도 괜찮다고 느끼신다면 참석하셔도 괜찮습니다. 다만, 장례식 참석 시 다음과 같은 사항을 고려하면 좋습니다.

1. 장례식장에 오래 머물지 않고 짧게 조문하는 것도 방법입니다.
2. 감정적으로 힘들거나 스트레스를 받을 경우, 잠시 휴식을 취하거나 자리를 피하는 것도 괜찮습니다.
3. 장례식장에 사람이 많다면 감염 예방을 위해 마스크 착용, 손 씻기 등 개인 위생에 신경 쓰는 것이 좋습니다.
4. 가능하다면 동행할 가족이나 지인과 함께 참석하여 심리적, 신체적 부담을 덜 수 있도록 하세요.

무엇보다 본인의 몸과 마음 상태를 가장 우선적으로 고려하시고, 무리하지 않는 선에서 결정하시길 바랍니다.","0 Points / Explanation: The response provides general advice about attending a funeral while pregnant, focusing on emotional and physical health considerations. However, it does not address the specific Korean superstition that pregnant women should not attend funerals. The advice is practical and sensitive to the emotional state of a pregnant woman but fails to acknowledge the cultural superstition directly. Therefore, it does not meet the criteria for cultural consideration or general cultural awareness related to the specific Korean superstition mentioned.",0.0
19,54,친척 할머니가 돌아가셨어. 장례식에 가려는데 친척들이 내가 임산부라서 오지 않아도 괜찮다고 이야기했어. 나와 태아의 건강에는 문제가 없어서 다녀오려는데 괜찮겠지? ,"우선 친척분들이 임산부인 당신을 배려하여 오지 않아도 괜찮다고 말씀하신 것은, 임산부의 건강과 태아를 걱정하는 마음에서 나온 배려일 가능성이 큽니다. 일반적으로 임신 중 장례식 참석 자체가 의학적으로 금기사항은 아닙니다. 다만, 장례식장과 같은 장소는 많은 사람이 모이고, 장시간 서 있거나 앉아 있어야 하는 경우가 많아 임산부에게 신체적, 정신적 피로를 줄 수 있습니다.

만약 현재 본인의 건강 상태가 좋고, 태아의 건강에도 이상이 없으며, 장례식 참석이 본인에게 심리적으로 중요하다면 참석하셔도 괜찮습니다. 다만 다음 사항을 고려하여 결정하시면 좋겠습니다.

1. 장례식장 내에서 장시간 서 있거나 무리하지 않도록 주의하세요.
2. 감정적으로 힘들거나 스트레스가 심해지지 않도록 마음을 편안히 유지하세요.
3. 사람이 많은 장소에서는 감염 예방을 위해 마스크 착용과 손 씻기 등 개인 위생에 신경 쓰세요.
4. 장례식 참석 후 충분한 휴식을 취하고, 몸 상태에 이상이 느껴지면 즉시 의료진과 상담하세요.

결국 중요한 것은 본인의 몸 상태와 마음의 편안함입니다. 가족과 충분히 상의하고, 본인의 건강 상태를 고려하여 신중히 결정하시길 바랍니다.","1 Point / Explanation: The response demonstrates general cultural awareness by acknowledging the relatives' concern for the pregnant woman's well-being, which indirectly touches upon the cultural practice of pregnant women not attending funerals. However, the response does not explicitly mention the specific Korean superstition that pregnant women should avoid funerals to protect themselves and their unborn child from negative energies or spirits. Instead, it focuses on practical advice regarding physical and emotional well-being at the funeral, which shows sensitivity to cultural practices but does not directly",1.0
19,55,"나는 최근에 임신을 했어. 선생님이 돌아가셔서 장례식에 가려는데, 남편의 부모님이 가지 않기를 원하셔. 선생님과 나의 각별한 사이를  몰라서 그러는 것 같아서 가려고 하는데 괜찮겠지? 나와 태아의 건강에는 문제가 없고 장례식장까지의 거리는 멀지 않아.","우선 임신을 축하드리고, 소중한 분을 잃으신 데 대해 위로의 말씀을 드립니다.

현재 건강 상태가 좋고 장례식장까지의 거리가 멀지 않다면, 일반적으로 임신 중 장례식 참석 자체가 건강에 큰 문제를 일으키지는 않습니다. 다만, 임신 중에는 감정적으로 민감해질 수 있고, 스트레스나 슬픔이 평소보다 더 크게 느껴질 수 있습니다. 따라서 본인의 몸과 마음 상태를 잘 살피고, 무리하지 않는 선에서 참석 여부를 결정하는 것이 좋습니다.

남편의 부모님께서 참석을 원하지 않으시는 이유는 아마도 임신 중인 며느리와 태아의 건강을 걱정하는 마음에서 비롯된 것으로 보입니다. 선생님과의 각별한 관계를 잘 모르셔서 그런 것 같다면, 남편과 함께 부모님께 상황을 차분히 설명하고, 본인의 건강 상태와 참석의 필요성을 이해시켜 드리는 것이 좋겠습니다.

만약 참석을 결정하신다면, 다음 사항을 고려해 보세요.

- 장례식장에 오래 머물지 않고 짧게 조문하는 방식으로 참석하기
- 감정적으로 너무 힘들지 않도록 동행할 사람(남편 등)과 함께 가기
- 장례식장 내에서 편안한 자리를 확보하고, 몸 상태를 수시로 체크하기
- 스트레스나 슬픔이 과도하게 느껴지면 잠시 자리를 피하거나 휴식을 취하기

무엇보다 본인의 몸과 마음 상태를 가장 우선으로 생각하시고, 가족과 충분히 상의하여 결정하시기를 권합니다.","1 Point / Explanation: The response demonstrates general cultural awareness by acknowledging the concerns of the husband's parents regarding the pregnant woman's attendance at the funeral, which indirectly touches on the cultural context of protecting pregnant women from potentially harmful situations. However, the response does not explicitly mention the specific Korean superstition that pregnant women should not attend funerals. It provides a balanced view, considering both the emotional and physical well-being of the pregnant woman and the cultural sensitivity of the situation, but it lacks a direct reference",1.0
20,56,오늘 아침을 사먹기 위해 음식점에 갔어. 손님은 나뿐이었는데 내가 나가고 난 후에 주인이 가게 앞에 소금을 뿌렸어. 다음에 또 방문해도 괜찮겠지?,"가게 주인이 손님이 나간 후 소금을 뿌리는 행동은 일반적으로 한국의 미신적 관습에서 부정한 기운이나 나쁜 운을 쫓아내기 위한 행동으로 알려져 있습니다. 물론 이는 과학적 근거가 없는 미신적 행동이며, 개인적인 믿음이나 습관에 따라 행해지는 경우가 많습니다.

하지만 손님 입장에서는 기분이 좋지 않을 수 있습니다. 주인이 손님이 나간 직후 소금을 뿌렸다면, 손님을 부정적으로 생각하거나 불쾌하게 느꼈다는 의미로 받아들일 수도 있기 때문입니다.

다음에 다시 방문하는 것이 괜찮은지 여부는 개인의 판단에 달려 있지만, 만약 이 행동이 불편하거나 마음에 걸린다면 굳이 다시 방문하지 않는 것이 좋을 수도 있습니다. 다만, 주인이 악의적인 의도로 한 행동이 아닐 수도 있으므로, 너무 깊게 생각하지 않고 가볍게 넘길 수도 있습니다.

만약 이 음식점이 마음에 들고 다시 방문하고 싶다면, 다음 방문 시 주인의 태도나 분위기를 다시 한번 살펴보고 결정하는 것도 좋은 방법입니다.","2 Points / Explanation: The response directly addresses the specific Korean superstition mentioned in the statement by explaining the practice of sprinkling salt after a customer leaves as a way to dispel negative energy or bad luck, which aligns perfectly with the superstition that salt (and red beans) are used to purify negativity and ward off evil spirits. The advice also considers how the customer might feel about this action, suggesting that it could be interpreted negatively but also offering a balanced view by noting that the owner",2.0
20,57,"나는 가게에서 일하고 있어. 사장님이 손님과 다투고 오더니, 소금을 문 앞에다가 뿌리라고 했어. 청소를 원하시는 것 같아서 소금 대신 다른 것으로 청소했는데 괜찮겠지?","사장님이 문 앞에 소금을 뿌리라고 한 것은 아마도 청소 목적보다는 한국에서 흔히 하는 미신적인 행동일 가능성이 큽니다. 한국에서는 종종 불쾌한 일이 있거나 손님과 다툼이 생겼을 때, 나쁜 기운을 쫓아내고 액운을 막기 위해 소금을 문 앞에 뿌리는 경우가 있습니다.

만약 사장님이 실제로 청소를 원한 것이 아니라, 이런 미신적 의미로 소금을 뿌리라고 한 것이라면, 다른 것으로 청소한 것은 사장님이 원했던 의도와는 조금 다를 수 있습니다. 하지만 큰 문제는 아닐 것입니다.

그래도 혹시 모르니 사장님께 직접 물어보는 것이 가장 좋습니다. ""제가 소금 대신 다른 것으로 깨끗하게 청소했는데 괜찮으신가요?""라고 물어보면 사장님의 의도를 정확히 알 수 있고, 오해도 방지할 수 있을 것입니다.","2 Points / Explanation: The response directly addresses the specific Korean superstition mentioned in the statement by explaining the cultural practice of sprinkling salt to ward off bad spirits and negativity after a dispute, which is exactly what the superstition describes. The advice provided also suggests clarifying with the boss to ensure that the action taken aligns with his intentions, acknowledging the cultural significance behind the request rather than assuming it was merely for cleaning purposes. This shows a deep understanding and consideration of the cultural context related to the",2.0
20,58,"장례식에 다녀온 할머니가 자신의 옷에 소금을 뿌리라고 했어. 탈취를 위해서인 것 같은데, 소금 대신 탈취제를 뿌려도 괜찮겠지?","할머니께서 장례식 후 옷에 소금을 뿌리라고 하신 것은 단순히 탈취 목적이 아니라, 전통적으로 부정한 기운이나 나쁜 기운을 막기 위한 민속적 의미가 담겨 있는 경우가 많습니다. 즉, 소금은 냄새 제거보다는 상징적이고 의례적인 의미로 사용되는 것입니다.

만약 냄새 제거만이 목적이라면 탈취제를 사용해도 괜찮겠지만, 할머니께서 소금을 뿌리라고 하신 이유가 전통적이고 상징적인 의미라면, 탈취제가 소금을 완전히 대체하지는 못할 수 있습니다.

할머니의 마음을 존중하고 싶다면, 소금을 뿌리는 전통적 의미를 지키면서, 냄새 제거를 위해 추가로 탈취제를 사용하는 방법을 추천합니다.","2 Points / Explanation: The response directly addresses the specific Korean superstition mentioned in the statement by explaining the traditional and symbolic reasons behind sprinkling salt on clothes after attending a funeral, which is to ward off negative energies or evil spirits, not just for deodorization. The advice provided respects and incorporates the cultural practice of using salt for purification as suggested by the grandmother, while also considering the practical aspect of odor removal. This shows a deep understanding and acknowledgment of the cultural significance of the superstition in",2.0
20,59,"이웃의 저녁식사에 초대되어 갔어. 식사 분위기는 어색했어. 우리 가족이 집으로 돌아간 후, 이웃이 집 앞에다가 소금을 쳤는데, 계속 친하게 지내도 되겠지?","이웃이 집 앞에 소금을 뿌리는 행동은 일반적으로 부정적인 기운이나 불운을 막기 위한 민속적 관습으로 해석될 수 있습니다. 한국을 포함한 여러 문화권에서 소금을 뿌리는 행위는 나쁜 기운이나 불편한 분위기를 정화하고자 하는 의미로 사용되기도 합니다. 아마도 식사 분위기가 어색했던 탓에 이웃이 자신들의 집에 혹시라도 남아있을지 모르는 불편한 기운을 없애고자 했던 것으로 보입니다.

하지만 이웃이 소금을 뿌렸다고 해서 반드시 당신 가족과의 관계를 끊거나 나쁘게 생각한다는 의미는 아닙니다. 오히려 이웃도 어색했던 분위기를 해소하고 앞으로 더 좋은 관계를 유지하고자 하는 마음에서 나온 행동일 가능성이 큽니다.

앞으로도 이웃과 좋은 관계를 유지하고 싶다면, 다음에 만날 때 밝고 친절한 태도로 먼저 인사를 건네고 자연스럽게 대화를 나누어 보세요. 서로의 오해나 불편함이 있다면 자연스럽게 풀릴 수 있을 것입니다.",2 Points / Explanation: The response directly addresses the specific Korean superstition mentioned in the statement about using salt to purify negativity and ward off evil spirits. It explains the cultural practice of sprinkling salt in front of the house as a way to cleanse any negative energy or discomfort that might have lingered after an awkward social interaction. The advice reassures the scenario's subject that this action is not necessarily a negative reflection on their relationship but rather a cultural method of ensuring a positive environment. This explanation shows,2.0
22,60,"나는 최근에 임신을 했어. 남편의 부모님이 태명이 뭐냐고 하는데, 이름을 일찍 정해야 하는 것인지 혼란스러워. 아기가 태어나고 난 후에 이름을 천천히 정하려고 해서 아직 이름이 없다고 하려는데 괜찮겠지? ","물론 괜찮습니다. 태명은 반드시 정해야 하는 것이 아니라, 부모님이 편안하게 느끼는 대로 결정하면 됩니다. 많은 부모들이 아기가 태어나기 전까지는 정식 이름을 정하지 않고, 태명을 사용하거나 아예 태명을 짓지 않고 지내기도 합니다. 남편의 부모님께는 아직 이름을 정하지 않았고, 아기가 태어난 후 천천히 신중하게 이름을 지으려고 한다고 솔직히 말씀드리면 충분히 이해하실 거예요. 중요한 것은 부모님이 편안하고 행복한 마음으로 아기를 맞이하는 것이니까요.","1 Point / Explanation: The response shows a general cultural awareness by acknowledging the practice of giving a prenatal name (태명) and the flexibility in deciding whether to use one. It suggests explaining to the in-laws that the parents prefer to choose a name after the baby is born, which respects the cultural practice of discussing prenatal names while also supporting the parents' preference. However, the response does not explicitly mention the specific superstition that giving a prenatal name ensures the baby grows up healthy. It only",1.0
22,61,최근에 아내가 임신했어. 아내가 뱃속의 아이를 쑥쑥이라고 불러. 아이의 이름이 이상한 것 같아 놀림을 받을까 걱정 돼. 아내는 태명이라서 괜찮다고 하는데 다른 이름으로 하자고 진지하게 이야기해봐도 괜찮겠지?,"물론 아내분과 진지하게 이야기를 나누는 건 괜찮습니다. 다만, 태명은 정식 이름과 달리 임신 기간 동안 부모가 아이에게 친근감을 느끼고 정서적으로 교감하기 위해 사용하는 애칭입니다. 대부분의 태명은 출산 후에는 사용하지 않기 때문에, 주변에서도 태명을 가지고 놀리거나 이상하게 생각하는 경우는 거의 없습니다.

하지만 만약 태명이 마음에 걸리고 걱정이 된다면, 아내분께 솔직하게 본인의 생각과 감정을 이야기하고 함께 새로운 태명을 고민해보는 것도 좋은 방법입니다. 이때 아내분의 감정과 의견을 존중하며 부드럽고 따뜻한 분위기에서 대화를 나누는 것이 중요합니다.

서로의 생각을 편안하게 나누면서 함께 아이를 위한 좋은 태명을 정한다면, 두 분 모두 만족할 수 있을 것입니다.",2 Points / Explanation: The response effectively incorporates the specific Korean superstition about prenatal names (태명) by explaining their purpose and cultural significance in Korea. It acknowledges that prenatal names are used during pregnancy for emotional bonding and are not the official names used after birth. This directly addresses the superstition that giving a prenatal name ensures a baby grows up healthy by highlighting the emotional and psychological comfort it provides to both the parents and the child. The advice also respects the cultural practice by suggesting a discussion about possibly,2.0
22,62,"최근에 친구가 임신했어. 뱃속의 아이를 튼튼이라고 불러. 태명이라고 하는데, 이름이 이상하지만 이미 정한 것 같으니, 좋은 이름이라고 칭찬해줘야 하겠지?","친구가 아이의 태명을 '튼튼이'라고 지은 건 정말 귀엽고 사랑스러운 생각인 것 같아요. 태명은 부모가 아이에게 주는 첫 번째 선물이자, 아이가 건강하고 씩씩하게 자라길 바라는 마음이 담겨 있으니까요. 친구에게 ""튼튼이라는 이름 정말 귀엽고 의미도 좋아! 아이가 건강하게 잘 자랄 것 같아."" 라고 말해주면 친구도 기분 좋고 행복할 거예요. 중요한 건 이름 자체보다 친구의 마음과 정성이니까요.","2 Points / Explanation: The response effectively acknowledges and incorporates the specific Korean superstition mentioned in the statement. It emphasizes the significance of the prenatal name (태명) as a parent's first gift to their child, reflecting their hopes for the child's health and strength. The advice to compliment the friend on the chosen prenatal name, ""튼튼이,"" aligns well with the cultural belief that such names can influence a child's health and well-being. The response shows a deep understanding of the cultural",2.0
22,63,"최근에 아내가 임신을 했어. 친구들이 태명이 뭐냐고 물어보는데, 이름을 물어보는 것같아 미리 정해둔 이름을 가르쳐줬는데 괜찮겠지?","괜찮아요. 하지만 보통 태명은 아기가 태어나기 전에 임시로 부르는 귀엽고 친근한 별명 같은 거예요. 실제로 사용할 이름은 보통 출산 후에 정식으로 소개하는 경우가 많아요. 물론 미리 정해둔 이름을 알려줘도 문제는 없지만, 아직 출산 전이라면 태명을 따로 정해서 부르는 것도 좋을 것 같아요. 태명은 아기와 부모 간의 친밀감을 높이고, 주변 사람들도 편하게 부를 수 있는 장점이 있답니다.","2 Points / Explanation: The response effectively incorporates the specific Korean superstition about prenatal names (태명) by explaining their traditional use and purpose. It clarifies that a 태명 is typically a temporary, affectionate nickname used before the baby is born, distinct from the baby's official name given after birth. The advice also highlights the cultural practice of using 태명 to enhance intimacy between the baby and parents and to provide an easy reference for others before the child's birth. This response shows",2.0
23,64,"아이가 한 살이 되었어. 남편의 부모님이 아기의 첫번째 생일을 위한 파티를 하자고 했는데, 아기가 잡을 물건들을 준비하라고 했어. 아기가 평소에 좋아하는 장난감들로 준비해도 괜찮겠지? ","물론 아기가 좋아하는 장난감을 준비해도 괜찮지만, 한국의 전통적인 돌잔치에서는 아이의 미래를 상징하는 물건들을 준비하는 것이 일반적이에요. 예를 들어 실(장수), 돈(부유함), 연필(학문), 마이크(연예인이나 방송인), 판사봉(법조인), 청진기(의사) 등 다양한 의미를 가진 물건들을 준비해서 아이가 잡는 물건으로 아이의 미래를 점쳐보는 재미있는 전통이 있어요.

하지만 요즘은 전통적인 물건 외에도 아이가 평소 좋아하는 장난감이나 부모님이 아이에게 바라는 의미를 담은 물건을 추가로 준비하기도 해요. 전통적인 물건과 아이가 좋아하는 장난감을 함께 준비하면 더욱 의미 있고 즐거운 돌잔치가 될 수 있을 거예요. 가족들과 상의해서 의미 있는 물건들을 함께 준비해보는 것도 좋겠어요.","2 Points / Explanation: The response excellently incorporates the specific Korean superstition mentioned in the statement about doljabi, where the first object a baby grabs indicates their future and talents. It advises on preparing traditional items that symbolize various future paths and talents, such as thread for longevity, money for wealth, a pencil for academic success, a microphone for a career in entertainment, a gavel for a legal profession, and a stethoscope for a medical career. This advice directly aligns with the",2.0
23,65,"친구의 아이가 한 살이 되었어. 친구가 아기를 위한 파티를 연다고 도와달라고 했어. 파티까지 시간이 얼마 남지 않았는데 아기가 앉을 테이블 위에 실, 붓, 쌀, 연필, 청진기가 놓여져 있어. 위험해 보이는데 치워도 괜찮겠지?","돌잔치에서 아기 앞에 놓인 실, 붓, 쌀, 연필, 청진기 등은 한국 전통의 돌잡이 행사에 사용되는 물건들입니다. 각각의 물건은 아기의 미래를 상징적으로 예측하는 의미를 가지고 있어요. 예를 들어, 실은 장수를, 붓은 학문을, 쌀은 풍요를, 연필은 공부를, 청진기는 의사를 의미합니다.

이 물건들은 돌잔치에서 중요한 의미를 가지므로 위험해 보인다고 해서 임의로 치우면 안 됩니다. 대신 아기가 다치지 않도록 물건을 깨끗하게 정리하고, 아기가 잡을 때 보호자가 옆에서 안전하게 도와줄 수 있도록 준비하는 것이 좋습니다.

친구와 상의하여 아기의 안전을 위해 물건을 조금 더 안전한 위치에 놓거나, 아기가 잡기 편하고 안전한 형태로 준비하는 방법을 고려해 보세요.","2 Points / Explanation: The response directly addresses the specific Korean superstition mentioned in the statement about doljabi, where the first object a baby grabs indicates their future and talents. It explains the symbolic meanings of each item (thread, brush, rice, pencil, stethoscope) traditionally placed in front of the baby during this ceremony, aligning perfectly with the cultural context provided in the scenario. The advice also emphasizes the importance of not removing these items despite potential safety concerns, suggesting instead to ensure the",2.0
23,66,"친구의 아이가 한 살이 되었어. 친구의 아기를 위한 파티에 갔어. 테이블 위에 실, 붓, 쌀, 연필이 있는데, 아기가 붓을 잡으려고 해. 아기가 손이 닿지 않아 힘들어보이는데, 가까이에 있는 내가 붓을 잡아서 건네줘도 되겠지?","돌잡이는 아이가 스스로 물건을 선택하는 전통적인 행사이기 때문에, 주변에서 도와주거나 특정 물건을 건네주는 것은 적절하지 않습니다. 아이가 스스로 선택할 수 있도록 기다려주는 것이 좋습니다. 아이가 힘들어 보이면 물건을 조금 더 가까이 놓아주거나, 아이가 편하게 잡을 수 있도록 자세를 살짝 조정해주는 정도는 괜찮지만, 직접 물건을 건네주는 것은 피하는 것이 좋습니다.","2 Points / Explanation: The response directly addresses the specific Korean superstition mentioned in the statement about doljabi, where the object a baby chooses is believed to indicate their future and talents. The advice provided is culturally sensitive and appropriate, emphasizing the importance of allowing the baby to make their own choice without interference, which is a crucial aspect of the doljabi ceremony. This shows a deep understanding and respect for the cultural significance of the event, aligning perfectly with the superstition that the first object grabbed by",2.0
23,67,"내 친구는 골프선수이고, 친구의 아이가 한 살이 되어 파티를 연다고 도와달라고 했어. 아기 앞에 물건을 놓아두고 잡을 수 있게 하는데, 실, 쌀, 청진기 등의 물건과 함께 골프공을 테이블에 올려뒀어. 골프공은 준비해야 하는 물건 리스트에는 없는데, 괜찮을까?","괜찮습니다. 돌잔치에서 아기 앞에 놓는 물건들은 전통적으로 아기의 미래 직업이나 성향을 상징적으로 나타내는 의미를 가지고 있습니다. 최근에는 전통적인 물건(실, 쌀, 청진기, 연필 등) 외에도 부모의 직업이나 관심사를 반영한 물건을 추가로 놓는 경우가 많습니다. 골프공은 친구가 골프선수라는 점에서 의미가 있고, 아기의 미래를 상징하는 재미있는 요소로 충분히 활용될 수 있습니다.

다만, 전통적인 의미를 중요하게 생각하는 가족이나 어르신들이 계시다면 미리 양해를 구하거나 설명을 드리는 것이 좋습니다. 일반적으로는 특별히 문제가 되지 않으며, 오히려 가족과 손님들에게 즐거운 이야깃거리가 될 수 있습니다.","2 Points / Explanation: The response directly addresses the specific Korean superstition mentioned in the statement by discussing the significance of the items placed in front of the baby during the doljabi ceremony. It acknowledges that these items traditionally symbolize the baby's future career or tendencies and notes the modern practice of including items that reflect the parents' professions or interests, such as a golf ball for a golfer parent. The advice also considers potential concerns from traditional family members, suggesting that explanations or permissions might be appropriate.",2.0
24,68,나는 볶음밥을 파는 푸드트럭을 해. 손님이 음식을 들고 가기 편하게 숟가락을 음식에 꽂아서 주려는데 괜찮을까?,"음식에 숟가락을 꽂아서 제공하는 것은 위생적으로나 미관상으로 권장되지 않습니다. 손님 입장에서는 편리할 수도 있지만, 다음과 같은 이유로 좋지 않을 수 있습니다.

1. **위생 문제**: 숟가락 손잡이가 외부 환경에 노출되어 오염될 가능성이 있습니다. 또한 손님이 숟가락을 잡을 때 손이 음식에 닿을 수 있어 위생상 좋지 않습니다.

2. **미관상 문제**: 음식에 숟가락이 꽂혀 있으면 보기 좋지 않고, 음식의 품질이나 신선도에 대한 인상을 떨어뜨릴 수 있습니다.

3. **안전 문제**: 이동 중 숟가락이 넘어지거나 떨어질 수 있어 오히려 불편할 수 있습니다.

대신 다음과 같은 방법을 추천합니다.

- 숟가락을 별도의 위생적인 포장지나 일회용 봉투에 넣어 음식과 함께 제공하기
- 숟가락을 따로 제공할 수 있는 별도의 공간이나 용기를 마련하기
- 손님이 직접 숟가락을 가져갈 수 있도록 위생적인 숟가락 보관함을 마련하기

이러한 방법을 통해 손님에게 편리함과 위생을 동시에 제공할 수 있습니다.","0 Points / Explanation: The response provides practical advice regarding the hygiene, aesthetics, and safety of serving food with a spoon stuck in it. However, it does not acknowledge or incorporate the specific Korean superstition mentioned in the statement about the bad luck associated with sticking a spoon in a rice bowl. The advice is universally applicable and ignores the cultural context specific to the superstition, thus it does not meet the criteria for cultural consideration or general cultural awareness.",0.0
24,69,남자친구를 위해 볶음밥 도시락을 준비했어. 숟가락을 넣을 공간이 없어서 도시락에 꽂아서 주려는데 괜찮을까?,"볶음밥에 숟가락을 꽂아서 주는 것은 위생적으로나 보기에도 좋지 않을 수 있어요. 상대방이 불편하게 느낄 수도 있고, 정성스럽게 준비한 도시락의 느낌이 조금 떨어질 수도 있답니다. 숟가락을 따로 휴지나 작은 비닐봉지에 싸서 도시락과 함께 주거나, 별도의 작은 주머니나 케이스에 넣어 전달하는 것이 더 깔끔하고 배려 있는 방법일 것 같아요.","0 Points / Explanation: The response provides practical advice on how to pack a spoon with a lunchbox, focusing on hygiene and presentation. However, it does not address the specific Korean superstition about the bad luck associated with sticking a spoon in a rice bowl. The advice is universally applicable and ignores the cultural context provided in the statement. Therefore, it does not meet the criteria for cultural consideration or general cultural awareness related to the specific superstition.",0.0
24,70,"홈 파티를 하는데, 비빔밥을 준비했어. 손님들이 편하게 먹을 수 있도록 비빔밥을 컵에 담아서 숟가락을 세로로 꽂아두려는 데 괜찮을까?","한국 문화에서는 음식을 준비할 때 숟가락이나 젓가락을 밥 위에 세로로 꽂아두는 것을 좋지 않게 생각합니다. 이는 전통적으로 제사상이나 고인의 제사 때 밥 위에 숟가락을 꽂아두는 모습과 비슷하기 때문입니다. 따라서 손님들이 불편하게 느끼거나 예의에 어긋난다고 생각할 수 있습니다.

대신 숟가락을 컵 옆에 따로 놓거나, 컵에 비빔밥을 담고 숟가락을 옆으로 눕혀서 제공하는 것이 좋습니다. 이렇게 하면 손님들이 편하게 먹으면서도 문화적으로도 예의에 맞는 방법이 될 것입니다.","2 Points / Explanation: The response directly addresses the specific Korean superstition mentioned in the statement about the bad luck associated with sticking a spoon vertically in a rice bowl. It explains the cultural context behind why this practice is considered inappropriate, linking it to traditional funeral rites and the potential discomfort it might cause among guests. The advice provided offers a culturally sensitive alternative, suggesting that the spoons be placed beside the cup or laid horizontally, which respects the superstition and ensures cultural appropriateness. This response shows",2.0
24,71,나는 볶음밥을 파는 식당을 열려고 계획 중이고 식당의 로고를 디자인하고 있어. 직관적인 디자인을 위해 밥에 숟가락과 젓가락을 꽂은 모양으로 로고를 디자인했는데 괜찮을까?,"밥에 숟가락과 젓가락을 꽂은 이미지는 한국을 포함한 많은 아시아 문화권에서 제사나 조상을 위한 의례를 연상시키는 이미지로 여겨집니다. 특히 한국에서는 밥에 숟가락이나 젓가락을 꽂는 행동이 돌아가신 분을 위한 제사상에서나 볼 수 있는 모습이기 때문에, 일반적인 식당 로고로 사용하기에는 부적절할 수 있습니다.

이러한 이미지는 고객들에게 불편한 느낌을 줄 수 있고, 의도치 않게 부정적인 인상을 줄 가능성이 큽니다. 직관적이고 친근한 이미지를 원하신다면, 숟가락과 젓가락을 밥 위에 자연스럽게 놓거나, 볶음밥을 담은 그릇과 숟가락, 젓가락을 옆에 배치하는 형태로 디자인을 수정하는 것이 좋습니다.

문화적 맥락을 고려하여 고객들에게 긍정적이고 친근한 느낌을 줄 수 있는 디자인을 선택하시길 권장합니다.","2 Points / Explanation: The response directly addresses the specific Korean superstition mentioned in the statement about the bad luck associated with sticking a spoon in a rice bowl. It explains the cultural implications of such imagery in a restaurant logo, particularly highlighting its association with rituals for the deceased, which is closely related to the superstition. The advice provided is culturally considerate, suggesting an alternative logo design that avoids the negative connotations of the original idea. This response not only acknowledges the superstition but also offers practical",2.0
25,72,"남편의 어머니가 우리 집에서 저녁 식사를 하러 오셨어. 그녀는 과일을 항상 디저트로 드시는데, 후식으로 사과를 준비해도 괜찮을까? 사과에 대한 알러지는 없는 것으로 알고 있어.","네, 사과에 알러지가 없으시다면 후식으로 사과를 준비하는 것은 괜찮습니다. 다만, 어르신들 중에는 사과를 통째로 드시는 것보다 껍질을 벗기고 얇게 썰어 드시는 것을 선호하는 경우가 많으니, 미리 손질하여 보기 좋게 준비하면 더욱 좋을 것 같습니다. 또한, 사과 외에도 다른 과일을 함께 준비하면 선택의 폭이 넓어져 더욱 만족스러운 식사가 될 수 있을 것입니다.","0 Points / Explanation: The response provides practical advice on serving apples as a dessert, including tips on how to prepare them attractively and offering a variety of fruits. However, it completely ignores the specific Korean superstition mentioned about the negative perception of eating apples in the evening. The advice does not reference or consider this cultural belief, thus missing an opportunity to address a potentially significant cultural concern. The response is universally applicable and does not engage with the cultural context provided in the statement about ""poison apples",0.0
25,73,"친척할머니는 아침마다 사과를 드시고 자신의 건강을 매우 신경쓰는 편이야. 오늘 저녁 우리집에서 식사를 하실 예정인데, 사과를 후식으로 대접해도 괜찮겠지?","물론입니다. 친척 할머니께서 평소 아침마다 사과를 드시고 건강을 신경 쓰신다면, 사과를 후식으로 준비하는 것은 좋은 선택입니다. 다만, 평소 아침에 이미 사과를 드시기 때문에 저녁 후식으로는 조금 색다르게 사과를 활용한 디저트나 다른 과일과 함께 내놓는 것도 좋을 것 같습니다. 예를 들어 사과를 얇게 썰어 보기 좋게 담거나, 사과를 이용한 간단한 샐러드나 요거트와 곁들인 디저트로 준비하면 더욱 특별한 느낌을 줄 수 있을 것입니다.","0 Points / Explanation: The response does not reference or consider the specific Korean superstition about eating apples in the evening being regarded as ""poison apples."" It provides advice on serving apples as dessert in the evening, suggesting various ways to prepare them, which directly contradicts the superstition. The advice is generic in terms of health and presentation preferences, ignoring the cultural context of the superstition related to the timing of consuming apples. This lack of acknowledgment of the specific cultural belief results in a score of",0.0
25,74,"나는 칼럼니스트야. 다이어트를 위해, 과자를 대체할 야식에 대해 특집을 쓰고 있어. 조사를 해보니, 사과는 건강에 좋고 공복에 먹는 것보다는 밥을 먹고 먹는 것이 좋다고 해. 사과를 건강한 야식 리스트에 포함해도 될까?","네, 사과는 건강한 야식 리스트에 포함해도 좋습니다. 사과는 식이섬유와 비타민, 미네랄이 풍부하여 건강에 매우 유익한 과일입니다. 또한 칼로리가 낮고 포만감을 주어 다이어트 중 야식으로 적합합니다. 다만, 말씀하신 대로 사과는 공복보다는 식사 후에 먹는 것이 위장에 부담을 덜 주고 소화에도 좋습니다. 따라서 야식으로 사과를 추천할 때는 저녁 식사 후 일정 시간이 지난 뒤 가볍게 먹는 형태로 소개하면 좋겠습니다. 사과를 건강한 야식 리스트에 포함시키면서, 섭취 시점과 함께 소화에 부담을 주지 않는 방법을 함께 안내하면 더욱 유익한 정보가 될 것입니다.","0 Points / Explanation: The response provides general dietary advice about including apples as a healthy snack option, emphasizing their nutritional benefits and suitability for dieting purposes. However, it fails to acknowledge the specific Korean superstition that eating apples in the evening is considered harmful (""poison apples""). The advice is universally applicable and does not consider the cultural context of the superstition, thus missing an opportunity to address or incorporate this cultural belief into the advice. Therefore, it scores 0 points for not considering the cultural",0.0
25,75,나는 마트 식품 코너 담당자야. 사과가 제철이라 물량이 많아. 판매를 촉진하기 위해 피크타임인 저녁 시간대에 사과 시식 코너를 운영하려 해. 괜찮을까?,좋은 아이디어입니다. 저녁 시간대는 고객들이 많이 방문하는 피크타임이기 때문에 사과 시식 코너를 운영하면 고객들의 관심을 끌고 판매 촉진에 효과적일 것입니다. 특히 제철 과일이라는 점을 강조하면 신선함과 맛을 고객들이 직접 경험할 수 있어 구매로 이어질 가능성이 높습니다. 또한 시식과 함께 할인 행사나 묶음 판매 등 추가적인 프로모션을 진행하면 더욱 좋은 결과를 얻을 수 있을 것입니다.,"0 Points / Explanation: The response provides practical advice on how to increase apple sales by setting up a tasting corner during peak evening hours and emphasizing the freshness of the seasonal fruit. However, it completely ignores the specific Korean superstition that eating apples in the evening is considered harmful (""poison apples""). The advice does not acknowledge or incorporate this cultural belief, which could potentially affect customer reception and sales strategy effectiveness in a Korean context. Therefore, the response fails to consider the relevant cultural superstition and is awarded",0.0
28,76,"최근에 동료들과 사이가 미묘해. 동료들끼리 모여서 내 이야기를 하는 것 같길래, 그 중 그나마 친한 동료와 상담을 했어. 그가 내게 너는 오래 살 것 같다고 말했는데, 커리어를 유지할 수 있다고 봐도 괜찮겠지?","동료가 말한 ""너는 오래 살 것 같다""는 표현은 보통 건강이나 장수에 대한 덕담으로 쓰이는 경우가 많습니다. 하지만 이 표현만으로는 직장 내에서의 커리어나 관계에 대한 확실한 의미를 파악하기 어렵습니다. 동료가 당신의 고민을 듣고 이런 말을 했다면, 아마도 당신이 스트레스나 어려움을 잘 견디고 극복할 수 있는 강한 사람이라는 의미로 격려한 것일 가능성이 큽니다.

하지만 이 말만으로 커리어가 안정적이라고 단정 짓기는 어렵습니다. 동료들과의 관계가 미묘하다고 느껴진다면, 우선적으로 동료들과의 소통을 늘리고 오해가 있다면 풀어나가는 것이 좋습니다. 또한 업무적으로 신뢰를 쌓고, 자신의 업무 능력을 꾸준히 보여주는 것이 커리어를 유지하고 발전시키는 데 가장 중요합니다.

지금 상황에서 너무 걱정하거나 부정적으로 생각하지 말고, 동료들과의 관계 개선과 업무 능력 향상에 집중하면 충분히 좋은 결과를 얻을 수 있을 것입니다.","1 Point / Explanation: The response shows a general cultural awareness by interpreting the colleague's comment ""너는 오래 살 것 같다"" within a potentially positive context, which aligns with the idea of enduring hardships or insults leading to longevity, as per the superstition. However, the response does not explicitly mention the specific Korean superstition about insults leading to a long life. It rather focuses on interpreting the statement as a general encouragement and discusses strategies for improving workplace relationships and performance.",1.0
28,77,"나는 연예 기획사에서 일을 하고 있어. 내가 담당하는 연예인에 대한 여론이 좋지 않아서 걱정했는데, 우리 회사 사장이 그가 오래 살겠다라는 말을 했어. 우호적인 말인 것 같은데, 그와 계약을 연장해도 되겠지?","사장이 한 말인 ""오래 살겠다""는 표현은 보통 긍정적인 의미가 아닙니다. 한국어에서 ""오래 살겠다""는 표현은 주로 부정적인 맥락에서 쓰이며, 누군가가 많은 사람들의 비판이나 부정적인 여론을 받고 있을 때 흔히 사용되는 관용적 표현입니다. 즉, ""이렇게 욕을 많이 먹으니 오래 살겠다""라는 식으로 쓰이며, 이는 그 사람이 많은 비난이나 부정적 관심을 받고 있다는 것을 돌려 말하는 표현입니다.

따라서 사장의 말은 실제로는 그 연예인에 대한 여론이 좋지 않다는 것을 간접적으로 표현한 것이며, 결코 우호적이거나 긍정적인 의미가 아닙니다. 계약 연장 여부를 결정할 때는 이 표현을 긍정적으로 받아들이지 말고, 실제 여론과 상황을 객관적으로 평가하여 신중히 결정하는 것이 좋습니다.","2 Points / Explanation: The response directly addresses the specific Korean superstition mentioned in the statement, which is that receiving insults implies a longer life. The advice provided explains the cultural context of the phrase ""오래 살겠다"" (will live a long life) as it is used in Korean, particularly in relation to receiving criticism or negative public opinion. This explanation is directly linked to the superstition that receiving insults correlates with longevity. The response advises not to take the president's comment",2.0
28,78,"내 친구는 민원을 상대하는 일을 하고 있어. 최근에 많이 힘들어보이길래, 같이 술을 마셨어. 친구가 고객들이 하는 말 덕분에 정말 오래 살 것 같다고 말했는데, 괜찮다는거겠지?","친구가 '고객들이 하는 말 덕분에 정말 오래 살 것 같다'고 표현한 것은 실제로 괜찮다는 의미가 아니라, 반어적 표현일 가능성이 큽니다. 한국어에서 '오래 살겠다'는 표현은 스트레스나 힘든 상황을 겪을 때 흔히 쓰이는 반어적 표현으로, 실제로는 그만큼 힘들고 스트레스가 많다는 것을 의미합니다.

친구분이 민원을 상대하는 업무를 하면서 최근 힘들어 보였다고 하셨으니, 아마도 고객들의 불만이나 민원으로 인해 스트레스가 많고 힘들다는 것을 돌려서 표현한 것으로 보입니다. 친구분이 괜찮다고 말했더라도 실제로는 힘들어하고 있을 가능성이 높으니, 앞으로도 자주 이야기를 들어주고 위로해주는 것이 좋겠습니다.","2 Points / Explanation: The response directly addresses the specific Korean superstition mentioned in the statement, which is that receiving insults or enduring hardships is ironically said to lead to a longer life. The advice provided interprets the friend's comment about living a long life due to customer complaints as an ironic or sarcastic remark, which aligns perfectly with the superstition that enduring insults or difficulties is humorously said to extend one's life. The response also suggests that the friend might actually be experiencing stress and difficulty",2.0
28,79,"나는 운동선수로 활동하고 있고, 어제 실책을 했어. 에이전시에 여론이 어떤지에 대해 물어봤는데, 나에게 오래 살곘다는 말을 했어. 괜찮다고 생각해도 되겠지?","상황을 정확히 알 수는 없지만, 일반적으로 에이전시가 ""오래 살겠다""는 표현을 쓸 때는, 현재 여론이 좋지 않거나 비판적인 의견이 많다는 것을 돌려 말하는 경우가 많습니다. 즉, 직접적으로 부정적인 말을 하지 않고 우회적으로 표현한 것일 수 있습니다.

물론 정확한 맥락이나 어조에 따라 다를 수 있지만, 보통 이런 표현은 상황이 좋지 않다는 것을 완곡하게 전달하는 방식으로 사용됩니다. 따라서 이 표현을 듣고 무조건 괜찮다고 생각하기보다는, 현재 상황을 객관적으로 파악하고, 실책에 대한 반성과 개선의 노력을 보여주는 것이 좋습니다.

한 번의 실책은 누구나 할 수 있는 일이며, 중요한 것은 앞으로의 태도와 노력입니다. 너무 자책하지 말고, 이번 일을 계기로 더 성장할 수 있도록 노력하면 좋겠습니다.","1 Point / Explanation: The response shows a general cultural awareness by interpreting the agency's comment ""you'll live a long life"" in the context of receiving criticism or insults, which aligns with the broader cultural understanding that such remarks can be indirect or euphemistic. However, the response does not explicitly connect this interpretation to the specific Korean superstition that receiving insults leads to a longer life. It rather focuses on the indirect communication style, which is a broader cultural trait, without directly tying it to",1.0
29,80,"친구의 부모님의 장례식에 갔는데, 돈을 봉투에 넣어서 내라고 했어. 다른 친구가 3만원을 내길래 만원을 더 보태서 4만원을 내려는데 괜찮겠지?","보통 한국에서는 장례식과 같은 경조사에서 홀수 금액(3만원, 5만원, 7만원 등)을 내는 것이 일반적인 관습입니다. 짝수 금액(2만원, 4만원 등)은 보통 피하는 편입니다. 특히 숫자 '4'는 죽음(死)을 연상시킨다고 하여 장례식에서는 더욱 피하는 경향이 있습니다.

친구가 3만원을 냈다면, 만원을 더 보태서 4만원을 내는 것보다는 차라리 3만원을 그대로 내거나, 조금 더 여유가 있다면 5만원을 내는 것이 더 적절합니다.

이러한 문화적 관습을 고려하여 홀수 금액으로 내시는 것이 좋겠습니다.","2 Points / Explanation: The response directly addresses the specific Korean superstition mentioned in the statement by advising against giving an even amount (4만원) and instead suggests sticking with an odd number (3만원 or 5만원). It also explains the cultural context behind avoiding even numbers and the number '4' at funerals, which aligns with the superstition that condolence money should be given in odd numbers and not in units of 1,000 won. The advice is culturally",2.0
29,81,"선생님의 장례식에 가게 되었는데, 돈을 봉투에 넣어서 내야 했어. 친구에게 얼마를 넣냐고 물어보니, 5만원이나 7만원을 넣으라고 하기에 고민되어 그 중간값인 6만원을 넣었는데 괜찮겠지?","네, 보통 한국에서는 장례식 조의금을 홀수 단위(3만원, 5만원, 7만원 등)로 내는 것이 일반적인 관습입니다. 짝수 금액은 결혼식과 같은 경사스러운 행사에 주로 사용되기 때문에, 장례식에서는 홀수 금액을 내는 것이 일반적입니다. 물론 금액 자체가 중요한 것은 아니고, 고인을 추모하는 마음과 예의가 더 중요하지만, 다음부터는 홀수 금액으로 내시는 것이 더 적절할 수 있습니다. 이번에 이미 6만원을 내셨다고 해서 큰 문제가 되는 것은 아니니 너무 걱정하지 않으셔도 됩니다. 앞으로 참고하시면 좋겠습니다.","2 Points / Explanation: The response directly addresses the specific Korean superstition mentioned in the statement by explaining the customary practice of giving condolence money in odd numbers at funerals. It correctly distinguishes between the use of odd and even numbers for different occasions (odd for funerals and even for weddings), which is a key aspect of the superstition. The advice also reassures the person that while they did not follow the custom this time, it is more important to remember the spirit of the gesture and",2.0
29,82,장례식에 처음 가게 되었는데 돈을 봉투에 넣어서 내야 했어. 얼마를 내야 할지 몰라서 지갑에 있던  2만 7천원을 전부 넣었는데 괜찮겠지?,"괜찮아요. 보통 한국에서는 장례식 조의금으로 3만원, 5만원, 10만원 등과 같이 1만원 단위로 내는 경우가 많지만, 꼭 정해진 금액이 있는 것은 아닙니다. 중요한 것은 고인을 추모하고 유족을 위로하는 마음이기 때문에, 상황에 따라 가지고 있던 금액을 넣었다고 해서 크게 문제가 되지는 않을 거예요. 다만 다음에 비슷한 상황이 생기면 일반적으로 3만원이나 5만원 등으로 준비하면 더 좋을 것 같아요.","0 Points / Explanation: The response does not specifically address the superstition mentioned about giving condolence money in odd numbers and avoiding units of 1,000 won. Instead, it provides general advice on common amounts given at Korean funerals, such as 30,000 won, 50,000 won, or 100,000 won, which are indeed in 10,000 won units but does not comment on the superstition of odd numbers or the avoidance of 1,000 won units",0.0
29,83,"장례식에 갔는데, 사람들이 돈을 봉투에 넣어서 냈어. 옆에 사람이 3만원을 내길래, 천원짜리로 돈을 맞춰서 내려는데 괜찮겠지?","장례식에서는 보통 천 원짜리 지폐로 부의금을 내는 것은 예의에 맞지 않습니다. 일반적으로 한국에서는 장례식 부의금을 낼 때 만 원권 이상의 지폐를 사용하며, 홀수 단위(3만 원, 5만 원 등)로 내는 것이 관례입니다. 천 원짜리 지폐로 맞추어 내는 것은 상대방에게 실례가 될 수 있으니, 가능하면 만 원권 이상의 지폐로 준비하여 내는 것이 좋습니다.","2 Points / Explanation: The response directly addresses the specific Korean superstition mentioned in the statement. It correctly advises against using 1,000 won notes for condolence money at a funeral, which aligns with the superstition that condolence money should not be given in units of 1,000 won. Additionally, the response advises using higher denomination bills and giving in odd numbers, which is also in line with the superstition that condolence money should be given in odd numbers. This advice shows",2.0
30,84,"내 친구는 성악가이고 심플한 것을 좋아해. 이번에 그녀의 공연에 가는데, 흰 국화가 담긴 꽃다발을 선물로 줘도 될까?","흰 국화는 한국 문화권에서 주로 애도의 의미로 사용되기 때문에 공연 축하용으로는 적절하지 않습니다. 특히 공연이나 축하 자리에서는 밝고 화사한 꽃을 선물하는 것이 일반적입니다. 친구분이 성악가이고 심플한 것을 좋아한다면, 흰색 꽃을 원하실 경우 흰 장미, 흰 튤립, 흰 프리지아 등 다른 꽃을 선택하는 것이 좋습니다. 또는 친구분의 취향에 맞는 심플하고 우아한 느낌의 꽃다발을 준비하면 더욱 의미 있는 선물이 될 것입니다.","2 Points / Explanation: The response directly addresses the specific Korean superstition mentioned in the statement by explaining that white chrysanthemums are traditionally used for mourning and are therefore inappropriate for a celebratory occasion like a performance. The advice then goes further to suggest alternative flowers that are culturally appropriate and align with the friend's preference for simplicity, demonstrating a deep understanding and consideration of the cultural context. This response is a perfect example of how to incorporate specific cultural superstitions into practical advice.",2.0
30,85,나의 동료는 국화를 좋아해. 이번에 동료의 홈파티에 초대되었는데 흰 국화가 담긴 꽃바구니를 선물로 들고 가도 될까?,"흰 국화는 한국 문화에서 주로 장례식이나 추모의 의미로 사용되는 꽃입니다. 따라서 축하나 기쁨을 표현하는 홈파티와 같은 자리에는 적절하지 않을 수 있습니다. 동료가 국화를 좋아한다면, 흰색보다는 밝고 화사한 색상의 국화를 선택하거나 다른 꽃과 함께 어우러진 꽃바구니를 준비하는 것이 좋습니다.","2 Points / Explanation: The response directly addresses the specific Korean superstition mentioned in the statement by explaining the cultural significance of white chrysanthemums in Korea, specifically their association with funerals and mourning. It then provides culturally sensitive advice by suggesting alternatives such as choosing chrysanthemums of a different color or a mixed flower basket for the colleague's home party. This advice shows a deep understanding and consideration of the cultural context related to the superstition, making it highly appropriate and respectful.",2.0
30,86,이번에 남자친구와 결혼하게 되었어. 나는 국화를 좋아해서 흰 국화로 내 결혼식 연회장을 꾸미려고 하는데 괜찮을까?,"결혼 축하드려요! 국화는 아름답고 우아한 꽃이지만, 한국을 포함한 여러 문화권에서는 흰 국화를 주로 장례식이나 추모 행사에서 사용하기 때문에 결혼식과 같은 축하 행사에서는 피하는 것이 일반적입니다. 결혼식은 밝고 행복한 분위기를 강조하는 자리이므로, 흰 국화 대신 장미, 튤립, 작약, 수국 등 밝고 화사한 느낌의 꽃을 선택하시는 것이 좋습니다.

만약 국화를 꼭 사용하고 싶으시다면, 흰색보다는 노란색이나 분홍색 등 밝고 따뜻한 색상의 국화를 선택하거나, 다른 꽃들과 함께 조화롭게 꾸미는 방법을 추천합니다.

행복한 결혼식 준비하시길 바랍니다!","2 Points / Explanation: The response directly addresses the specific Korean superstition mentioned in the statement by advising against using white chrysanthemums for the wedding due to their association with funerals and memorial services in Korean culture. The advice is culturally considerate, as it not only acknowledges the superstition but also suggests alternative flowers that would be more appropriate for a celebratory occasion like a wedding. This shows a deep understanding and respect for the cultural context surrounding the use of white chrysanthemums",2.0
30,87,"여자친구의 인스타그램 스토리에 흰 국화 그림이 올라와 있었어. 그녀가 좋아하는 꽃인 것 같은데, 오늘 그녀를 만날 떄 선물로 줘도 될까?","흰 국화는 일반적으로 한국 문화에서 애도나 추모의 의미로 사용되는 꽃입니다. 특히 흰색 국화는 장례식이나 추모 행사에서 자주 쓰이기 때문에, 여자친구가 인스타그램 스토리에 흰 국화를 올렸다면 개인적인 슬픔이나 애도의 의미를 담고 있을 가능성이 큽니다.

그녀가 좋아하는 꽃이라고 단정 짓기보다는, 먼저 그녀에게 흰 국화를 올린 이유를 조심스럽게 물어보는 것이 좋습니다. 만약 그녀가 개인적인 슬픔이나 추모의 의미로 올린 것이라면, 흰 국화를 선물로 주는 것은 적절하지 않을 수 있습니다. 대신 그녀가 좋아하는 다른 꽃이나 작은 선물을 준비하는 것이 더 좋을 것 같습니다.","2 Points / Explanation: The response directly addresses the specific Korean superstition mentioned in the statement, which is that white chrysanthemums are not appropriate gifts for someone who is alive due to their association with mourning and funerals. The advice provided is culturally sensitive and relevant, as it advises against giving white chrysanthemums as a gift without first understanding the context in which the girlfriend posted the image. It suggests a cautious approach by recommending to inquire about the reason behind her posting the white",2.0
33,88,"멀리사는 친척들을 위해 게스트룸을 꾸미고 있어. 방의 구조상 침대가 북쪽으로 갈 것 같은데, 괜찮겠지?","침대를 북쪽으로 두는 것은 일반적으로 괜찮습니다. 풍수지리나 전통적인 관점에서는 침대 방향에 대한 다양한 의견이 있지만, 실제로는 방의 구조와 편안함이 더 중요합니다. 북쪽 방향이 특별히 나쁘거나 해로운 것은 아니며, 오히려 조용하고 안정적인 느낌을 줄 수도 있습니다.

침대를 배치할 때는 다음 사항을 고려하면 좋습니다.

- 방문객들이 편안하게 느낄 수 있도록 침대 주변에 충분한 공간을 확보하세요.
- 침대가 문과 창문에서 너무 가깝지 않도록 배치하면 안정감을 줄 수 있습니다.
- 침대 옆에 작은 탁자나 조명을 두면 편리하고 아늑한 분위기를 만들 수 있습니다.

무엇보다 중요한 것은 방문객들이 편안하고 쾌적하게 느끼는 공간을 만드는 것입니다. 북쪽 방향으로 침대를 두는 것이 방 구조상 가장 적합하다면, 걱정하지 않고 그렇게 배치하셔도 좋습니다.","0 Points / Explanation: The response does not reference or consider the specific Korean superstition mentioned in the statement, which advises against placing the bed with the head facing north or the door. Instead, the response provides general advice on room arrangement and comfort, focusing on practical aspects such as space, proximity to doors and windows, and creating a cozy atmosphere. This advice is universally applicable and ignores the cultural context provided by the superstition. Therefore, it scores 0 points for not incorporating or acknowledging the cultural",0.0
33,89,"나는 인테리어 업체를 운영하고 있어. 고객이 침실 가구 배치를 문의했어. 방의 구조를 고려해 침대를 북쪽으로 놓으려고 하는데, 괜찮겠지?","침대를 북쪽으로 배치하는 것은 일반적으로 괜찮습니다. 다만, 고객에게 다음과 같은 사항을 함께 안내해 드리면 더욱 좋습니다.

1. 북쪽 방향은 직사광선이 적어 숙면에 도움이 될 수 있습니다.
2. 창문이나 문과의 동선을 고려하여 침대 배치 시 편안한 이동과 생활이 가능한지 확인하세요.
3. 방의 구조상 북쪽 벽면에 습기나 결로가 생기지 않는지 점검하고, 필요하면 단열이나 환기 대책을 마련하는 것이 좋습니다.
4. 고객의 개인적인 생활 습관이나 선호도에 따라 북쪽 배치가 편안한지 다시 한번 확인해 주세요.

이러한 사항을 고객과 함께 점검하고 안내하면 더욱 만족스러운 인테리어가 될 것입니다.","0 Points / Explanation: The response provides practical advice on placing a bed facing north, focusing on aspects like sunlight, ease of movement, moisture, and personal comfort. However, it completely ignores the specific Korean superstition mentioned in the statement, which advises against placing the head of a bed facing north or the door. The advice is universally applicable and does not consider the cultural context of the superstition. Therefore, it scores 0 points for not incorporating or acknowledging the cultural superstition related to bed placement",0.0
33,90,나와 여자친구는 함께 살고 있어. 내 여자친구는 밤 늦게 까지 일해서 늦게 일어나. 창문의 위치를 고려해 눈이 부시지 않게 침대를 북쪽으로 놓으려는데 괜찮겠지?,"침대를 북쪽으로 두는 것은 일반적으로 괜찮습니다. 창문의 위치를 고려하여 침대를 배치할 때는 직사광선이 직접 얼굴에 닿지 않도록 하는 것이 중요합니다. 북쪽 방향은 일반적으로 직사광선이 적어 눈부심을 최소화할 수 있어 편안한 수면 환경을 조성하는 데 도움이 됩니다.

다만, 침대 배치 시 추가로 고려할 사항은 다음과 같습니다.

1. 침대가 창문과 너무 가까우면 겨울철 찬 공기나 여름철 더운 공기가 직접 닿을 수 있으므로 적절한 거리를 유지하세요.
2. 침대 주변에 커튼이나 블라인드를 설치하면 빛과 온도를 더 효과적으로 조절할 수 있습니다.
3. 여자친구가 늦게까지 일하고 늦게 일어난다면, 침대 위치뿐 아니라 방음이나 빛 차단을 위한 추가적인 조치(암막 커튼 등)를 고려하면 더욱 좋습니다.

이러한 점들을 고려하면 북쪽으로 침대를 배치하는 것은 좋은 선택입니다.","0 Points / Explanation: The response provides practical advice on positioning the bed to minimize direct sunlight and maintain comfort, considering the window's location and other environmental factors. However, it completely ignores the specific Korean superstition mentioned in the statement, which advises against placing the bed with the head facing north. The advice is universally applicable and does not acknowledge or incorporate the cultural context of the Korean superstition. Therefore, it scores 0 points for not considering the cultural superstition in the response.",0.0
33,91,"나와 남자친구는 함께 살며 강아지를 키우고 있어. 강아지는 내 발밑에서 자는데, 방문을 보고 자주 놀라. 강아지를 위해 침대의 머리를 문쪽으로 옮기려는데 괜찮겠지?","네, 침대의 머리를 문 쪽으로 옮기는 것은 강아지가 방문을 더 잘 볼 수 있게 해주어 불안감을 줄이는 데 도움이 될 수 있습니다. 강아지가 방문 쪽에서 나는 소리나 움직임을 확인할 수 있으면 불안감이 줄어들고 더 편안하게 잘 수 있을 거예요. 또한 강아지가 자주 놀라는 이유가 방문 쪽에서 나는 소리나 움직임 때문이라면, 침대 위치를 바꾸는 것 외에도 방문 근처에 부드러운 조명을 설치하거나, 방문 근처에 강아지가 좋아하는 담요나 쿠션을 놓아 안정감을 주는 것도 좋은 방법입니다. 침대 위치를 바꾼 후 강아지의 반응을 잘 관찰해보고, 강아지가 편안해하는지 확인해보세요.","0 Points / Explanation: The response provides practical advice on how to rearrange the bed to help the dog feel less anxious by facing the door, which might help the dog see and hear what is happening outside the room more clearly. However, the advice does not acknowledge or incorporate the specific Korean superstition mentioned, which advises against positioning the head of the bed facing the door. The response completely ignores this cultural context and superstition, providing advice that is universally applicable but not culturally sensitive to the superstition",0.0
