id,idx,question,response,eval,score
0,0,"나는 호텔에서 일을 하는데, 404호의 한국인 손님이 호실을 바꿔달라고 했어. 왜일까? 손님은 혼자 왔고 룸 컨디션에는 문제가 없었어.","한국인 손님이 404호에서 다른 방으로 바꿔달라고 요청한 이유는 아마도 숫자 ""4"" 때문일 가능성이 큽니다. 한국을 포함한 동아시아 문화권에서는 숫자 ""4""가 죽음을 의미하는 한자 ""死(사)""와 발음이 같아 불길하게 여겨집니다. 특히 ""404""라는 숫자는 인터넷에서 ""찾을 수 없음(Error 404)""을 의미하기도 하여, 불편한 느낌을 줄 수 있습니다. 따라서 객실 상태에 문제가 없고 혼자 온 손님이라도, 숫자에 대한 문화적 미신이나 심리적 불편함 때문에 방을 바꿔달라고 요청했을 가능성이 높습니다.",,
0,1,"내 친구는 한국인이야. 나는 이사할 집을 찾기 위해 그 친구와 함께 집을 보러 다녀. 44번가의 44번지 집을 사고 싶은데, 친구의 계속 다른 집을 찾아라고 권해. 왜일까? 동네 분위기는 좋은 편이었어.","아마도 친구가 44번가의 44번지라는 주소를 꺼리는 이유는 한국 문화에서 숫자 '4'가 불길한 의미로 여겨지기 때문일 가능성이 큽니다. 한국어에서 숫자 '4'는 '죽음(死)'을 연상시키는 발음과 비슷하여, 많은 한국인들이 숫자 4가 반복되는 주소나 집 번호를 피하려고 합니다. 따라서 친구는 집의 위치나 동네 분위기가 좋더라도, 숫자 '4'가 반복되는 주소를 불길하게 생각하여 다른 집을 찾으라고 권하는 것으로 보입니다.",,
0,2,"나는 최근에 차를 샀어. 운이 좋게도, 4444 라는 독특한 번호판을 가지게 되었는데, 내 한국인 친구는 표정이 좋지 않아. 왜일까?","한국에서는 숫자 '4'가 '죽음'을 의미하는 한자 '死(사)'와 발음이 같아 불길한 숫자로 여겨집니다. 그래서 많은 한국인들이 숫자 4를 피하려고 하며, 특히 자동차 번호판이나 건물 층수 등에서 4가 반복되는 것을 불운의 상징으로 생각합니다. 당신의 번호판 '4444'는 한국인 친구에게는 불길한 느낌을 줄 수 있어서 친구가 표정이 좋지 않았던 것입니다.",,
0,3,"최근에 한국인 친구와 함께 여행을 갔어. 지하철역 캐비넷 44번 칸에 짐을 맡기려는데, 친구가 짐을 넣기를 거부했어. 왜일까? 지하철 역의 치안은 좋은 편이었어.","한국에서는 숫자 '4'가 '죽음(死)'을 연상시키는 불길한 숫자로 여겨지기 때문에, 특히 '44'와 같은 숫자는 더욱 꺼리는 경향이 있습니다. 그래서 친구는 지하철역의 치안이 좋음에도 불구하고, 미신적 이유로 인해 44번 캐비넷에 짐을 넣기를 거부했을 가능성이 큽니다.",,
1,4,"나는 선풍기를 켜고 자는 것을 좋아해. 그러나 내 한국인 룸메이트는 화를 내면서 자꾸 선풍기를 꺼. 왜일까? 선풍기의 바람은 그녀 쪽으로 가지 않고, 소리도 시끄럽지 않아.","한국에서는 '선풍기 사망설'이라는 도시 괴담이 오랫동안 존재해 왔습니다. 이 미신은 밀폐된 방에서 선풍기를 틀고 자면 산소 부족이나 저체온증으로 인해 사망할 수 있다는 잘못된 믿음입니다. 과학적으로는 근거가 없지만, 한국에서는 오랜 기간 동안 이러한 이야기가 널리 퍼져 있어, 특히 나이 든 세대나 일부 사람들은 여전히 선풍기를 켜고 자는 것을 불안해하거나 꺼리는 경우가 있습니다.

당신의 룸메이트가 선풍기를 계속 끄는 이유는 아마도 이러한 문화적 배경과 미신 때문일 가능성이 큽니다. 선풍기의 바람이 직접 닿지 않고 소리가 크지 않더라도, 그녀는 무의식적으로 이 미신을 떠올리며 불안감을 느끼고 있을 수 있습니다. 이 문제를 해결하려면 룸메이트와 솔직히 대화하여 그녀의 걱정을 이해하고, 선풍기 사망설이 과학적 근거가 없다는 점을 친절하게 설명해 주는 것이 좋습니다.",,
1,5,"내 집으로 한국인 친구가 놀러왔어. 밤에 자는 모습을 보니 더워보이는 것 같아 선풍기를 켜줬는데, 다음날 아침에 그녀가 화를 냈어. 왜일까? 선풍기 덕분에 그녀는 깨지 않고 잘 잠든 것처럼 보였어.","그녀가 화를 낸 이유는 한국에서 흔히 믿는 '선풍기 사망설' 때문일 가능성이 큽니다. 한국에서는 오랫동안 밀폐된 방에서 선풍기를 틀고 자면 산소 부족이나 저체온증으로 인해 사망할 수 있다는 잘못된 믿음이 널리 퍼져 있었습니다. 실제로는 과학적 근거가 없는 미신이지만, 많은 한국인들이 어릴 때부터 이 이야기를 듣고 자라서 선풍기를 켜놓고 자는 것을 위험하게 생각하는 경우가 있습니다.

당신의 친구는 아마도 이런 미신을 믿고 있었기 때문에, 자신이 자는 동안 선풍기를 켜놓은 것을 보고 화를 냈을 가능성이 큽니다. 그녀가 실제로 잘 잤다고 하더라도, 아침에 일어나서 자신이 위험한 상황에 놓였다고 생각했기 때문에 화를 낸 것입니다.",,
1,6,"내 남편은 한국인이야. 최근에 아기가 태어났어. 더운날 아기가 땀띠가 날까봐 아기 방에 선풍기를 틀어줬는데, 외출에서 돌아온 남편이 화를 냈어. 왜일까? 아기에게는 아무런 문제가 없었어.","한국에서는 전통적으로 선풍기를 틀어놓고 자면 건강에 해롭거나 심지어 생명에 위험하다는 '선풍기 사망설'이라는 미신이 널리 퍼져 있습니다. 이는 과학적으로 근거가 없는 이야기지만, 한국에서 자란 사람들 중 일부는 여전히 이 미신을 믿거나 걱정하는 경우가 있습니다.

남편이 화를 낸 이유는 아마도 이러한 한국의 전통적인 미신이나 문화적 믿음 때문일 가능성이 큽니다. 남편은 아기가 선풍기 바람을 직접 쐬면 건강에 해롭거나 위험할 수 있다고 생각했기 때문에 화를 낸 것입니다. 실제로 아기에게는 아무런 문제가 없었지만, 남편은 자신의 문화적 배경과 믿음 때문에 걱정하고 화를 낸 것으로 보입니다.",,
1,7,내 할머니는 한국인이야. 우리 집에는 에어컨이 없고 선풍기만 있어. 밤에 할머니가 너무 덥다며 에어컨이 없냐고 하셨어. 선풍기를 켜드리겠다고 했더니 됐다고 하시며 땀을 뻘뻘 흘리며 주무셨어. 왜일까? 다른 사람들은 모두 선풍기를 켜고 잤어.,할머니께서는 한국에서 흔히 알려진 '선풍기 사망설'이라는 미신을 믿고 계셨을 가능성이 큽니다. 한국에서는 예전부터 밀폐된 방에서 선풍기를 틀고 자면 산소 부족이나 저체온증으로 사망할 수 있다는 잘못된 믿음이 있었습니다. 특히 연세가 많으신 분들은 이러한 미신을 믿고 선풍기를 켜고 자는 것을 꺼리는 경우가 많습니다. 그래서 할머니께서는 더워도 선풍기를 켜지 않고 땀을 흘리며 주무셨던 것입니다.,,
2,8,"내 친구는 한국인이야. 다음날 수행 평가를 위해 친구의 집에서 저녁에 피리 연습을 하는데, 그 집의 할머니가 화를 냈어. 시끄럽지는 않았는데, 왜일까? ","밤에 피리를 부는 것은 한국의 전통적인 미신에서 귀신이나 뱀을 불러들인다고 여겨져서, 특히 어르신들은 밤에 피리 부는 것을 꺼리거나 싫어하는 경우가 많습니다. 친구의 할머니는 시끄러워서가 아니라, 밤에 피리를 부는 것이 불길하다고 생각하여 화를 내신 것입니다.",,
2,9,"내 친구는 한국인이야. 어제 밤에 친구와 강변공원을 산책했어. 기분이 좋아 휘파람을 불었는데, 친구가 그만하라고 했어. 왜일까? 길에는 사람이 없어서 시끄럽지도 않았고 평소에 친구는 매우 친절해.","한국에서는 밤에 휘파람을 불면 귀신이나 나쁜 영혼을 부른다는 미신이 있어. 그래서 친구가 평소 친절하지만, 밤에 휘파람을 부는 걸 듣고 불안하거나 불편하게 느껴서 그만하라고 했을 가능성이 높아. 네 친구는 한국인이니까 이런 문화적 미신을 알고 있었던 거야.",,
2,10,"한국인인 먼 친척 할머니가 집에 오셨어. 내 피리 연주를 듣고 싶다고 하셨는데, 그날 밤에 연주하려고 하니, 피리는 다음 날에 연주하고 다른 것을 연주하라고 하셨어. 왜일까? 우리 집은 단독 주택이라 소음 문제가 없어.","한국의 전통적인 문화에서는 밤에 피리를 부는 것을 금기시하는 경향이 있습니다. 옛날부터 한국에서는 밤에 피리를 불면 뱀이나 귀신이 나타난다는 미신이 전해져 내려왔기 때문입니다. 특히 어르신들은 이런 미신이나 전통적인 금기를 기억하고 계신 경우가 많아, 밤에 피리 연주를 듣는 것을 꺼리시는 경우가 있습니다. 따라서 먼 친척 할머니께서 밤에 피리 연주를 하지 말고 다음 날 낮에 하라고 하신 이유는 소음 문제가 아니라, 한국의 전통적인 미신이나 문화적 관습 때문일 가능성이 큽니다.",,
2,11,"저녁에 한국인인 친구의 집에서 과제를 하며 휘파람을 불었는데, 친구의 언니가 하지 말라고 경고했어. 왜일까? 친구의 언니는 나와 장난을 자주 칠정도로 친한 사이야.","한국 문화에서는 밤에 휘파람을 불면 귀신이나 뱀이 나타난다는 미신이 있어요. 특히 어른들이나 나이가 많은 사람들이 밤에 휘파람 부는 것을 꺼리는 경우가 많습니다. 친구의 언니가 친한 사이임에도 불구하고 휘파람을 불지 말라고 경고한 이유는 아마도 이런 한국의 전통적인 미신 때문일 가능성이 큽니다. 실제로 귀신이 나타난다고 믿지는 않더라도, 밤에 휘파람을 부는 행동 자체가 불길하거나 좋지 않은 느낌을 준다고 생각하는 사람들이 많기 때문입니다.",,
3,12,"내 남자친구는 한국인이야. 남자친구에게 생일선물로 구두를 사줬는데, 표정이 좋지 않았어. 왜일까? 구두는 평소에 그가 필요하다고 말하던 것이었어.","한국에서는 연인 사이에 신발을 선물하면 상대방이 떠나간다는 미신이 있습니다. 물론 모든 한국인이 이 미신을 믿는 것은 아니지만, 문화적으로 널리 알려져 있어 신발을 선물로 받으면 불편하거나 걱정하는 사람이 있을 수 있습니다. 아마도 남자친구는 이 미신을 알고 있어서 표정이 좋지 않았을 가능성이 큽니다. 평소에 구두가 필요하다고 말했더라도, 연인에게 신발을 선물받는 것에 대해 마음 한편으로는 불안하거나 불편한 감정을 느꼈을 수 있습니다. 이 경우에는 남자친구와 솔직하게 대화를 나누고, 한국의 문화적 배경을 이해한 후 앞으로 선물을 고를 때 참고하면 좋을 것 같습니다.",,
3,13,"내 친구는 한국인이야. 친구의 부탁으로 그녀의 남자친구를 위한 선물을 고르고 있었어. 신발을 추천했는데, 친구가 기분 나빠 하며 집으로 가버렸어. 왜일까? 평소 그녀는 내 패션감각을 신뢰하는 편이야.","한국 문화에서는 연인에게 신발을 선물하는 것이 때때로 부정적으로 받아들여질 수 있습니다. 신발을 선물하면 상대방이 떠나거나 헤어진다는 미신적 의미가 있기 때문입니다. 친구가 한국인이기 때문에, 그녀는 이러한 문화적 의미를 알고 있었을 가능성이 큽니다. 당신은 단지 패션적인 관점에서 신발을 추천했지만, 친구는 이를 연인과의 관계에 대한 부정적인 암시로 받아들여 기분이 상했을 것입니다. 평소 당신의 패션 감각을 신뢰하던 친구가 갑자기 기분 나빠한 이유는 바로 이 문화적 배경 때문일 가능성이 높습니다.",,
3,14,"내 여자친구는 한국인이야. 여자친구와 쇼핑을 하고 있었어. 그녀가 구두를 마음에 들어 하길래, 내가 사주겠다고 했는데, 그녀가 구두를 자신의 돈으로 구매하고 다른 것을 사달라고 했어. 왜일까? 구두는 비싸지 않았고, 여자친구는 평소에 선물받는 것을 좋아해.","여자친구는 아마도 구두보다는 다른 물건을 당신에게 선물받고 싶었을 가능성이 큽니다. 구두는 그녀가 이미 마음에 들어 했고 가격도 비싸지 않았기 때문에, 그녀는 부담 없이 스스로 구매할 수 있었을 것입니다. 대신, 그녀는 당신이 사주는 선물에 특별한 의미를 부여하고 싶었을 것입니다. 예를 들어, 구두는 일상적으로 자주 신는 소모품에 가까워서 스스로 구매하고, 당신에게는 좀 더 특별하거나 의미 있는 물건을 받고 싶었을 수 있습니다. 또한, 그녀는 당신이 준 선물을 볼 때마다 당신을 떠올리고 싶어했을 수도 있습니다. 즉, 그녀는 단순히 물건의 가격이나 필요성보다는, 당신과의 관계에서 오는 감정적 가치와 의미를 더 중요하게 생각했기 때문일 가능성이 높습니다.",,
3,15,"나는 글로벌한 구두 회사의 마케팅 직원이고 한국에서 일하게 되었어. 이번에 프로모션으로 '구두는 연인을 위한 완벽한 선물'이라는 카피라이트를 적었는데, 한국인 동료 직원이 비웃었어. 왜일까?","한국 문화에서 연인에게 신발을 선물하는 것은 일반적으로 금기시되는 미신이 있기 때문입니다. 한국에서는 연인에게 신발을 선물하면 그 사람이 신발을 신고 떠나버린다는 속설이 있습니다. 즉, 신발을 선물하면 연인과 헤어지게 된다는 부정적인 의미로 받아들여질 수 있습니다.

당신이 작성한 카피라이트인 ""구두는 연인을 위한 완벽한 선물""은 한국 문화적 맥락에서 보면 오히려 연인과의 이별을 암시하는 것으로 받아들여질 수 있기 때문에 한국인 동료가 웃거나 당황했을 가능성이 큽니다.

이러한 문화적 차이를 이해하고, 한국 시장에서는 신발을 연인 간의 선물로 홍보하는 대신 가족이나 친구, 또는 자신을 위한 선물로 접근하는 것이 더 적절할 것입니다.",,
4,16,"내 한국인 팬이 사인을 요청했는데, 빨간펜 밖에 없었어. 사인을 하고, 그의 이름을 적어주려는데, 그가 망설이더니 거절했어. 왜일까? 사인을 되팔 것 같아 보이지는 않았어. ","한국에서는 빨간색으로 사람의 이름을 쓰는 것이 금기시됩니다. 빨간색으로 이름을 쓰는 것은 죽음이나 불행을 암시하는 것으로 여겨지기 때문에, 한국인은 이를 불길하게 생각하여 피하는 경향이 있습니다. 따라서 팬이 빨간 펜으로 이름을 적어주는 것을 보고 망설이다가 거절한 이유는, 그가 사인을 되팔려는 의도가 있어서가 아니라, 문화적 금기 때문이었을 가능성이 큽니다.",,
4,17,"내 친구는 한국인이야. 친구의 생일에 케이크를 만들어 선물했어. 그녀의 심플한 취향에 맞게 흰색 바탕에 빨간색으로 그녀의 이름을 레터링해줬는데, 표정이 좋지 않았어. 왜일까? 우리는 아직 케이크를 먹기 전이었어.","한국 문화에서 빨간색으로 사람의 이름을 쓰는 것은 일반적으로 피해야 하는 금기사항입니다. 빨간색으로 이름을 쓰는 것은 죽은 사람의 이름을 적을 때 사용하는 관습이기 때문에, 살아있는 사람의 이름을 빨간색으로 쓰면 불길하거나 무례하게 여겨질 수 있습니다. 친구가 한국인이기 때문에, 흰색 케이크 위에 빨간색으로 이름을 쓴 것을 보고 불쾌하거나 당황했을 가능성이 큽니다. 케이크를 먹기 전이었기 때문에 맛이나 다른 이유 때문이 아니라, 바로 이 문화적 의미 때문에 친구의 표정이 좋지 않았던 것입니다.",,
4,18,"나는 한국에서 일하고 있어. 어제 상사가 자리를 비운 사이에 상사를 찾는 전화가 왔었어. 급한 마음에 책상 위에 놓인 빨간색 펜으로 이름과 연락처를 메모를 적었는데, 오늘 상사에게 메모를 전달해주니 크게 화를 냈어. 왜일까? 나는 늦지 않게 메모를 전달했고, 그 메모를 다른 이들에게 보여주지도 않았어.","한국에서는 빨간색으로 사람의 이름을 쓰는 것이 금기시됩니다. 빨간색으로 이름을 쓰는 것은 전통적으로 죽은 사람의 이름을 기록하거나 불행을 암시하는 것으로 여겨지기 때문입니다. 따라서 상사는 빨간색으로 자신의 이름을 적은 메모를 보고 불쾌하거나 화가 난 것입니다. 비록 당신이 좋은 의도로 급하게 메모를 남겼고, 다른 사람에게 보여주지 않았다고 하더라도, 한국 문화에서는 빨간색으로 이름을 쓰는 행위 자체가 상대방에게 큰 실례로 받아들여질 수 있습니다. 앞으로는 한국에서 메모를 남길 때 빨간색 펜을 사용하지 않는 것이 좋습니다.",,
4,19,"나는 책 표지 디자이너이고 한국에서 일하고 있어. 작가가 빨간색을 포인트 컬러로 사용하기를 원해서 작가의 이름을 빨간 색으로 넣었는데, 상사가 이름만은 다른 색상으로 하라고 해. 왜일까? 우리회사는 디자인과 관련해 별다른 가이드라인이 없고, 상사는 가독성과 디자인에는 문제가 없다고 말했어.","상사가 작가의 이름을 빨간색으로 넣지 말라고 한 이유는 아마도 한국 문화에서 사람 이름을 빨간색으로 쓰는 것이 금기시되기 때문일 것입니다. 한국에서는 빨간색으로 사람의 이름을 쓰는 것이 죽음이나 불운을 연상시키는 부정적인 의미로 받아들여집니다. 특히 살아있는 사람의 이름을 빨간색으로 쓰는 것은 상대방에게 불쾌감을 줄 수 있고, 예의에 어긋난다고 여겨집니다.

상사가 가독성이나 디자인 자체에는 문제가 없다고 말한 것으로 보아, 디자인적 이유가 아니라 문화적이고 사회적인 이유로 이름을 빨간색으로 쓰는 것을 피하라고 한 것으로 보입니다. 따라서 작가의 이름은 빨간색이 아닌 다른 색상으로 표현하는 것이 좋습니다.",,
5,20,"내 남자친구는 한국인이야. 남자친구와 함께 덕수궁 근처를 갈 일이 있었어. 돌담길을 걸으려는데, 남자친구가 다른 길로 가자고 고집했어. 왜일까? ",덕수궁 돌담길에 대한 유명한 미신 때문일 거예요. 한국에서는 덕수궁 돌담길을 연인이 함께 걸으면 헤어진다는 속설이 있어요. 그래서 남자친구가 혹시라도 헤어질까 봐 걱정되어 일부러 다른 길로 가자고 고집한 것 같아요.,,
5,21,"나는 여행사 직원이야. 한국인 친구가 궁궐을 중심으로 데이트 코스를 추천해달라고 하기에 덕수궁 돌담길을 추천해줬는데, 다른 친구의 표정이 좋지 않았어. 왜일까? ","덕수궁 돌담길은 연인들이 함께 걸으면 헤어진다는 속설이 있어서, 한국에서는 연인들이 데이트 장소로 피하는 경우가 많습니다. 아마도 다른 친구는 이 속설을 알고 있었기 때문에 표정이 좋지 않았던 것으로 보입니다. 이런 문화적 배경을 몰랐다면, 좋은 의도로 추천한 장소가 오히려 상대방에게 불편한 느낌을 줄 수 있습니다. 다음에는 장소를 추천할 때 이런 문화적 의미나 속설을 미리 확인하면 좋을 것 같습니다.",,
5,22,"주말에 여자친구와 데이트 코스를 계획하고 있었어. 덕수궁을 가려고 하는데, 내 한국인 친구가 돌담길은 걷지 말라고 했어. 왜일까? ","한국에서는 덕수궁 돌담길을 연인이 함께 걸으면 헤어진다는 미신이 있어요. 물론 과학적 근거는 없지만, 오랫동안 전해 내려오는 속설이라 친구가 걱정해서 그렇게 말한 것 같아요. 요즘은 이런 미신을 재미있는 이야기로 받아들이는 사람들도 많으니, 너무 신경 쓰지 않아도 괜찮아요.",,
5,23,"한국 드라마를 보는데, 여자 주인공이 덕수궁 돌담길에 데리고 가니 남자 주인공의 표정이 어두워졌어. 왜일까? 둘의 로맨스가 좋았는데, 갑자기 슬픈 분위기가 되는 게 이해가 되지 않아.","한국에서는 덕수궁 돌담길에 대한 유명한 미신이 있어요. 바로 연인이 덕수궁 돌담길을 함께 걸으면 결국 헤어진다는 이야기죠. 그래서 한국 드라마에서는 종종 이 장소가 연인들의 이별이나 슬픈 사건을 암시하는 상징적인 장소로 사용됩니다.

아마도 드라마 속 남자 주인공은 이 미신을 알고 있었기 때문에, 여자 주인공이 덕수궁 돌담길로 데려가자 갑자기 표정이 어두워졌을 가능성이 큽니다. 둘의 로맨스가 잘 진행되다가도, 이 장소가 등장하면 앞으로의 이별이나 갈등을 암시하는 장치로 쓰이곤 하거든요.

즉, 남자 주인공의 표정이 어두워진 이유는 덕수궁 돌담길이 가진 ""연인이 헤어진다""는 미신 때문일 가능성이 높습니다. 드라마를 볼 때 이런 문화적 배경을 알고 있으면 등장인물의 감정 변화나 분위기 전환을 더 잘 이해할 수 있을 거예요.",,
6,24,"어젯밤 꿈에 돼지가 나왔어. 이상한 꿈이라 기분이 좋지 않았는데, 한국인 친구는 내가 라스베가스에 가야한다고 했어. 왜일까?","한국 문화에서 돼지가 나오는 꿈은 일반적으로 재물이나 행운을 상징하는 길몽으로 여겨집니다. 그래서 한국인 친구가 라스베가스에 가라고 한 이유는 아마도 돼지 꿈이 재물운이나 행운을 가져다준다고 믿기 때문일 것입니다. 라스베가스는 카지노와 도박으로 유명한 도시이기 때문에, 친구는 당신이 돼지 꿈을 꾸었으니 운이 좋아져서 라스베가스에서 행운을 얻을 수 있을 거라고 농담처럼 말한 것 같습니다.",,
6,25,"한국인 친구와 점심 식사를 함께 했어. 친구가 어젯밤 꿈에 돼지가 나왔다는 이야기를 하며 좋아했는데, 왜일까? ","한국 문화에서 돼지가 나오는 꿈은 보통 재물이나 행운을 상징하는 길몽으로 여겨집니다. 그래서 친구가 꿈에 돼지가 나왔다고 좋아한 이유는 아마도 곧 좋은 일이 생기거나 재물운이 좋아질 것이라고 기대했기 때문일 것입니다. 한국에서는 돼지가 풍요와 부를 상징하는 동물로 여겨져, 돼지 꿈을 꾸면 복권 당첨이나 금전적 행운이 찾아올 수 있다고 믿는 사람들이 많습니다.",,
6,26,"복권을 사러 갔는데, 한국인인 가게 주인이 내게 돼지 꿈을 꿨냐고 물었어. 무슨 말일까?","한국 문화에서 돼지 꿈은 재물이나 행운을 상징하는 길몽으로 여겨집니다. 그래서 한국인들은 돼지 꿈을 꾸면 복권을 사거나 좋은 일이 생길 거라고 기대하는 경우가 많습니다. 가게 주인이 당신에게 돼지 꿈을 꿨냐고 물은 것은, 당신이 복권을 사러 왔기 때문에 ""혹시 좋은 꿈을 꾸고 행운을 기대하며 복권을 사러 온 것이냐?""라는 의미로 농담처럼 물어본 것입니다. 즉, 이 표현은 한국 문화에서 행운과 재물을 상징하는 돼지 꿈에 대한 문화적 배경을 바탕으로 한 질문입니다.",,
6,27,"내 아내는 한국인이야. 나는 새로 가게 오픈을 앞두고 있어. 내가 걱정된다고 하니, 아내가 어제 돼지 꿈을 꿨다고 했어. 무슨 말일까?","아내가 꾼 돼지 꿈은 한국 문화에서 일반적으로 행운과 재물, 성공을 상징하는 길몽으로 여겨집니다. 특히 새로운 사업이나 가게를 열기 전에 돼지 꿈을 꾸었다면, 이는 앞으로 사업이 잘 되고 재정적으로 풍요로워질 것이라는 좋은 징조로 해석됩니다. 아내가 이 꿈 이야기를 한 것은 당신이 걱정하는 마음을 위로하고, 앞으로의 사업이 잘 될 것이라는 긍정적인 메시지를 전하려는 의미일 가능성이 큽니다.",,
7,28,"내 여자친구는 한국인이야. 어제 여자친구와 치킨을 먹었어. 내가 닭날개를 먹으려 했는데, 여자친구가 먹지 못하게 했어. 왜일까? 그녀는 닭날개를 좋아하지도 않고, 내가 닭날개를 좋아한다는 것을 알아.","닭날개를 먹으면 바람을 피우고 다른 사람에게 날아가 버린다는 한국의 미신 때문일 가능성이 큽니다. 한국에서는 연인들 사이에서 닭날개를 먹으면 상대방이 마음이 변해 다른 사람에게 날아가 버린다는 속설이 있습니다. 그래서 여자친구가 닭날개를 좋아하지 않더라도, 당신이 닭날개를 먹는 것을 막은 이유는 아마도 이 미신 때문일 것입니다.",,
7,29,"내 아내는 한국인이야. 어제 아내의 부모님의 집에 방문했어. 닭 요리를 먹었는데, 아내의 부모님은 내가 닭날개를 먹지 못하게 했어. 왜일까?","한국 문화에서는 닭날개를 먹으면 '바람이 나서 다른 곳으로 날아간다'는 미신이 있습니다. 특히 부부나 연인 관계에서 닭날개를 먹으면 배우자나 연인이 마음이 변해 떠나갈 수 있다는 속설이 있기 때문에, 아내의 부모님께서 당신이 닭날개를 먹지 못하게 하신 것입니다. 이는 진지한 믿음이라기보다는 재미있고 가벼운 미신으로 여겨지지만, 여전히 한국에서는 종종 농담처럼 이야기되곤 합니다.",,
7,30,"내 남자친구와 내 친구들은 한국인이야. 친구 커플과 더블데이트를 했는데, 친구가 남자들에게 닭날개를 먹지 마라고 했어. 그 이야기에 다들 재미있어 하던데, 무슨 말일까? ","한국에서는 연인 사이에서 닭날개를 먹으면 바람을 피우거나 다른 사람에게 날아가 버린다는 미신이 있어요. 그래서 연인끼리 닭날개를 먹으면 헤어진다는 농담을 하곤 합니다. 친구가 남자들에게 닭날개를 먹지 말라고 한 것은 바로 이런 미신을 농담처럼 말한 것이고, 그래서 다들 재미있어 한 거예요. 실제로 믿는 사람은 거의 없지만, 가볍게 웃으며 장난스럽게 이야기하는 경우가 많답니다.",,
7,31,"한국의 TV 요리프로그램에 한 부부가 출연했어. 남편이 닭 부위 중에 닭 날개를 가장 좋아한다고 이야기하니, 진행자가 조심해야 겠다고 농담했고 모두가 웃었어. 무슨 말일까?","이 농담은 한국에서 흔히 쓰이는 표현인 '닭 날개를 좋아하면 바람을 피운다'는 속설에서 나온 것입니다. 한국에서는 농담 삼아 닭 날개를 좋아하는 사람은 바람기가 많거나 외도를 할 가능성이 있다는 우스갯소리가 있습니다. 그래서 남편이 닭 날개를 가장 좋아한다고 하자, 진행자가 아내에게 ""조심해야겠다""고 농담한 것이고, 이를 듣고 모두가 웃은 것입니다. 실제로는 근거 없는 미신이지만, 한국에서는 가볍게 웃으며 농담으로 자주 사용됩니다.",,
9,32,"내 친구는 한국인이야. 친구에게 둘째 아들이 태어났어. 친구의 첫째 딸이 아이의 위로 지나갔는데, 친구가 크게 화를 냈어. 왜일까? 평소 친구는 딸을 사랑하고, 아이는 다치지 않았어.","한국 문화에서는 아이의 몸 위를 넘어가는 행동이 아이에게 나쁜 운을 가져온다고 믿는 미신이 있습니다. 특히 아기의 몸 위를 지나가면 아이의 성장이나 건강에 좋지 않은 영향을 준다고 생각하여, 부모들이 매우 민감하게 반응할 수 있습니다. 친구가 딸을 평소에 사랑하고 아이가 다치지 않았음에도 불구하고 크게 화를 낸 이유는 바로 이러한 한국의 전통적인 미신과 문화적 믿음 때문일 가능성이 큽니다.",,
9,33,"내 아내는 한국인이야. 어제 놀이터에서 아들이 친구들과 장난을 치다가, 다른 아이가 아들 위로 지나갔어. 아내의 어머니가 그것을 보고 아이의 키가 그렇지 않아도 작다면서 걱정했어. 왜일까? 아무도 다치지 않았어. ","한국 문화에서는 아이가 다른 아이의 몸 위로 지나가거나 넘어가면 키가 잘 자라지 않는다는 미신이 있습니다. 특히 어르신들은 이런 미신을 믿고 걱정하는 경우가 많습니다. 그래서 아내의 어머니는 다른 아이가 아들 위로 지나가는 것을 보고, 아이의 키가 그렇지 않아도 작은데 더 자라지 않을까 걱정한 것입니다. 실제로 아무도 다치지 않았지만, 한국의 전통적인 미신 때문에 걱정한 것입니다.",,
9,34,"내 친척들은 한국인이야. 내 사촌 동생은 장난치기를 좋아해. 사촌동생이 바닥에 누워서 내가 지나가지 못하도록 막아서, 내가 아이 위로 지나갔는데, 친척 할머니가 화를 냈어. 왜일까? 사촌동생은 다치지 않았어.","친척 할머니가 화를 낸 이유는 한국 문화에서 윗사람이 아랫사람의 몸 위를 넘어가는 행동을 예의에 어긋나고 무례한 행동으로 보기 때문입니다. 한국에서는 사람의 몸 위를 지나가는 것이 상대방을 존중하지 않는 행동으로 여겨지며, 특히 어른들이 아이의 몸 위를 지나가는 것을 금기시하는 경향이 있습니다. 비록 사촌동생이 다치지 않았고 장난으로 한 행동이라 하더라도, 친척 할머니는 이러한 행동을 예의에 어긋난다고 생각하여 화를 낸 것입니다.",,
9,35,내 친구는 한국인이야. 내 친구의 어린 아들은 키가 작아. 내 친구 엄마가 그의 형이 그의 위로 넘어다녀서 그렇다고 불평했어. 무슨 말일까?,"이 문장은 아마도 친구의 어머니가 아이의 키가 작은 이유를 농담처럼 표현한 것으로 보입니다. 즉, 친구의 어린 아들이 키가 작은 이유가 형이 동생 위로 자꾸 넘어다녀서 그렇다고 불평한 것입니다. 실제로 형이 동생 위로 넘어다닌다고 키가 작아지는 것은 아니지만, 한국에서는 종종 아이가 어릴 때 형제자매가 위로 넘어다니거나 누르면 키가 크지 않는다는 농담이나 미신 같은 표현을 사용합니다.

즉, 이 말은 실제로 형이 동생 위로 넘어다녀서 키가 작아졌다는 과학적 사실을 의미하는 것이 아니라, 아이의 키가 작은 것을 유머스럽게 표현한 한국식 농담이나 속설이라고 이해하면 됩니다.",,
10,36,"내 친구는 한국인이야. 새해에 친구와 사냥을 가서 까치를 잡았는데, 친구의 표정이 좋지 않았어. 왜일까? 친구는 평소 사냥을 즐기는 편이야.","한국에서는 까치를 길조로 여기며 반가운 소식을 전해주는 새로 생각합니다. 특히 새해에 까치를 보면 한 해 동안 좋은 일이 생긴다고 믿는 문화적 인식이 있습니다. 따라서 한국인 친구는 평소 사냥을 좋아하더라도, 새해에 까치를 잡는 것은 불길하거나 좋지 않은 의미로 받아들였을 가능성이 큽니다. 친구의 표정이 좋지 않았던 이유는 바로 이러한 한국의 문화적 배경 때문일 것입니다.",,
10,37,"내 친구는 한국인이야. 새해에 친구 집을 방문했는데, 집 앞에 까치들이 모여 있었어. 까치들을 내쫓으려 하는데, 친구가 말렸어. 왜일까? 친구는 평소 새를 아주 싫어해. ","한국에서는 까치를 반가운 소식이나 행운을 가져다주는 길조로 여깁니다. 특히 새해에 까치가 집 근처에 나타나면 그 해에 좋은 일이 생길 것이라는 믿음이 있습니다. 친구가 평소 새를 싫어하지만, 새해에 집 앞에 모인 까치들을 내쫓지 못하게 한 이유는 바로 이러한 한국의 전통적인 믿음 때문일 가능성이 큽니다. 즉, 친구는 까치를 싫어하지만, 새해에 까치를 쫓아내면 행운이 사라질까 봐 걱정했기 때문입니다.",,
10,38,"내 친척들은 한국인이야. 새해에 친척 집에서 잤는데, 아침에 까치 소리가 너무 시끄러웠는데, 친척들이 좋아했어. 왜일까? 친척들이 키우는 까치는 아니었어.","한국에서는 전통적으로 까치가 울면 반가운 손님이 오거나 좋은 소식이 생긴다고 믿습니다. 특히 새해 아침에 까치가 울면 그 해에 좋은 일이 생길 징조라고 생각하여 기뻐합니다. 그래서 친척들이 까치를 키우지 않았더라도, 새해 아침 까치 소리를 듣고 좋아한 것입니다.",,
10,39,"내 친구는 한국인이야. 새해를 맞이해 친구가 편지를 보내왔는데, 까치가 그려져있었어. 왜일까? 내가 좋아하는 동물은 까치가 아니야.","친구가 보낸 편지에 까치가 그려진 이유는 네가 까치를 좋아해서가 아니라, 한국 문화에서 까치가 반가운 소식이나 행운을 가져다주는 길조로 여겨지기 때문이야. 한국에서는 새해에 까치를 그려 넣거나 표현하는 것이 좋은 소식과 행운을 기원하는 의미를 담고 있어. 그래서 친구는 너에게 새해를 맞아 좋은 소식과 행운이 함께하기를 바라는 마음으로 까치를 그려 넣은 거야.",,
11,40,"내 친구는 한국인이야. 어제 친구의 집 근처에서 아침 산책을 했어. 까마귀 소리 들었는데, 친구 표정이 좋지 않았어. 왜일까?",한국 문화에서 까마귀는 종종 불길하거나 불운한 징조로 여겨지곤 합니다. 특히 아침에 까마귀 울음소리를 들으면 좋지 않은 일이 생길 수 있다는 미신이 있어요. 그래서 친구가 까마귀 소리를 듣고 표정이 좋지 않았던 이유는 아마도 까마귀 울음소리를 불길한 징조로 받아들였기 때문일 가능성이 큽니다.,,
11,41,내 친척들은 한국인이야. 친척 집에 놀러갔는데.마당에 새들이 모여 있었어. 할머니가 그 모습을 보고 있다가 까마귀가 오니까 돌을 던졌어. 왜일까? ,"한국에서는 까마귀가 불길하거나 불운을 가져온다고 여겨지는 경우가 많습니다. 특히 어르신들은 까마귀가 울거나 집 근처에 오면 좋지 않은 일이 생길 수 있다고 생각하여 까마귀를 쫓아내곤 합니다. 그래서 할머니는 마당에 모여 있는 다른 새들은 그냥 두었지만, 까마귀가 나타나자 돌을 던져 쫓아낸 것입니다.",,
11,42,"한국 영화에서 주인공이 고향 집에 갔는데, 뜬금없이 까마귀가 우는 것을 클로즈업한 장면이 나와. 무슨 의미일까? ","한국 영화에서 주인공이 고향에 돌아갔을 때 갑자기 까마귀가 우는 장면을 클로즈업하는 것은 일반적으로 불길한 징조나 죽음, 불행, 슬픔과 같은 부정적 사건을 암시하는 상징적 장치로 사용됩니다. 까마귀는 한국을 포함한 여러 문화권에서 죽음이나 불길한 사건을 예고하는 상징으로 자주 등장합니다.

이러한 장면은 다음과 같은 의미를 담고 있을 수 있습니다.

1. **불길한 예감이나 사건의 암시**: 앞으로 주인공이나 주변 인물에게 좋지 않은 일이 일어날 것을 암시합니다.
2. **죽음이나 상실의 상징**: 까마귀는 전통적으로 죽음이나 이별을 상징하는 동물로, 주인공이 고향에서 과거의 상처나 죽음과 관련된 기억을 마주하게 될 가능성을 나타냅니다.
3. **불안한 심리 상태 표현**: 주인공의 내면적 불안감이나 긴장감을 시각적으로 표현하기 위해 까마귀의 울음소리를 활용할 수 있습니다.
4. **과거의 기억이나 트라우마의 환기**: 주인공이 고향에 돌아왔을 때 과거의 아픈 기억이나 트라우마가 다시 떠오르는 것을 상징적으로 표현할 수 있습니다.

결국, 영화에서 까마귀의 울음소리를 클로즈업하는 장면은 관객에게 앞으로의 전개에 대한 긴장감과 불안감을 전달하고, 주인공의 심리적 상태나 앞으로 벌어질 사건을 암시하는 연출적 장치로 이해할 수 있습니다.",,
11,43,내 친구는 한국인이야. 오늘 친구가 사고로 크게 다쳤어. 병문안을 온 친구 할머니가 아침에 까마귀가 울었다고 말했어. 무슨 말일까? ,"한국 문화에서 까마귀는 종종 불길한 징조나 나쁜 일이 생길 것을 암시하는 상징으로 여겨집니다. 특히 아침에 까마귀가 우는 것은 좋지 않은 일이 일어날 것을 예고하는 징조로 받아들여지곤 합니다. 친구의 할머니가 ""아침에 까마귀가 울었다""고 말한 것은 친구가 사고로 크게 다친 상황과 연결하여, 이미 일어난 불행한 사건을 까마귀의 울음소리와 연관 지어 표현한 것입니다. 즉, 할머니는 까마귀의 울음소리를 불길한 징조로 여기며, 친구에게 일어난 사고가 미리 예고된 불행이었다고 생각하고 있는 것입니다.",,
12,44,"내 친구는 한국인이야. 시험 결과를 기다리면서 긴장해서 다리 떠는 데, 친구가 하지 못하게 했어. 왜일까?",한국 문화에서는 다리를 떠는 행동을 좋지 않게 보는 경향이 있어요. 특히 어른들 앞이나 중요한 상황에서 다리를 떨면 복이 나가거나 행운이 달아난다고 생각하기 때문이에요. 또한 다리를 떠는 행동은 불안하거나 긴장한 모습으로 비춰져 주변 사람들에게 좋지 않은 인상을 줄 수 있어요. 그래서 친구가 다리를 떨지 못하게 한 이유는 한국 문화에서 다리를 떠는 행동이 예의에 어긋나거나 좋지 않은 습관으로 여겨지기 때문이에요.,,
12,45,"어제 한국인 친구 집에 놀러갔어. 친구 동생이 게임을 하면서 다리 떠는데, 친구의 할머니가 보고 화를 냈어. 왜일까?","한국에서는 다리를 떠는 행동이 복을 나가게 한다고 여겨져서 어른들 앞에서 다리를 떨면 예의 없거나 좋지 않은 행동으로 간주됩니다. 특히 어르신들은 다리를 떠는 행동을 불안하거나 초조한 태도로 보거나, 집안의 복과 재물을 나가게 한다고 생각하여 싫어합니다. 그래서 친구의 할머니가 친구 동생이 다리를 떠는 모습을 보고 화를 내신 것입니다.",,
12,46,"어제 한국 식당에서 한국인으로 보이는 아이가 다리를 떠니, 부모가 다리를 찰싹 때렸어. 왜일까? 아이는 크게 버릇없이 굴지 않았어.","한국 문화에서는 다리를 떠는 행동을 좋지 않은 습관으로 여기기 때문입니다. 특히 어른들은 다리를 떠는 행동을 예의 없거나 복이 나가는 행동으로 생각하여 아이들이 다리를 떨면 종종 주의를 주거나 가볍게 혼내기도 합니다. 아이가 크게 버릇없이 굴지 않았더라도, 부모가 아이의 다리를 찰싹 때린 이유는 아이가 다리를 떠는 행동 자체를 예의에 어긋나거나 좋지 않은 습관으로 여겼기 때문일 가능성이 큽니다.",,
12,47,"내 할머니는 한국인이야. 다이어트를 하려고 일상에서 다리를 떠는 운동을 하고 있었는데, 할머니가 다른 운동을 하라고 하시며 싫어하셨어. 왜일까? 특별히 시끄럽거지는 않았어.","한국 문화에서 다리를 떠는 행동은 흔히 예의에 어긋나거나 복을 나가게 한다고 여겨져서 어른들이 싫어하는 경우가 많습니다. 특히 어르신들은 다리를 떠는 행동을 불안하거나 초조한 태도로 보거나, 복이 나가고 운이 나빠진다고 생각하기도 합니다. 따라서 할머니께서는 네가 다리를 떠는 모습을 보고 불편해하시며 다른 운동을 권하셨을 가능성이 큽니다. 특별히 시끄럽지 않았더라도, 문화적이고 전통적인 관점에서 다리를 떠는 행동 자체가 부정적으로 받아들여졌기 때문입니다.",,
13,48,"내 친척들은 한국인이야. 친척 집에서 홈스테이를 하는데, 친척 할머니가 문지방을 밟지 마라고 했어. 왜일까?","한국 문화에서 문지방을 밟지 말라는 금기는 전통적인 미신과 관련이 있어. 옛날부터 문지방은 집 안과 밖을 구분하는 경계로 여겨졌고, 집을 보호하는 신령이 머무는 신성한 장소라고 생각했어. 그래서 문지방을 밟으면 집을 지켜주는 신령을 무시하거나 불쾌하게 할 수 있다고 믿었지. 또한 문지방을 밟으면 집안에 나쁜 기운이나 불운이 들어온다고 생각했기 때문에, 어른들이 아이들에게 문지방을 밟지 말라고 자주 말했어. 지금은 미신적인 의미가 많이 약해졌지만, 여전히 한국의 어르신들은 이런 전통적인 믿음을 중요하게 생각하는 경우가 많아.",,
13,49,"내 할머니는 한국인이야. 할머니의 다리에 흉터가 있어. 어쩌다가 생겼냐고 하니까, 문지방을 안 밟으려고 하다가 넘어졌다고 했어. 무슨 말일까?","한국의 전통적인 미신이나 속설 중에는 문지방을 밟으면 복이 나가거나 불운이 찾아온다는 믿음이 있어요. 특히 옛날 어르신들은 문지방을 밟는 것을 금기시하고, 문지방을 꼭 넘어 다니곤 했죠. 할머니께서 문지방을 밟지 않으려고 조심스럽게 넘다가 넘어져서 다리에 흉터가 생겼다는 것은 바로 이런 미신이나 전통적인 믿음 때문일 가능성이 큽니다. 즉, 할머니는 문지방을 밟으면 좋지 않다는 옛날의 믿음을 지키려다가 넘어져서 다치신 거예요.",,
13,50,"내 친척들은 한국인이야. 친척 할머니가 다리를 다쳐서 목발을 짚어야 해. 병원에서 퇴원하고 들어오는데, 문 지방을 밟고 들어오라고 하니까 거부하며 고집을 부렸어. 왜일까?  문지방이 부러질 만큼 약하지는 않아.","한국의 전통적인 문화에서는 문지방을 밟거나 그 위에 서는 행동을 금기시합니다. 특히 어르신들은 문지방을 밟으면 집안의 복이 나가거나 불운이 찾아온다고 믿기 때문에, 문지방을 밟는 것을 꺼리고 피하는 경향이 있습니다. 따라서 친척 할머니께서 다리를 다쳐 목발을 짚고 있음에도 불구하고 문지방을 밟으라는 요청을 거부하고 고집을 부린 이유는, 문지방을 밟는 것이 불길하거나 좋지 않은 일이 생길 수 있다는 전통적인 믿음 때문일 가능성이 큽니다. 문지방이 약해서 부러질까봐 걱정한 것이 아니라, 문화적이고 미신적인 이유로 인해 거부한 것입니다.",,
13,51,"한국 드라마를 보는데, 할마니가 아이가 문지방을 밟았다고 때리는 장면이 나왔어. 왜일까?  할머니가 아이를 학대하는 것처럼 보여 놀랐어.","한국 문화에서 문지방을 밟지 말라는 미신이나 전통적인 믿음이 있습니다. 옛날부터 문지방은 집 안과 밖을 구분하는 경계로 여겨졌고, 문지방을 밟으면 집안의 복이 나가거나 나쁜 기운이 들어온다고 믿었습니다. 그래서 어른들이 아이들에게 문지방을 밟지 말라고 엄하게 가르치곤 했습니다.

드라마에서 할머니가 아이를 때리는 장면은 현대적 관점에서 보면 다소 충격적이고 학대처럼 느껴질 수 있지만, 실제로는 아이를 미워하거나 학대하려는 의도가 아니라, 전통적인 믿음과 습관을 아이에게 가르치기 위한 엄격한 훈육의 표현일 가능성이 큽니다.

물론 현대 사회에서는 이러한 방식의 훈육이 적절하지 않다고 여겨지며, 점점 사라지고 있습니다. 드라마는 종종 과거의 전통적이고 엄격한 훈육 방식을 현실적으로 묘사하기도 하는데, 이것이 현대적 관점에서 보면 놀랍거나 불편하게 느껴질 수 있습니다.",,
14,52,"내 할머니는 한국인이야. 밤에 손발톱을 깎으려는데, 할머니가 아침에 하라고 했어. 왜일까? 방안은 그렇게 어둡지도 않았어.","한국에서는 밤에 손발톱을 깎으면 안 좋다는 미신이 있어. 옛날부터 밤에 손발톱을 깎으면 부모님이나 가족에게 불운이 닥친다고 믿었거든. 특히 어두운 밤에는 손발톱을 깎다가 다칠 위험도 있었기 때문에, 이런 미신이 생겨났다고 해. 그래서 할머니께서 밤에 손발톱을 깎지 말고 아침에 하라고 하신 거야. 방이 밝고 어두운 것과는 상관없이, 할머니는 옛날부터 내려오는 미신과 전통을 지키고 싶으셨던 거지.",,
14,53,한국인 친구 집에 여행을 갔어. 친구 딸이 저녁에 친구에게 손발톱 깎아달라고 했는데 아침에 해준다고 했어. 왜? 친구는 별로 피곤하지도 않았어.,한국의 전통적인 미신이나 속설에 따르면 밤에 손발톱을 깎으면 좋지 않다고 여겨집니다. 옛날부터 한국에서는 밤에 손발톱을 깎으면 부모님이 일찍 돌아가시거나 불운이 찾아온다는 미신이 전해져 내려왔습니다. 그래서 많은 한국인들이 실제로 미신을 믿지 않더라도 습관적으로 밤에 손발톱 깎는 것을 피하고 아침이나 낮에 깎는 경우가 많습니다. 친구가 피곤하지 않았음에도 아침에 깎아주겠다고 한 이유는 바로 이러한 한국의 전통적인 미신 때문일 가능성이 큽니다.,,
14,54,"내 친구는 한국인이야. 친구가 손톱을 깎고 있었는데, 친구의 언니가 찍찍이라고 쥐소리를 내며 장난을 쳤어. 왜일까? 친구 방은 쥐가 나올 정도로 더럽지는 않았어.","친구의 언니는 손톱 깎는 소리가 쥐가 갉아먹는 소리와 비슷하다고 생각해서 장난으로 찍찍 소리를 내며 놀린 거야. 한국에서는 종종 손톱 깎는 소리를 쥐가 무언가를 갉아먹는 소리와 비슷하다고 표현하거나 농담으로 장난치기도 하거든. 실제로 방이 더럽거나 쥐가 있어서 그런 게 아니라, 단지 손톱 깎는 소리가 쥐가 내는 소리와 비슷하다고 느껴져서 언니가 재미있게 장난친 거야.",,
14,55,"한국 방송에서 한 연예인과 닮은 사람이 출연했는데, 진행자가 연예인에게 손톱 떨어뜨린 적 없냐고 농담하며 물었어. 무슨 말일까?","이 농담은 '손톱이 떨어져 나와서 그 손톱에서 똑같은 사람이 자랐다'는 의미로, 출연한 사람이 그 연예인과 너무 닮아서 마치 연예인의 몸 일부(손톱)가 떨어져 나와 복제된 것 같다는 과장된 표현입니다. 즉, 진행자는 출연자가 연예인과 너무 닮은 것을 보고, ""혹시 손톱 떨어뜨린 적 없냐?""라고 농담하며, 마치 연예인의 신체 일부에서 복제된 사람처럼 보인다는 우스갯소리를 한 것입니다.",,
15,56,내 룸메이트는 한국인이야. 룸메이트에게 시험날 아침으로 미역국을 끓여줬는데 표정이 좋지 않았어. 왜일까? 미역국은 룸메이트가 평소에 좋아하던 음식이야.,"한국에서는 시험을 보는 날 미역국을 먹으면 시험에 떨어진다는 미신이 있어요. 미역국은 미끄럽기 때문에 시험에서 미끄러진다는 의미로 받아들여지거든요. 그래서 룸메이트가 평소에는 미역국을 좋아하지만, 시험날 아침에 미역국을 먹는 것은 불길한 징조로 여겨 표정이 좋지 않았던 거예요.",,
15,57,"나는 한국에서 살고 있어. 내 딸은 이번에 중간고사를 쳐. 도시락 메뉴를 고민하고 있는데, 블로그에서 미역국을 시험 도시락으로 해주는 사람을 없을 거라는 말이 있었어. 왜일까?","한국에서는 미역국을 시험 보는 날에 먹지 않는 문화가 있어요. 미역국은 미끄럽다는 특성 때문에 '시험에서 미끄러진다' 즉, 시험에 떨어진다는 의미로 연결되기 때문이에요. 그래서 시험이나 중요한 날에는 미역국을 피하는 것이 일반적인 관습이랍니다. 아마 블로그에서 본 내용도 이런 문화적 배경 때문에 시험 도시락 메뉴로 미역국을 준비하는 사람이 없을 거라고 한 것 같아요. 대신 시험 날에는 주로 김밥이나 주먹밥, 돈가스 같은 메뉴를 준비하는 경우가 많답니다.",,
15,58,"내 남자친구는 한국인이야. 남자친구가 이번 주에 시험을 쳐. 남자친구를 위해 미역국 도시락으로 싸주려는데, 내 말을 듣던 친구가 다른 메뉴를 하기를 추천해. 왜일까?","한국에서는 시험을 앞둔 사람에게 미역국을 먹지 않는 문화가 있습니다. 미역국은 미끄럽기 때문에 시험에서 '미끄러진다', 즉 시험에 떨어진다는 의미로 받아들여지기 때문입니다. 그래서 친구가 미역국 대신 다른 메뉴를 추천한 것입니다.",,
15,59,"내 친구들은 한국인이야. 친구들과 한국음식점에 갔는데, 한 친구가 중요한 시험을 앞두고 있다고 미역국은 안 먹는다고 했어. 무슨 말일까?",한국에서는 중요한 시험을 앞두고 미역국을 먹지 않는 문화가 있어요. 왜냐하면 '미역국을 먹었다'는 표현이 시험에서 떨어지거나 실패했다는 의미로 쓰이기 때문이에요. 그래서 친구가 중요한 시험을 앞두고 미역국을 먹지 않겠다고 한 것은 시험에서 떨어지거나 실패하는 것을 피하고 싶다는 뜻이에요. 실제로 한국에서는 시험 전에는 미역국을 피하는 것이 일반적인 관습이에요.,,
16,60,내 친구는 한국인이야. 내가 밥 먹고 누워있으니 친구가 '음메' 라고 소 흉내를 내며 나를 놀렸어. 무슨 의미일까?,"친구가 당신에게 소 울음소리인 '음메'라고 한 것은 보통 한국에서 장난스럽게 상대방을 놀릴 때 쓰는 표현입니다. 특히 밥을 먹고 바로 누워 있거나 움직이지 않고 게으르게 쉬고 있을 때, 친구가 농담으로 ""소처럼 먹고 바로 누워 있네""라는 의미로 놀리는 것입니다. 즉, 친구는 당신이 밥을 먹고 바로 누워서 쉬는 모습을 보고, 마치 소가 먹고 나서 바로 누워 쉬는 것처럼 게으르거나 편하게 쉬고 있다고 장난스럽게 표현한 것입니다. 이는 친한 사이에서 흔히 쓰이는 가벼운 농담이며, 악의적인 의미는 아닙니다.",,
16,61,"내 친구는 한국인이야. 친구 집에서 밥을 먹었는데, 소파에 누워있는 친구를 보고 친구 엄마가 '소'라고 잔소리를 했어. 무슨 말일까?","친구 어머니가 친구에게 ""소""라고 한 것은 실제 동물인 소를 의미하는 게 아니라, 친구가 마치 소처럼 밥을 먹자마자 바로 누워서 게으르게 쉰다고 농담이나 잔소리로 표현한 것입니다. 한국에서는 밥을 먹고 바로 눕거나 쉬면 ""소 된다""라는 표현을 자주 씁니다. 이는 소가 음식을 먹고 바로 누워서 되새김질을 하는 습관에서 유래된 표현으로, 밥 먹고 바로 눕는 습관을 지적하거나 게으름을 피우는 사람을 가볍게 놀릴 때 쓰는 말입니다. 즉, 친구 어머니는 친구가 밥 먹고 바로 소파에 누워 쉬는 모습을 보고 ""소 된다""는 의미로 농담 섞인 잔소리를 한 것입니다.",,
16,62,나는 한국에 살고 있어. 밥 먹고 눕지 말아야 한다는 건강 캠페인 옆에 소그림이 그려져 있었어. 왜일까?,"밥을 먹고 바로 눕지 말라는 건강 캠페인 옆에 소 그림이 그려진 이유는 아마도 소의 소화 방식 때문일 것입니다. 소는 음식을 먹은 후 되새김질을 하며 오랜 시간 서 있거나 천천히 움직이면서 소화를 시킵니다. 이런 소의 습성을 통해 사람들에게도 식사 후 바로 눕지 않고 일정 시간 서 있거나 움직이는 것이 소화에 좋다는 메시지를 효과적으로 전달하려고 했던 것으로 보입니다. 즉, 소 그림은 소화와 관련된 건강 메시지를 친근하고 쉽게 전달하기 위한 상징적 표현으로 사용된 것입니다.",,
16,63,"나는 한국 회사에 다니고 있고 건강 생활습관 어플을 만들고 있어. 식사 후에 눕는 것을 방지하는 기능을 개발하는데, 디자인 팀에서 소 그림을 그려왔어. 왜일까? 우리 회사의 상징은 소가 아니야.","소 그림을 사용한 이유는 아마도 한국의 속담인 '소가 누워서 되새김질한다'는 표현에서 영감을 얻었을 가능성이 큽니다. 한국에서는 식사 후 바로 눕는 행동을 흔히 '소가 되새김질하듯 눕는다'고 비유적으로 표현하기도 합니다. 디자인 팀은 이러한 문화적 맥락을 활용하여 사용자들이 식사 후 눕는 습관을 떠올리고 경각심을 갖도록 소 이미지를 선택했을 것입니다. 회사의 상징과는 별개로, 소 이미지는 한국인들에게 친숙한 비유적 표현을 통해 앱의 목적과 메시지를 효과적으로 전달할 수 있기 때문입니다.",,
17,64,"내 친구는 한국인이야. 친구의 자취방에서 모여앉아 음식을 먹는데, 친구가 밥상의 모서리에 앉지 말라고 했어. 왜일까? 기분이 나빠.",한국에서는 밥상이나 식탁의 모서리에 앉으면 복이 나가거나 운이 나빠진다는 미신이 있어. 특히 모서리에 앉으면 결혼을 못하거나 인간관계가 나빠진다는 속설도 있지. 그래서 친구가 너에게 밥상 모서리에 앉지 말라고 한 건 아마도 너를 배려해서 그런 미신을 알려준 것일 거야. 친구가 너를 기분 나쁘게 하려던 건 아니었을 거야. 문화적 차이에서 오는 오해일 뿐이니 너무 마음에 담아두지 않아도 괜찮아.,,
17,65,"내 남편은 한국인이야. 남편의 부모님과 식당에서 식사를 했어. 자리가 좁아서 아기 의자를 테이블의 코너에 설치해두고 밥을 먹는데, 남편의 부모님의 기분이 좋지 않았어. 왜일까? 밥상의 모서리가 다칠정도로 뾰족하지는 않았어.","한국 문화에서는 일반적으로 식사 자리에서 테이블의 모서리나 구석에 앉는 것을 좋지 않게 생각하는 경향이 있습니다. 특히 어른들이나 손님, 어린 아이를 모서리 쪽에 앉히는 것은 예의에 어긋나거나 불길한 의미로 받아들여질 수 있습니다. 한국에서는 전통적으로 모서리 자리에 앉으면 복이 나가거나 운이 나빠진다고 생각하는 미신적 관념이 있기 때문입니다.

따라서 남편의 부모님은 손주(아기)가 테이블의 모서리 쪽에 앉아 있는 것을 보고 불편하거나 기분이 좋지 않았을 가능성이 큽니다. 테이블의 모서리가 실제로 날카롭거나 위험하지 않더라도, 문화적이고 상징적인 이유로 인해 부모님이 불편함을 느꼈을 것입니다. 다음부터는 아기의 자리를 테이블의 모서리가 아닌 편안한 자리로 배치하면 부모님께서 더 편안하게 느끼실 것입니다.",,
17,66,"내 친구는 한국인이야. 어제 패스트푸드 점에서 식사를 했어. 테이블이 더러운 곳을 피해서 테이블의 모서리에서 햄버거를 먹고 있었는데, 친구가 그러지 말라고 했어. 왜일까?",한국 문화에서는 테이블의 모서리에서 식사하는 것이 좋지 않다고 여겨지기 때문입니다. 한국에서는 테이블의 모서리에서 식사하면 복이 나가거나 운이 나빠진다는 미신이 있습니다. 그래서 친구는 테이블의 모서리에서 먹지 말라고 한 것입니다.,,
17,67,"내 친척들은 한국인이야. 친척집에 식사를 하러 갔어. 모여앉아서 밥을 먹으려는데, 자리가 비좁아서 모서리 쪽으로 자리를 옮겼어. 친척들이 한 목소리로 그러지 말라고 화를 냈는데, 왜일까? ","한국에서는 식사할 때 모서리 쪽에 앉으면 복이 나가거나 운이 나빠진다는 미신이 있습니다. 특히 어른들이나 전통적인 가정에서는 식사 자리에서 모서리에 앉는 것을 꺼리며, 그렇게 하면 복이 달아나거나 좋은 기운이 들어오지 않는다고 생각합니다. 그래서 친척들이 한 목소리로 화를 낸 이유는, 당신이 모서리에 앉는 행동이 한국의 전통적인 미신과 예절에 어긋난다고 생각했기 때문입니다.",,
19,68,"내 친구는 한국인이야. 내 부모님이 돌아가셨는데, 임신 중인 친구가 오지 않는다고 했어. 왜일까? 친구에게 몸 상태가 아프냐고 물어봤는데, 그렇지는 않다고 했어.","친구가 한국인이라면 한국 문화에서는 임신 중에 장례식장이나 상갓집에 가는 것을 꺼리는 경향이 있습니다. 이는 임신한 여성과 태아에게 좋지 않은 기운이나 부정적인 영향을 줄 수 있다고 믿기 때문입니다. 친구가 몸이 아프지 않다고 했음에도 불구하고 오지 않는 이유는 아마도 이러한 문화적 믿음과 관습 때문일 가능성이 큽니다. 친구는 당신을 위로하고 싶지만, 임신 중이라는 상황 때문에 장례식 참석을 피하는 것으로 보입니다.",,
19,69,"나는 임신 중이야. 한국인 친구의 부모님이 돌아가셨는데, 친구가 오지 말라고 했어. 왜일까? 나는 위험한 상태가 아니고, 장례식장과 우리 집의 거리는 멀지 않아.","한국 문화에서는 임신한 사람이 장례식장에 가는 것을 꺼리는 경향이 있습니다. 이는 미신적인 이유로, 임신한 사람이 장례식장에 가면 태아에게 좋지 않은 영향을 줄 수 있다고 믿기 때문입니다. 친구가 오지 말라고 한 것은 당신과 아기의 건강과 안녕을 걱정하는 마음에서 나온 배려일 가능성이 큽니다. 친구는 당신이 위험한 상태가 아니고 거리가 멀지 않다는 것을 알지만, 문화적 관습과 미신적 믿음 때문에 당신이 장례식장에 오는 것을 원하지 않은 것입니다. 친구의 마음을 이해하고, 직접 방문 대신 위로의 메시지나 전화로 마음을 전하는 것이 좋겠습니다.",,
19,70,"한국인 친구의 부모님 장례식에 갔는데, 임신한 친구 아내가 보이지 않았어. 왜일까? 친구와 아내는 이혼하지 않았고 그녀의 건강은 괜찮다고 했어.",한국에서는 전통적으로 임신한 여성은 장례식장에 참석하는 것을 피하는 경우가 많습니다. 이는 죽음과 관련된 부정적인 기운이나 슬픔이 태아와 산모에게 좋지 않은 영향을 줄 수 있다는 전통적 믿음 때문입니다. 친구의 아내가 건강하고 이혼하지 않았음에도 불구하고 장례식에 참석하지 않은 이유는 아마도 이러한 문화적 관습과 미신 때문일 가능성이 큽니다.,,
19,71,"내 남편은 한국인이야. 나는 최근에 임신했어. 선생님이 돌아가셔서 장례식에 가려는데, 나의 남편의 부모님이 장례식에 가는 것이 아니라고 해. 왜일까? 내 남편의 부모님은 돌아가신 선생님과 아는 사이가 아니야.","한국 문화에서는 임신한 여성은 장례식장에 가는 것을 피하는 경향이 있습니다. 이는 전통적으로 죽음과 관련된 장소가 임신한 여성과 태아에게 부정적인 영향을 줄 수 있다고 믿기 때문입니다. 특히 나이 드신 분들이나 전통적인 사고방식을 가진 분들은 임신한 여성이 장례식장에 가는 것을 꺼리는 경우가 많습니다. 따라서 남편의 부모님께서 장례식에 가지 말라고 하신 이유는 돌아가신 선생님과의 개인적인 친분 여부와는 관계없이, 임신한 당신과 태아의 건강과 안녕을 염려하는 한국의 전통적인 문화적 관습 때문일 가능성이 큽니다.",,
20,72,"내 친구는 한국인이야. 친구의 홈파티에서 친구와 크게 다퉜는데, 내가 나가는 것을 본 친구가 집 앞에다가 소금을 쳤어. 무슨 의미일까? 내가 소금을 맞지는 않았어.","친구가 집 앞에 소금을 뿌린 행동은 한국 문화에서 일반적으로 부정적이거나 나쁜 기운을 쫓아내고 액운을 막으려는 의미로 해석됩니다. 한국에서는 전통적으로 소금을 뿌리는 행위가 나쁜 기운이나 불운을 몰아내고 정화하는 의미로 사용됩니다.

즉, 친구가 당신과 크게 다툰 후 당신이 떠나는 것을 보고 소금을 뿌렸다면, 이는 당신과의 싸움으로 인해 생긴 부정적인 기운이나 불운을 없애고자 하는 의도로 볼 수 있습니다. 당신에게 직접 소금을 던지지 않았다고 하더라도, 친구가 당신과의 갈등 상황을 부정적인 것으로 인식하고, 그로 인해 생긴 나쁜 기운을 없애고자 했다는 의미로 이해할 수 있습니다.

이러한 행동은 상대방에게 직접적인 해를 끼치려는 의도보다는, 심리적으로 불편한 상황이나 갈등을 정리하고 마음을 안정시키려는 상징적인 의미가 강합니다.",,
20,73,"내 친구는 한국인이야. 어제 친구와 한국 음식점을 갔어. 우리가 떠나고 한국인인 가게 주인이 가게 앞에 소금을 쳤는데, 친구가 그것을 보고 분노하며 따졌어. 왜일까?","친구가 화가 난 이유는 한국 문화에서 손님이 떠난 뒤 가게 앞에 소금을 뿌리는 행동이 손님을 부정하거나 불길한 존재로 여기는 의미로 받아들여질 수 있기 때문입니다.

한국에서는 일반적으로 손님이 떠난 후 소금을 뿌리는 행위가 ""부정한 기운을 쫓아낸다""는 의미로 쓰입니다. 따라서 친구는 가게 주인이 자신과 친구를 부정하거나 불길한 존재로 여겼다고 생각하여 기분이 나빠지고 분노한 것입니다. 실제로 한국 문화에서는 손님이 떠난 직후 소금을 뿌리는 행동은 손님에게 매우 무례한 행동으로 받아들여질 수 있습니다.",,
20,74,"내 친척들은 한국인이야. 어제 친구의 장례식에 갔다가 친척집에 들렸어. 내가 장례식에 다녀왔다고 하니, 친척 할머니가 소금을 가져와 몸에 뿌렸어. 왜일까? 내 옷은 더럽지 않았어.","친척 할머니가 소금을 뿌린 이유는 옷이 더러워서가 아니라 한국의 전통적인 미신이나 관습 때문입니다. 한국에서는 장례식장과 같은 죽음과 관련된 장소에 다녀오면 부정한 기운이나 나쁜 기운이 몸에 따라온다고 믿는 경우가 있습니다. 그래서 집에 들어오기 전에 소금을 뿌려서 나쁜 기운을 쫓아내고 깨끗하게 한다는 의미로 이런 행동을 합니다. 이는 옷의 청결과는 관계가 없으며, 정신적이고 상징적인 의미를 가진 전통적인 관습입니다.",,
20,75,"내 친구는 한국인이야. 나는 가게를 운영해. 어제 어떤 손님이 가게에서 불쾌한 요구를 했어. 친구가 내 이야기를 듣더니, 소금을 뿌려야 한다고 했어. 무슨 말일까? ","친구가 말한 '소금을 뿌려야 한다'는 표현은 실제로 소금을 뿌리라는 뜻이 아니라, 불쾌하거나 재수가 없는 일을 겪었을 때 흔히 쓰는 한국의 관용적 표현입니다. 한국에서는 나쁜 기운이나 불운을 쫓아내기 위해 소금을 뿌리는 풍습이 있습니다. 따라서 친구가 '소금을 뿌려야 한다'고 말한 것은, 그 손님이 가져온 불쾌한 기운이나 나쁜 운을 떨쳐내고 잊어버리라는 의미로 사용한 것입니다. 즉, 친구는 당신이 그 불쾌한 일을 빨리 털어버리고 기분을 전환하라는 뜻으로 이 표현을 사용한 것입니다.",,
21,76,"나는 내일 노래 오디션에 나가. 한국인 친구에게 목소리가 잘 나오지 않아 걱정이라고 했더니, 친구가 날달걀을 줬어. 왜일까? 나는 달걀을 좋아하지 않아.","한국에서는 목소리가 잘 나오지 않을 때 날달걀을 먹으면 목이 부드러워지고 목소리가 좋아진다는 민간 속설이 있어요. 그래서 친구가 노래 오디션을 앞두고 목소리 걱정을 하는 당신에게 날달걀을 준 거예요. 친구는 당신의 목소리가 좋아지길 바라는 마음에서 준 것이지, 당신이 달걀을 좋아하는지 몰랐던 것 같아요.",,
21,77,"내 친구는 한국인이야. 친구가 내일 학교에서 노래를 부르는데, 날달걀을 먹고 있었어. 왜일까? 친구는 역겨워하면서도 먹었어.","아마도 친구는 목소리를 좋게 하거나 목을 보호하기 위해 날달걀을 먹었을 것입니다. 한국에서는 노래를 부르기 전에 목소리를 부드럽게 하고 성대를 보호하기 위해 날달걀을 먹는 민간요법이 있습니다. 친구가 역겨워하면서도 먹은 이유는 맛이나 식감이 불쾌하지만, 노래를 잘 부르기 위해 어쩔 수 없이 참고 먹었기 때문일 것입니다.",,
21,78,"어제 한국 방송 프로그램에 가수가 나왔어. 가수가 자신이 예전에는 노래를 잘 부르지 못했다고 하니까, 진행자가 날달걀을 많이 먹었냐고 물어봤어. 무슨 말일까? 다들 이 말을 듣고 웃었어.","진행자가 말한 ""날달걀을 많이 먹었냐""는 말은 한국에서 흔히 쓰이는 농담입니다. 한국에서는 예전부터 노래를 잘하려면 날달걀을 먹으면 목소리가 좋아진다는 속설이 있었습니다. 물론 실제로 과학적인 근거가 있는 것은 아니지만, 옛날부터 목소리를 좋게 하거나 노래 실력을 향상시키기 위해 날달걀을 먹었다는 이야기가 흔히 전해져 내려왔습니다.

그래서 진행자가 가수에게 ""날달걀을 많이 먹었냐""고 물어본 것은, 가수가 예전에는 노래를 잘 못했는데 지금은 잘하게 된 이유가 혹시 날달걀을 먹어서 그런 것이냐고 농담으로 물어본 것입니다. 이 말을 듣고 사람들이 웃은 이유는, 한국 사람이라면 누구나 알고 있는 오래된 속설을 이용한 유머였기 때문입니다.",,
21,79,"한국 드라마에서 주인공이 가수를 준비하는 장면이 나왔어. 그녀는 날달걀을 한 판 먹었는데, 왜일까?","한국 드라마에서 주인공이 가수를 준비하며 날달걀을 먹는 장면은 보통 목소리를 관리하거나 성대를 보호하기 위한 민간요법으로 묘사됩니다. 날달걀은 목을 부드럽게 하고 성대에 윤기를 준다는 속설이 있어, 가수나 배우들이 공연이나 녹음 전에 목 상태를 좋게 하기 위해 먹는 장면이 자주 등장합니다. 실제로는 과학적으로 명확히 입증된 효과는 없지만, 드라마에서는 주인공이 가수로서의 열정과 간절함을 표현하거나, 전통적인 노력과 헌신을 강조하기 위한 상징적 장치로 사용됩니다.",,
22,80,"내 친구는 한국인이야. 친구가 자신의 뱃속의 아기를 '건강이'라고 불러. 실제 이름이냐고 물었는데, 태어나고는 바꾸는 것이라고 해. 무슨 말일까? ","친구가 뱃속의 아기를 '건강이'라고 부르는 것은 실제 이름이 아니라, 아기가 태어나기 전에 임시로 부르는 이름인 '태명'을 의미합니다. 한국에서는 아기가 태어나기 전에 부모가 아기의 건강과 행복을 기원하며 임시로 붙이는 이름을 '태명'이라고 합니다. 보통 태명은 아기의 건강이나 행복, 부모의 소망을 담아 귀엽고 친근한 느낌으로 짓습니다. 아기가 태어나면 정식으로 출생신고를 하면서 실제 이름을 따로 지어줍니다. 즉, 친구가 말한 '건강이'는 아기의 정식 이름이 아니라, 임신 기간 동안 사용하는 임시 이름(태명)이라는 뜻입니다.",,
22,81,"내 친구는 한국인이야. 내가 임신을 했는데, 친구가 태명이 뭐냐고 물어봤어. 무슨 말일까?","친구가 말한 '태명'이란, 임신 중에 아기에게 붙여주는 별명이나 애칭을 의미해. 한국에서는 아기가 태어나기 전에 부모가 아기와 친밀감을 느끼고 정서적 교감을 나누기 위해 태명을 지어 부르는 문화가 있어. 예를 들어 '튼튼이', '사랑이', '행복이'처럼 긍정적이고 귀여운 느낌의 이름을 많이 사용하지.

즉, 친구가 너에게 ""태명이 뭐야?""라고 물어본 건, 네가 임신한 아기에게 붙인 별명이 있는지 궁금해서 물어본 거야.",,
22,82,내 여자친구는 한국인이야. 여자친구의 집에 놀러갔어. 여자친구의 부모님이 여자친구가 태아일 적 초음파 사진을 보여주면서 '튼튼이'라고 불렀어. 왜일까? 여자친구의 이름은 '튼튼이'가 아니야.,"여자친구의 부모님이 태아 시절 초음파 사진을 보며 '튼튼이'라고 부른 이유는 한국에서 태아가 아직 태어나기 전에 건강하게 잘 자라기를 바라는 마음으로 임시로 붙이는 태명(胎名)을 사용하기 때문입니다. 한국에서는 태아가 태어나기 전까지 정식 이름 대신 귀엽고 친근한 느낌의 태명을 지어 부르는 문화가 있습니다. '튼튼이'라는 태명은 아기가 건강하고 튼튼하게 자라기를 바라는 부모님의 소망이 담긴 표현입니다. 따라서 여자친구의 이름이 실제로 '튼튼이'가 아니더라도, 부모님이 태아 시절에 건강하게 자라기를 바라는 마음으로 '튼튼이'라는 태명을 붙여 부른 것입니다.",,
22,83,"내가 좋아하는 유튜버가 임신을 했고 그녀는 한국인이야. 영상을 보는데, 자신의 아기를 '꼬물이'라고 불러. 왜일까? 실제 이름은 아닐 것 같아.","맞아요, '꼬물이'는 실제 이름이 아니라 한국에서 흔히 쓰이는 귀여운 애칭이에요. 한국어에서 '꼬물꼬물'이라는 표현은 작은 아기나 동물이 작고 귀엽게 움직이는 모습을 나타내는 의태어입니다. 그래서 많은 한국 부모들이 아직 태어나지 않았거나 갓 태어난 아기를 귀엽고 사랑스럽게 표현하기 위해 '꼬물이'라고 부르곤 합니다. 유튜버가 아기를 '꼬물이'라고 부르는 이유는 아마도 아직 아기의 이름을 정하지 않았거나, 아기의 작은 움직임과 귀여운 모습을 표현하기 위한 애칭일 가능성이 높습니다.",,
23,84,"한국인 친구의 아기를 위한 파티에 갔는데, 물건을 나열해두고 아기에게 잡게 했어. 왜일까? 물건들은 장난감도 아니었고, 실이랑 돈, 청진기 같은 것이었어.","그것은 한국의 전통적인 행사인 '돌잡이'입니다. 한국에서는 아기의 첫 번째 생일(돌)을 축하할 때, 아기 앞에 여러 가지 물건을 놓고 아기가 무엇을 잡는지 지켜보는 풍습이 있습니다. 각각의 물건은 아기의 미래를 상징하는 의미를 가지고 있습니다. 예를 들어, 돈을 잡으면 부유해질 것을 의미하고, 실을 잡으면 장수하거나 건강하게 오래 살 것을 의미하며, 청진기를 잡으면 의사나 의료 분야에서 일하게 될 것을 의미합니다. 이 행사는 아기의 미래를 점쳐보고 가족과 친구들이 함께 아기의 건강과 행복을 기원하는 의미를 담고 있습니다.",,
23,85,"나는 한국 회사에서 일해. 동료가 최근에 아기를 위한 파티를 했는데, 상사가 동료에게 아기가 무엇을 잡았냐고 물어봤어. 무슨 말일까? ","상사가 물어본 것은 한국의 전통 행사인 '돌잡이'를 의미하는 것입니다. 한국에서는 아기의 첫 번째 생일(돌)에 '돌잔치'라는 행사를 열고, 이때 아기 앞에 여러 가지 물건(예를 들어 돈, 연필, 실, 책, 마이크 등)을 놓아두고 아기가 무엇을 잡는지 지켜봅니다. 아기가 잡은 물건을 통해 아기의 미래 직업이나 성격, 운명을 점쳐보는 전통적인 풍습입니다.

예를 들어, 아기가 돈을 잡으면 부자가 될 것이라 하고, 연필이나 책을 잡으면 공부를 잘하거나 학자가 될 것이라 하고, 실을 잡으면 장수할 것이라 믿습니다.

즉, 상사가 동료에게 ""아기가 무엇을 잡았냐""고 물어본 것은 돌잔치에서 아기가 어떤 물건을 선택했는지 궁금해한 것입니다.",,
23,86,"내 아내는 한국인이야. 최근에 아기 파티를 했는데, 아내의 부모님은 아기에게 돈을 잡아라고 하고 아내는 실을 잡아라고 했어. 무슨 말일까?","한국에서는 아기가 첫 돌을 맞이하면 ""돌잡이""라는 전통 행사를 합니다. 이 행사에서 아기 앞에 여러 가지 물건을 놓고 아기가 무엇을 잡느냐에 따라 아기의 미래를 점쳐보는 풍습이 있습니다.

예를 들어:

- 돈을 잡으면: 부유하고 경제적으로 풍족한 삶을 살게 될 것이라는 의미입니다.
- 실을 잡으면: 건강하게 오래 살고 장수할 것이라는 의미입니다.
- 연필이나 책을 잡으면: 공부를 잘하고 학문적으로 뛰어난 사람이 될 것이라는 의미입니다.

당신의 아내의 부모님은 아기가 돈을 잡기를 원했기 때문에 아기가 경제적으로 풍요로운 삶을 살기를 바랐던 것이고, 아내는 실을 잡기를 원했기 때문에 아기가 건강하고 오래 살기를 바랐던 것입니다.

즉, 이 상황은 한국의 전통적인 돌잡이 행사에서 가족 구성원들이 아기의 미래에 대해 서로 다른 바람을 표현한 것입니다.",,
23,87,내 친구는 한국인이야. 최근에 친구가 의대에 합격했어. 친구의 부모님이 친구가 어릴 때 청진기가 아니라 마이크를 잡았는데 의외라고 했어. 무슨 말일까?,"이 말은 친구의 부모님이 친구가 어릴 때의 모습을 떠올리며, 친구가 의사가 될 줄은 예상하지 못했다는 의미입니다. 보통 의사가 될 사람은 어릴 때부터 청진기와 같은 의료 도구에 관심을 보이거나 의학 분야에 흥미를 나타내는 경우가 많습니다. 그런데 친구는 어릴 때 의료 도구(청진기)가 아니라 마이크를 잡고 있었다는 표현은, 친구가 어릴 때는 의학보다는 노래나 공연, 방송 등 다른 분야에 더 관심이 많았다는 뜻입니다. 즉, 친구가 의대에 합격한 것이 부모님에게는 예상 밖의 일이고 놀랍다는 의미를 담고 있습니다.",,
24,88,나는 푸드트럭을 해. 한국인으로 보이는 손님이 편하게 숟가락을 음식에 세로로 꽂아서 줬는데 기분 나빠했어. 왜일까?,"한국 문화에서는 음식을 담은 그릇에 숟가락이나 젓가락을 세로로 꽂아 놓는 행동을 금기시합니다. 이는 주로 제사나 장례식과 같은 죽은 사람을 위한 의식에서 밥그릇에 숟가락을 세워 놓는 행위와 연관되어 있기 때문입니다. 따라서 한국인 손님은 음식에 숟가락을 세워서 제공받았을 때, 죽음이나 불행을 연상하여 불쾌하거나 불편하게 느꼈을 가능성이 큽니다.

앞으로 한국인 손님에게 음식을 제공할 때는 숟가락이나 젓가락을 음식에 꽂지 않고 따로 놓아주는 것이 좋습니다.",,
24,89,"내 친구는 한국인이야. 어제 친구와 도시락을 싸서 피크닉을 갔어. 야외 테이블이 더러워서 도시락에 젓가락을 세로로 꽂아뒀는데, 친구가 기분 나빠 했어. 왜일까? ",한국 문화에서 밥그릇이나 음식에 젓가락을 세로로 꽂아두는 행동은 죽은 사람을 위한 제사나 장례식에서 하는 행동이기 때문입니다. 따라서 일상생활에서 젓가락을 음식에 꽂아두는 것은 죽음이나 불행을 연상시키는 무례한 행동으로 여겨집니다. 친구가 기분 나빠한 이유는 바로 이러한 문화적 의미 때문입니다.,,
24,90,"어제 친구와 한국 식당에 갔어. 밥을 먹다가 반찬을 먹으려고 숟가락을 밥에다 꽂아뒀는데, 지나가던 나이든 종업원이 뭐라고 이야기를 했어. 왜일까?","한국에서는 밥그릇에 숟가락을 꽂아두는 행동이 예의에 어긋난다고 여겨져요. 특히 밥에 숟가락을 꽂는 모습은 한국의 전통적인 제사나 장례식에서 죽은 사람을 위한 상차림을 연상시키기 때문에, 일상 식사 자리에서는 금기시되는 행동이에요. 그래서 나이 든 종업원이 그런 행동을 보고 예의에 맞지 않는다고 지적했을 가능성이 높아요.",,
24,91,인스타그램에 나의 음식을 자랑하기 위해서 음식에 스푼을 꽂아서 사진을 올렸어. 댓글로 한국인인 사람들이 안좋은 말을 하는데 왜일까? 음식은 먹음직스러워보여.,"한국 문화에서는 음식을 먹을 때 숟가락이나 젓가락을 음식에 꽂아두는 행동을 좋지 않게 생각합니다. 특히 밥이나 음식에 숟가락이나 젓가락을 꽂는 행동은 한국에서 제사를 지낼 때 돌아가신 분께 음식을 올리는 방식과 비슷하기 때문에 죽음이나 불운을 연상시키는 금기 행동으로 여겨집니다.

당신이 올린 사진은 음식 자체는 맛있고 보기 좋았겠지만, 숟가락을 음식에 꽂아둔 모습이 한국인들에게는 무례하거나 불쾌하게 느껴졌을 가능성이 큽니다. 앞으로 한국 문화를 고려하여 사진을 찍을 때는 숟가락이나 젓가락을 음식에 꽂지 않고 옆에 놓거나 손에 들고 찍는 것이 좋습니다.",,
25,92,"한국인 친척 집에 놀러갔어. 저녁 식사를 마치고 과일을 먹고 싶냐고 묻길래, 사과를 말했더니 사과는 아침에 먹자며 다른 과일을 추천했어. 왜일까?","한국에서는 전통적으로 사과를 아침에 먹는 과일로 생각하는 경향이 있어. 사과에는 유기산과 섬유질이 풍부해서 아침에 먹으면 소화를 돕고 하루를 상쾌하게 시작하는 데 좋다고 여겨지거든. 반면, 저녁에 사과를 먹으면 사과의 산 성분이 위를 자극하거나 소화에 부담을 줄 수 있다고 생각하는 사람들도 있어. 그래서 한국에서는 흔히 저녁보다는 아침에 사과를 먹는 게 더 좋다고 권하는 경우가 많아. 너의 친척도 이런 이유로 저녁보다는 아침에 사과를 먹자고 권한 것 같아.",,
25,93,"나의 남편은 한국인이야. 나의 남편의 부모님이 우리 집에 왔어. 저녁 식사를 마치고 과일을 드시고 싶다고 하셔서 사과를 대접했는데, 다른 과일을 달라고 했어. 그리고 아침에 다시 사과를 찾으셨어. 왜일까? 남편 부모님의 기억력에는 문제가 없어.","한국 문화에서는 밤에 사과를 먹는 것을 꺼리는 경우가 있습니다. 한국어로 사과의 발음이 '사과(沙果)'인데, 이는 '사과(謝過)' 즉, 사죄하거나 용서를 구한다는 의미와 발음이 같기 때문입니다. 그래서 밤에 사과를 먹으면 불길하거나 좋지 않은 의미로 받아들이는 어르신들이 종종 있습니다.

하지만 아침에는 이런 의미가 없기 때문에, 아침에는 다시 사과를 찾으신 것입니다. 남편 부모님의 기억력에는 문제가 없으며, 단지 한국 문화에서 오는 미신적이고 상징적인 이유 때문입니다.",,
25,94,내 할머니는 한국인이야. 나는 저녁 식사 후 사과를 먹는 습관이 있어. 그 습관에 대해 듣더니 할머니가 걱정하며 귤이나 배처럼 다른 과일을 먹으라고 했어. 왜일까? 나는 사과에 알러지가 없어.,"할머니께서 걱정하신 이유는 한국의 전통적인 관점에서 사과를 저녁에 먹으면 소화에 좋지 않다고 여기기 때문일 가능성이 큽니다. 한국에서는 흔히 저녁에 사과를 먹으면 위장에 부담을 주거나 소화가 잘 안 되어 불편함을 느낄 수 있다고 생각합니다. 그래서 저녁 식사 후에는 귤이나 배처럼 소화가 잘 되고 위장에 부담이 적은 과일을 권하는 경우가 많습니다. 실제로 사과에 알러지가 없더라도, 할머니께서는 전통적인 건강 상식과 경험을 바탕으로 걱정하신 것으로 보입니다.",,
25,95,내 남편은 한국인이야. 남편의 어머니가 과일 바구니를 선물해줬어. 그런데 그중에 사과는 밤에는 먹으면 안된다고 했어. 왜일까?,"한국에서는 밤에 사과를 먹으면 좋지 않다는 속설이 있어. 이는 사과의 산 성분이 위를 자극해 소화에 부담을 줄 수 있고, 섬유질이 많아 밤에 먹으면 소화가 잘 안 되어 숙면을 방해할 수 있다는 이유 때문이야. 또 다른 이유로는 한국어로 '사과'라는 단어가 '사(死)'와 발음이 비슷해서, 밤에 먹으면 불길하다는 미신적인 의미도 있어. 물론 과학적으로는 크게 걱정할 필요는 없지만, 한국에서는 이런 속설이 널리 알려져 있어서 어른들이 밤에 사과 먹는 걸 피하라고 하는 경우가 많아.",,
26,96,"내 친구는 한국인이야. 어제 우산이 없어서 비를 맞았는데, 친구가 대머리가 될 거라고 말했어. 왜일까? 농담인 것은 알지만, 무슨 말인지를 모르겠어.","네가 들은 농담은 한국에서 흔히 쓰이는 미신이나 농담에서 나온 거야. 한국에서는 종종 ""비를 맞으면 머리가 빠져서 대머리가 된다""는 농담을 하곤 해. 물론 실제로 비를 맞는다고 해서 머리가 빠지거나 대머리가 되는 건 아니지만, 친구가 장난스럽게 그런 말을 한 거야.

즉, 친구는 네가 우산 없이 비를 맞은 걸 보고 장난스럽게 ""너 이제 대머리 되겠다!""라고 농담한 거지. 실제로 걱정할 필요는 없어. 그냥 재미로 하는 말이니까.",,
26,97,"내 친구는 한국인이야. 어제 친구와 산책을 하는데 비가 엄청 많이 왔어. 몸이 비에 흠뻑 젖은 상태에서 친구가 정수리만은 손으로 가리고 뛰길래, 왜그러냐고 물었어. 친구가 대머리 되기 싫다고 했는데 무슨 말일까?","친구가 비를 맞으면서 정수리를 손으로 가린 이유는 한국에서 흔히 퍼져 있는 속설 때문입니다. 한국에서는 비를 맞으면 머리카락이 빠져서 대머리가 될 수 있다는 농담이나 속설이 있습니다. 물론 실제로 비를 맞는다고 해서 바로 대머리가 되는 것은 아니지만, 한국에서는 비를 맞으면 두피 건강에 좋지 않거나 탈모가 생길 수 있다는 이야기가 농담처럼 자주 언급됩니다. 친구가 정수리를 손으로 가리고 뛰면서 ""대머리 되기 싫다""고 말한 것은 바로 이 속설을 농담처럼 표현한 것입니다.",,
26,98,"내 할머니는 한국인이야. 최근에 머리가 빠지기 시작했는데, 할머니가 내가 우산을 쓰고 다니지 않아서 그렇다고 말해. 무슨 말일까? 나는 머리를 잘 감고 잘 말리는 편이야.","할머니께서 말씀하신 내용은 한국에서 흔히 전해 내려오는 민간 속설과 관련이 있습니다. 한국에서는 비를 맞으면 머리카락이 빠지거나 탈모가 생긴다는 미신이 있습니다. 특히 비에 포함된 오염물질이나 산성비가 두피와 머리카락에 좋지 않다고 믿는 어르신들이 많습니다. 그래서 할머니께서는 네가 우산을 쓰지 않고 비를 맞고 다녀서 머리가 빠진다고 생각하시는 것입니다.

하지만 실제로 탈모는 유전적 요인, 스트레스, 호르몬 변화, 영양 부족, 두피 건강 등 다양한 원인으로 발생합니다. 비를 맞는 것 자체가 탈모의 직접적인 원인은 아닙니다. 이미 머리를 잘 감고 잘 말리고 있다면, 탈모의 원인은 다른 곳에 있을 가능성이 큽니다.

할머니께서 말씀하신 것은 과학적 근거보다는 한국의 전통적인 민간 속설에 가까운 이야기입니다. 만약 탈모가 계속된다면 전문적인 피부과나 탈모 전문 병원을 방문하여 정확한 원인을 확인하고 치료를 받는 것이 좋습니다.",,
26,99,"나는 오래된 포스터를 수집하는 취미가 있어. 최근에 오래된 한국의 환경포스터를 샀는데, 비가 내리는데 대머리가 된 사람이 서있는 그림이었어. 무슨 뜻일까?","그 포스터는 아마도 산성비의 위험성을 경고하는 환경 캠페인 포스터일 가능성이 큽니다. 과거 한국에서는 산업화와 공해로 인해 산성비가 심각한 환경 문제로 떠올랐고, 산성비가 머리카락을 빠지게 할 정도로 해롭다는 것을 강조하기 위해 대머리가 된 사람을 비유적으로 표현한 포스터가 종종 제작되었습니다. 즉, 비가 내리는 가운데 머리카락이 없는 사람의 이미지는 산성비의 유해성을 상징적으로 나타낸 것으로 보입니다. 이 포스터는 환경 보호의 중요성을 강조하고, 공해와 오염물질 배출을 줄이자는 메시지를 담고 있을 가능성이 높습니다.",,
28,100,"한국 TV 프로그램에 연예인들이 나와서 악플에 대해 이야기하고 있었어. 한 연예인이 자신은 오래 살 것 같다고 말했는데, 무슨 말일까? 농담인 것은 알지만 이해가 안 돼","이 상황에서 연예인이 ""나는 오래 살 것 같다""고 말한 것은 한국에서 흔히 쓰이는 표현인 ""악플이 사람을 오래 살게 한다""는 농담을 인용한 것입니다. 한국에서는 종종 ""남의 욕을 먹으면 오래 산다""는 속설이나 농담이 있습니다. 즉, 악플이나 비난을 많이 받을수록 오히려 더 오래 산다는 역설적인 표현을 통해, 악플에 상처받지 않고 긍정적으로 넘기겠다는 의미를 담고 있는 것입니다.

실제로는 악플이 스트레스가 될 수 있지만, 연예인들이 방송에서 이런 표현을 쓰는 이유는 악플에 대해 가볍게 농담으로 넘기고, 자신이 정신적으로 강하다는 것을 유머러스하게 표현하기 위한 것입니다.",,
28,101,"내 친구는 한국인이야. 그녀는 텔레마케터이고 긍정적인 마인드를 가지고 있어. 하루는 친구가 나쁜 고객을 만나서 힘든 날을 보냈는데, 자신이 오래 살 것 같다고 말했어. 무슨 말일까? 농담인 것은 알지만 이해가 안 돼.","이 농담은 한국에서 흔히 쓰이는 표현인 **""욕을 먹으면 오래 산다""** 라는 속담에서 나온 것입니다.

한국에서는 누군가에게 욕을 듣거나 힘든 일을 겪었을 때, 위로의 의미로 ""욕 먹으면 오래 산다""라는 말을 농담처럼 사용합니다. 즉, 친구가 나쁜 고객 때문에 힘든 하루를 보냈지만, 이를 긍정적으로 받아들이며 ""내가 욕을 먹었으니 오래 살겠다""고 농담한 것입니다.

실제로 욕을 먹는다고 오래 사는 것은 아니지만, 힘든 상황을 긍정적으로 받아들이고 스트레스를 웃음으로 넘기려는 한국식 유머 표현입니다.",,
28,102,"내 친구는 한국인이야. 친구와 함께 그 친구의 상사 욕을 하고 있었어. 충분하다 싶을 만큼 뒷담을 했는데, 친구가 상사가 오래 살 것 같다고 말했어. 무슨 말일까? 농담인 것 같은데, 이해가 안 돼.","친구가 말한 ""상사가 오래 살 것 같다""는 표현은 한국에서 흔히 쓰이는 농담 같은 표현이에요. 한국에서는 누군가를 뒷담화하거나 험담할 때, 그 사람이 갑자기 나타나거나 우연히 연락이 오면 ""오래 살겠다"" 또는 ""오래 살 것 같다""고 말하는 경우가 많아요.

즉, 친구가 ""상사가 오래 살 것 같다""고 말한 건, 너희가 상사에 대해 뒷담화를 너무 많이 해서 마치 그 상사가 너희 이야기를 듣고 나타날 것 같다는 의미로 농담한 거예요. 실제로 상사가 오래 살 거라는 의미가 아니라, ""이렇게 많이 이야기했으니 그 사람이 귀가 간지럽거나 재채기를 하면서 우리 이야기를 듣고 있을지도 모르겠다""는 한국식 유머 표현이에요.

이 표현은 한국 문화에서 흔히 쓰이는 농담이기 때문에, 실제로 상사의 건강이나 수명과는 전혀 관련이 없어요. 걱정하지 않아도 돼요!",,
28,103,"은퇴한 한국인 축구선수가 한국의 토크쇼에 나왔어. 자신이 실책했던 날을 회상하며, 그때 들었던 욕만 해도 100살까지 살 것 같다고 했는데, 무슨 말일까?","그 말의 의미는 자신이 실수를 했던 날에 너무나 많은 욕을 들어서, 그 욕을 다 들으려면 오래 살아야 할 정도라는 과장된 표현입니다. 즉, ""그때 들었던 욕만 해도 100살까지 살 것 같다""는 말은 당시 자신이 받은 비난과 욕설이 매우 많고 강렬해서 평생 잊지 못할 정도로 기억에 남았다는 것을 유머스럽고 과장되게 표현한 것입니다.",,
29,104,"한국인인 친구의 부모님이 돌아가셔서 장례식에 갔는데, 봉투에 돈을 넣어야 했어. 6만원을 넣으니, 다른 친구가 1만원을 빼서 5만원만 넣었어. 왜일까?","한국에서는 장례식과 같은 경조사에 돈을 낼 때 홀수가 아닌 짝수로 내는 것이 일반적인 예절입니다. 하지만 숫자 '4'는 한국어로 '사(死)'와 발음이 같아 죽음을 연상시키기 때문에 피하고, 보통 3만원, 5만원, 7만원 등 홀수 단위로 돈을 넣습니다.

6만원은 짝수이기도 하고, 특히 '6'이라는 숫자는 장례식에서 잘 쓰지 않는 금액입니다. 그래서 친구가 1만원을 빼서 5만원으로 홀수 금액을 맞춘 것입니다. 일반적으로 한국 장례식에서는 3만원, 5만원, 7만원 등 홀수 금액을 넣는 것이 관례입니다.",,
29,105,"친구는 한국인이야. 선생님이 돌아가셔서 친구와 장례식에 다녀왔어. 봉투에 돈을 넣어야 해서, 친구는 8만원, 나는 7만원을 넣었는데, 친구의 부모님이 나에게 잘했다고 하고 친구를 나무랐어. 왜일까?","한국에서는 장례식과 같은 경조사에 돈을 낼 때 홀수 금액을 내는 것이 관습적으로 적절하다고 여겨져. 보통 홀수 금액(3만원, 5만원, 7만원 등)을 내는 것이 일반적이고, 짝수 금액(2만원, 4만원, 6만원, 8만원 등)은 피하는 경향이 있어. 왜냐하면 한국 문화에서 홀수는 양(陽)의 숫자로 여겨져서 좋은 의미를 가지고, 짝수는 음(陰)의 숫자로 여겨져서 장례식과 같은 슬픈 자리에서는 피하는 것이 관습이기 때문이야.

그래서 친구가 8만원(짝수)을 낸 것은 한국의 전통적인 예절에 맞지 않았고, 네가 7만원(홀수)을 낸 것은 예절에 맞았기 때문에 친구의 부모님이 너에게는 잘했다고 칭찬하고 친구에게는 나무란 거야.",,
29,106,"내 할머니는 한국인이야. 할머니가 돌아시고 난 후, 장례식에서 사람들이 낸 돈을 정산했어. 대부분의 사람이 5만원, 3만원을 냈는데, 어떤 사람이 4만원을 냈어. 친척들이 이상하게 여겼는데, 왜일까?","한국에서는 장례식과 같은 경조사에서 보통 홀수 단위(3만원, 5만원, 7만원 등)의 금액을 내는 것이 일반적인 관습입니다. 짝수 금액(특히 4만원)은 '죽음'을 연상시키는 숫자 '4'와 연결되어 불길하거나 부정적인 의미로 받아들여질 수 있기 때문에, 대부분의 사람들은 이를 피합니다. 따라서 친척들이 4만원을 낸 사람을 이상하게 여긴 이유는, 한국 문화에서 숫자 '4'가 죽음과 관련된 부정적인 의미를 가지고 있기 때문입니다.",,
29,107,"한국인 친구의 부모님이 돌아가셨는데, 장례식에서 돈을 봉투에 넣어 내야 했어. 금액을 고민하고 있으니, 주변 사람들이 3,5,7 만원을 추천했는데 왜일까?","한국에서는 장례식과 같은 경조사에서 홀수 금액(3만원, 5만원, 7만원 등)을 내는 것이 일반적인 관습입니다. 이는 다음과 같은 이유 때문입니다.

1. **홀수의 상징적 의미**:  
   한국 문화에서 홀수는 짝수와 달리 나누어 떨어지지 않아, ""다시는 이런 슬픈 일이 반복되지 않기를 바란다""는 의미를 담고 있습니다. 즉, 홀수는 불행한 일이 반복되지 않기를 기원하는 상징적 의미를 지니고 있습니다.

2. **관습적 예의**:  
   한국 사회에서는 장례식과 같은 슬픈 행사에서 짝수 금액을 내는 것을 피하는 것이 관례로 자리 잡았습니다. 따라서 3만원, 5만원, 7만원과 같은 홀수 금액을 내는 것이 예의로 여겨집니다.

3. **사회적 통념과 관습**:  
   오랜 기간 동안 한국 사회에서 홀수 금액을 내는 것이 자연스럽게 자리 잡아, 주변 사람들도 보통 3만원, 5만원, 7만원과 같은 홀수 금액을 추천하게 됩니다.

이러한 이유로 한국에서는 장례식과 같은 슬픈 행사에서 홀수 금액을 봉투에 넣어 전달하는 것이 일반적입니다.",,
30,108,"내 친구는 성악가이고 심플한 것을 좋아해. 그녀는 한국인이야. 어제 공연이 끝나고 흰 국화가 담긴 꽃다발을 선물로 줬는데, 표정이 좋지 않았어.  왜일까? 그녀는 다른 사람들과는 잘 지내는 것 같아 보였어.","한국에서는 흰 국화가 주로 장례식이나 애도의 의미로 사용됩니다. 그래서 흰 국화는 축하나 기쁨을 표현하는 자리에서는 적절하지 않은 꽃으로 여겨집니다. 당신의 친구가 공연 후 흰 국화가 담긴 꽃다발을 받고 표정이 좋지 않았던 이유는 아마도 이 꽃이 한국 문화에서 슬픔과 죽음을 상징하기 때문일 것입니다. 친구가 다른 사람들과 잘 지내는 것으로 보였던 점을 고려하면, 그녀의 표정 변화는 당신과의 개인적인 관계 때문이 아니라, 단지 꽃의 문화적 의미 때문일 가능성이 큽니다. 앞으로는 축하의 의미로 꽃을 선물할 때 흰 국화 대신 밝고 화사한 색상의 꽃을 선택하는 것이 좋습니다.",,
30,109,"내 동료는 한국인이야. 동료의 파티에 초대되었어. 동료가 흰색을 좋아한다고 해서 흰 국화가 담긴 꽃바구니를 선물로 들고 갔는데, 당황스러워했어. 왜일까? 평소에 그녀는 꽃을 좋아해.","한국 문화에서 흰 국화는 주로 장례식이나 추모 행사에서 고인을 기릴 때 사용하는 꽃입니다. 따라서 한국인에게 흰 국화를 선물하는 것은 죽음이나 슬픔을 연상시키기 때문에 축하하는 자리나 기쁜 행사에서는 적절하지 않습니다. 당신의 동료가 꽃을 좋아한다고 하더라도, 흰 국화를 보고 당황한 이유는 바로 이러한 문화적 의미 때문입니다. 한국에서는 축하나 기쁨을 표현할 때는 밝고 화사한 색상의 꽃을 선물하는 것이 일반적입니다.",,
30,110,"내 친구는 한국인이고 국화를 좋아해. 흰 국화로 꽃다발 선물을 만드려는데, 플로리스트가 망설여. 왜일까? ","한국 문화에서 흰 국화는 주로 장례식이나 추모의 의미로 사용됩니다. 그래서 흰 국화로 꽃다발을 만드는 것은 애도의 의미로 받아들여질 수 있기 때문에, 플로리스트가 망설이는 것입니다. 친구에게 꽃다발을 선물할 때는 흰 국화 대신 밝고 화사한 느낌의 다른 꽃을 선택하는 것이 좋습니다.",,
30,111,"나는 한국인과 결혼을 할 예정이야. 나는 국화를 좋아해. 흰 국화로 내 결혼식 연회장을 꾸미려고 하는데, 플로리스트가 말려. 왜일까?",흰 국화는 한국에서 주로 장례식과 같은 애도의 자리에서 사용되는 꽃이기 때문이야. 한국 문화에서 흰 국화는 죽음과 슬픔을 상징하기 때문에 결혼식과 같은 축하 행사에서는 적합하지 않아. 그래서 플로리스트가 결혼식 연회장 장식으로 흰 국화를 사용하는 것을 말린 거야. 결혼식에는 보통 밝고 화사한 꽃을 사용하는 것이 좋아.,,
31,112,내 친척들은 한국인이야. 올해 나는 29살이야. 친척 할머니가 올해 조심하라는 이야기를 하시는데 왜일까?,"한국 문화에서 29살은 흔히 '아홉수'라고 불리며, 9로 끝나는 나이(19, 29, 39 등)는 운이 좋지 않거나 어려운 일이 생길 수 있다고 여겨집니다. 그래서 한국의 어르신들은 아홉수 나이에 건강이나 사고, 인간관계 등에서 특별히 조심하라고 조언하곤 합니다. 친척 할머니께서 올해 조심하라고 하신 이유는 바로 이러한 한국의 전통적인 믿음 때문일 가능성이 큽니다. 물론 이는 과학적 근거가 있는 것은 아니지만, 한국에서는 오랜 세월 동안 내려온 민속적 믿음으로 여전히 많은 사람들이 주의를 기울이는 문화적 관습입니다.",,
31,113,"39살 생일에 한국인 친구가 편지를 보내왔어. 올해는 각별히 건강을 조심하고 차를 조심하라고 하는데, 왜일까?","한국에서는 나이를 세는 방식에 따라 특정 숫자에 특별한 의미를 부여하는 경우가 있습니다. 특히 '아홉수'라고 불리는 나이(29세, 39세, 49세 등)는 전통적으로 불운하거나 사고가 생기기 쉬운 나이로 여겨져, 건강이나 사고에 각별히 주의하라는 말을 자주 듣게 됩니다. 그래서 한국인 친구가 39살 생일을 맞은 당신에게 올해는 특히 건강과 교통사고를 조심하라고 당부한 것입니다. 이는 미신적이고 전통적인 믿음에서 비롯된 것이며, 친구가 당신을 걱정하고 아끼는 마음에서 나온 말입니다.",,
31,114,"최근에 직장의 일이 잘 풀리지 않았어. 한국인 친구가 내가 29살이라서 그런 것 같다는 말을 했는데, 무슨 말일까?","한국에서는 흔히 나이 끝자리가 '9'로 끝나는 나이(예를 들어 29세, 39세, 49세 등)를 '아홉수'라고 부르며, 이 시기에 운이 좋지 않거나 어려운 일이 생긴다고 믿는 경향이 있습니다. 특히 29살은 20대에서 30대로 넘어가는 중요한 전환점으로 여겨져, 심리적으로 불안하거나 고민이 많아지는 시기라고 생각하기도 합니다.

친구가 말한 것은 아마도 한국에서 흔히 말하는 '아홉수'라는 미신적 개념을 의미한 것으로 보입니다. 즉, 당신이 최근 직장에서 일이 잘 풀리지 않는 이유를 나이 탓으로 돌린 것입니다. 물론 이는 과학적 근거가 없는 미신이지만, 한국에서는 흔히 농담처럼 또는 위로의 의미로 사용하기도 합니다.",,
31,115,"내 친구는 한국인이야. 친구가 최근에 차 사고가 났어. 병문안을 온 할머니가 39살이라서 그렇다고, 나도 조심하라고 하셨는데 무슨 말일까?","한국에서는 전통적으로 '아홉수'라는 개념이 있습니다. 나이가 9로 끝나는 해(예를 들어 29세, 39세, 49세 등)에 좋지 않은 일이 생기거나 운이 나쁘다고 믿는 미신적 관습입니다. 할머니께서 친구가 39살이라 사고가 난 것이라고 말씀하신 것은 바로 이 '아홉수' 때문이라고 생각하신 것입니다. 즉, 친구가 39살이라는 나이가 불운을 가져왔다고 여기신 것이며, 너도 나중에 아홉수가 되면 조심하라는 의미로 말씀하신 것입니다.",,
32,116,"내 친구는 한국인이야. 내가 어제 슬픈 일이 있어서 울고 있었는데, 친구가 위로를 해줘서 웃을 수 있었어. 친구가 엉덩이에 털 난 거 아니냐고 말했는데, 무슨 말일까. 농담인 것은 알지만 이해가 안 돼. ","친구가 말한 ""엉덩이에 털 난 거 아니냐""는 표현은 한국에서 흔히 쓰이는 농담으로, 웃음이 많거나 별것 아닌 일에도 잘 웃는 사람에게 쓰는 표현입니다. 즉, 엉덩이에 털이 나면 간지러워서 자꾸 웃게 된다는 우스갯소리에서 나온 말입니다.

친구가 이 말을 한 이유는 아마도 당신이 슬퍼서 울고 있었는데, 친구가 위로해주자 금방 웃게 되었기 때문에, ""너는 금방 울다가도 또 금방 웃네. 엉덩이에 털 난 거 아니야?"" 라는 식으로 농담을 한 것입니다.

이 표현은 상대방을 놀리거나 비하하려는 의도가 아니라, 분위기를 가볍게 만들고 웃음을 주기 위한 친근한 농담입니다. 너무 진지하게 받아들이지 않아도 됩니다.",,
32,117,"어제 아들이 계속 칭얼거리며 울었는데, 지나가는 할머니가 사탕 하나를 주니 울음을 뚝 그치고 웃었어. 할머니가 웃으면서 엉덩이에 뿔난다고 했는데, 무슨 말일까? 할머니는 한국인으로 보였어.","할머니가 말한 ""엉덩이에 뿔난다""는 표현은 한국에서 아이들이 울거나 떼를 쓸 때 흔히 쓰는 농담 섞인 표현입니다. 아이가 특별한 이유 없이 계속 울거나 칭얼거릴 때, 어른들이 ""그렇게 울면 엉덩이에 뿔난다""라고 장난스럽게 말하며 아이를 달래곤 합니다. 실제로 엉덩이에 뿔이 난다는 뜻이 아니라, 아이가 울음을 그치고 웃도록 재미있게 놀리거나 주의를 돌리기 위한 표현입니다. 할머니는 아이가 울음을 그치고 웃는 모습을 보고 귀엽고 사랑스러워서 농담처럼 이 말을 한 것입니다.",,
32,118,"어제 한국 토크쇼에서 연예인이 자신의 무명시절을 회상하며 눈물을 흘렸어. 그러다 진행자의 농담에 웃었는데, 다른 연예인이 엉덩이에 뿔 난다고 말했어. 무슨 말일까?","""엉덩이에 뿔 난다""는 표현은 한국에서 흔히 쓰이는 관용적 표현으로, 울다가 갑자기 웃으면 엉덩이에 뿔이 난다는 농담 섞인 말입니다. 즉, 슬픔과 기쁨 같은 상반된 감정을 갑자기 오가면 엉덩이에 뿔이 난다고 우스갯소리로 표현하는 것입니다. 이 표현은 실제로 뿔이 난다는 의미가 아니라, 감정이 급격히 바뀌는 상황을 재미있게 표현한 것입니다.",,
32,119,"나는 한국에서 직장을 다니고 있어. 오늘은 내 생일이야. 직장에서 아무도 축하인사를 건네지 않길래, 슬퍼서 울었는데, 동료들이 깜짝 파티를 준비했던 거야. 내가 활짝 웃었더니, 동료가 엉덩이에 털 난다고 말했어. 무슨 말일까?","""엉덩이에 털 난다""는 표현은 한국에서 흔히 쓰이는 농담 섞인 속담으로, 울다가 갑자기 웃거나, 감정이 급격히 변할 때 장난스럽게 쓰는 표현입니다. 즉, 방금 전까지 슬퍼서 울다가 갑자기 활짝 웃는 모습을 보고 동료가 장난스럽게 ""울다가 웃으면 엉덩이에 털 난다""고 말한 것입니다. 실제로 엉덩이에 털이 난다는 뜻이 아니라, 감정이 급격히 바뀌는 상황을 유머스럽게 표현한 것입니다. 동료가 친근하고 재미있게 농담을 건넨 것이니 기분 나쁘게 받아들일 필요는 없습니다.",,
33,120,"내 친구는 한국인이야. 친구가 내 기숙사를 방문했어. 침대가 놓인 방향을 보더니, 문쪽이라고 걱정했어. 왜일까?","한국 문화에서는 침대를 문 쪽으로 향하게 놓는 것을 좋지 않게 생각합니다. 이는 전통적으로 문 쪽으로 발을 향해 자는 것이 죽은 사람을 눕힐 때의 방향과 같다고 여겨지기 때문입니다. 그래서 친구가 침대가 문 쪽을 향해 놓여 있는 것을 보고 걱정한 것입니다. 한국에서는 침대를 문과 반대 방향으로 놓는 것이 일반적이며, 이는 건강과 행운을 위한 풍수적 의미를 담고 있습니다.",,
33,121,"나는 인테리어 업체를 운영하고 있어. 한국인 고객과 인테리어 상담을 하면서 공간의 효율적인 배치를 위해 문쪽으로 침대를 두게 했더니, 고객의 표정이 좋지 않았어. 왜일까?","한국 고객이 침대를 문 쪽으로 배치하는 것을 꺼리는 이유는 한국의 전통적인 풍수지리 관념 때문일 가능성이 큽니다. 한국 문화에서는 침대를 문과 마주 보거나 문 가까이에 두는 것을 좋지 않게 생각합니다. 이는 문이 외부와 내부를 연결하는 통로로서 기운이 드나드는 곳이라 여겨, 문 가까이에 침대를 두면 안정감이 떨어지고 건강이나 운에 좋지 않다고 믿기 때문입니다.

또한 한국인들은 침실을 편안하고 안정적인 휴식 공간으로 생각하기 때문에, 문 가까이에 침대를 두면 사생활 보호가 어렵고 심리적으로 불안감을 느낄 수 있습니다.

이러한 문화적 배경을 고려하지 않고 효율성만을 생각해 침대를 문 쪽으로 배치했기 때문에 고객이 불편한 표정을 지었을 가능성이 높습니다. 앞으로는 공간 효율성뿐 아니라 고객의 문화적 배경과 심리적 편안함까지 고려하여 상담을 진행하면 더욱 좋은 결과를 얻을 수 있을 것입니다.",,
33,122,"내 친척들은 한국인이야. 친척 할머니가 우리집에 왔어. 게스트룸의 방향을 물어보더니, 침대의 반대 방향에서 주무셨어. 왜일까? 참고로 게스트룸의 침대 방향은 북쪽이었어.","한국의 전통적인 문화에서는 돌아가신 분을 북쪽 방향으로 머리를 두고 눕히는 풍습이 있습니다. 이를 '북쪽으로 머리를 두고 잔다'는 의미로 '북침(北枕)'이라고 하며, 살아있는 사람에게는 불길한 의미로 여겨집니다. 그래서 한국의 어르신들은 북쪽으로 머리를 두고 자는 것을 피하는 경우가 많습니다.

친척 할머니께서 게스트룸 침대가 북쪽 방향으로 놓여 있는 것을 보고, 전통적인 관습과 미신을 떠올리셨기 때문에 침대의 반대 방향으로 머리를 두고 주무신 것입니다.",,
33,123,"내 친구는 한국인이야. 친구의 집을 방문했어. 침대의 위치가 이상해서 바꾸라고 했더니, 내가 말한 방향은 북쪽이라고 했어. 무슨 말일까?","한국 문화에서는 전통적으로 침대를 북쪽으로 향하게 놓는 것을 피합니다. 이는 북쪽 방향으로 고인을 눕히는 장례 풍습과 관련이 있기 때문입니다. 따라서 친구가 침대 위치를 바꾸라는 당신의 제안에 대해 ""그 방향은 북쪽이야""라고 말한 것은, 침대를 북쪽으로 놓는 것이 한국 문화에서 불길하거나 좋지 않은 의미를 가진다는 것을 암시한 것입니다. 즉, 친구는 침대를 북쪽으로 놓는 것이 한국 문화에서 금기시된다는 점을 설명한 것입니다.",,
