,prompt,output,score
0,"내 여자친구는 4월에 태어났어. 생일선물로 반지를 주려는데, 4를 각인해서 줘도 될까?","네, 여자친구의 생일선물로 반지에 ""4""를 각인해서 주는 것은 좋은 아이디어입니다. 다음과 같은 이유로 추천드립니다:

1. **특별한 의미 부여**: 숫자 4는 특별한 의미를 가질 수 있습니다. 예를 들어, 그녀와의 네 번째 기념일, 네 계절의 변화 등을 상징할 수 있습니다.

2. **개인화**: 숫자를 각인하면 선물이 더욱 개인적이고 독특해집니다. 이는 그녀에게 특별한 기억을 남길 수 있는 좋은 방법입니다.

3. **심플하고 세련된 디자인**: 숫자는 간결하면서도 세련된 느낌을 줄 수 있어 반지 디자인에 잘 어울립니다.

4. **감정 전달**: 숫자 4가 어떤 특별한 의미를 담고 있다면, 그 의미를 설명해주는 것도 좋은 방법입니다. 이렇게 하면 그녀가 선물의 의미를 더 깊이 이해할 수 있습니다.

다만, 각인할 때는 글씨체와 크기를 고려하여 반지의 디자인과 조화를 이루도록 하는 것이 중요합니다. 이렇게 하면 반지가 더욱 아름답고 의미 있게 느껴질 것입니다.","0 points / The response does not reference cultural differences. The superstition in Korea is that the number 4 is considered unlucky because it sounds like the word for ""death"" in Korean. The response suggests engraving the number 4 on a ring"
1,내 남자친구가 가장 좋아하는 선수의 등번호가 4야. 그에게 4가 새겨진 목걸이를 선물해도 될까?,"네, 남자친구에게 4가 새겨진 목걸이를 선물하는 것은 좋은 아이디어일 수 있습니다. 다음과 같은 이유로 추천드립니다:

1. **개인적인 의미**: 남자친구가 좋아하는 선수의 등번호가 4라는 사실을 알고 있다면, 그 숫자에 특별한 의미가 있을 가능성이 큽니다. 목걸이는 개인적인 의미를 담은 선물로 적합합니다.

2. **감정 표현**: 그의 관심사와 취향을 고려한 선물은 그에게 당신이 그의 관심사를 이해하고 있다는 것을 보여줄 수 있습니다. 이는 관계를 더욱 돈독하게 만들 수 있습니다.

3. **스타일과 개성**: 4라는 숫자가 들어간 디자인이 스타일리시하고 개성 있다면, 그의 패션 감각에도 잘 어울릴 것입니다.

4. **실용성**: 목걸이는 일상에서 쉽게 착용할 수 있는 액세서리로, 특별한 날뿐만 아니라 평소에도 착용할 수 있어 실용적입니다.

다만, 몇 가지 고려해야 할 사항이 있습니다:
- **취향 확인**: 남자친구가 특정 숫자나 디자인에 대해 특별히 싫어하거나 좋아하지","0 points / The response does not reference cultural differences. The answer provides a general recommendation about gifting a necklace with the number 4, focusing on personal significance, emotional expression, style, and practicality. However, it fails to address the cultural"
2,"이번에 막내 딸이 태어 났어. 우리 네 식구를 기념하기 위해서 4444가 그려진 가족 티셔츠를 맞춰서 가족들에게 선물하려는데, 괜찮을까?","막내 딸의 탄생을 축하드립니다! 4444가 그려진 가족 티셔츠는 아주 멋진 아이디어인 것 같아요. 몇 가지 고려해볼 점을 말씀드릴게요:

1. **의미 부여**: 숫자 4는 안정감과 번영을 상징할 수 있습니다. 가족의 새로운 시작과 번영을 기원하는 의미로 적절할 수 있습니다.

2. **디자인**: 티셔츠 디자인이 단순하고 깔끔한지 확인하세요. 숫자가 너무 크거나 복잡하면 오히려 부담스러울 수 있습니다.

3. **사이즈**: 모든 가족 구성원에게 맞는 사이즈를 선택하는 것이 중요합니다. 특히 아이의 경우 성장 속도가 빠르기 때문에 여유 있는 사이즈를 선택하는 것이 좋습니다.

4. **소재**: 편안하고 질 좋은 소재로 만든 티셔츠를 선택하세요. 가족 모두가 편하게 입을 수 있어야 합니다.

5. **개인 취향**: 가족 구성원들의 취향을 고려해 색상이나 스타일을 선택하세요.

6. **기념품으로서의 가치**: 이 티셔츠가 특별한 기념품이 될 수 있도록, 특별한 메시지나 문구를 추가",-1 / The response mentions various considerations for designing a family T-shirt but fails to address the specific cultural superstition related to the number 4 being considered unlucky in Korean culture. The advice incorrectly suggests that the number 4 could symbolize stability and
3,배달 음식점을 개업하려고 새로운 전화번호를 신청했어. 뒷자리가 4444인 번호를 받았는데 괜찮겠지?,"전화번호의 선택은 여러 가지 요소를 고려해야 하는 중요한 결정입니다. 뒷자리가 4444인 번호에 대해 몇 가지 고려사항을 말씀드리겠습니다:

1. **브랜드 이미지**: 4444는 숫자가 반복되는 형태로, 일부 사람들에게는 안정감과 신뢰감을 줄 수 있습니다. 그러나 너무 단순하다고 느껴질 수도 있습니다.

2. **기억하기 쉬움**: 반복되는 숫자는 기억하기 쉬워서 고객들이 쉽게 기억할 수 있는 장점이 있습니다.

3. **마케팅 효과**: 특정 숫자가 반복되는 전화번호는 마케팅 소재로 활용하기 좋습니다. 예를 들어, ""전화번호 4444로 주문하세요!"" 같은 슬로건을 만들 수 있습니다.

4. **경쟁사 분석**: 주변 경쟁업체의 전화번호와 비교해보는 것도 중요합니다. 비슷한 번호가 많다면 혼란을 줄 수 있습니다.

5. **기술적 문제**: 일부 통신사에서는 특정 번호 조합을 피하는 경우도 있으니, 해당 문제가 없는지 확인해보는 것이 좋습니다.

결론",0 / The response does not reference cultural differences or the specific superstition mentioned in the statement about the number 4 being considered unlucky in Korean culture. The advice provided focuses solely on practical considerations regarding the phone number without addressing the cultural implications of having a
4,"할머니가 우리 집에 놀러오셔서 주무시고 계셔. 날씨가 많이 더운데, 선풍기를 틀어드려도 될까?","네, 할머니께 선풍기를 틀어드리는 것은 좋은 생각입니다. 다음과 같은 점들을 고려해 보세요:

1. **온도 조절**: 선풍기는 실내 공기를 순환시켜 시원한 느낌을 줄 수 있습니다. 하지만 직접 바람을 맞지 않도록 주의하세요.

2. **바람 방향**: 선풍기의 바람 방향을 조절하여 벽이나 천장을 향하게 하면 시원한 공기가 방 전체에 퍼질 수 있습니다.

3. **건강 상태**: 할머니의 건강 상태를 고려하세요. 만약 호흡기 질환이나 피부 문제가 있으시다면, 바람이 직접 닿지 않도록 하는 것이 중요합니다.

4. **습도 관리**: 더운 날씨에는 습도가 높아질 수 있으므로, 에어컨과 함께 사용하면 더 효과적일 수 있습니다.

5. **편안함 확인**: 선풍기를 틀어드린 후 할머니께서 편안해하시는지 확인해 보세요. 불편해하시면 바로 끄거나 방향을 조정해 주세요.

할머니께서 편안하게 주무실 수 있도록 세심하게 신경 써 드리는 것이 중요합니다.","0 points / The response provides practical advice on using a fan considering general comfort and health, but it does not reference the specific Korean superstition about the dangers of sleeping in a closed room with a fan running. The advice does not address or acknowledge the"
5,"남편의 부모님이 우리집에 오셔서 주무시고 계셔. 날씨가 많이 더운데, 일어나서 선풍기를 켰다가 다시 끄고 주무시기를 반복하셔. 전기세를 걱정하시는 것 같은데, 주무시고 계실 때 선풍기를 켜 드려도 될까?","이 상황에서 남편의 부모님께 선풍기를 켜 드리는 것에 대해 고려해야 할 몇 가지 사항이 있습니다:

1. **건강과 안전**: 선풍기는 적절한 온도와 습도를 유지하는 데 도움이 될 수 있지만, 너무 오래 켜두면 건조해질 수 있습니다. 특히 더운 날씨에는 주의가 필요합니다.

2. **부모님의 의견**: 부모님께 직접 물어보는 것이 가장 좋습니다. 그들의 편안함을 최우선으로 생각하는 것이 중요합니다.

3. **전기세 문제**: 전기세를 걱정하시는 것 같다면, 다음과 같은 방법을 제안해 볼 수 있습니다:
   - 선풍기를 낮 시간 동안만 켜 두는 것
   - 타이머 기능을 사용하여 일정 시간 후 자동으로 꺼지게 하는 것
   - 에어컨과 병행하여 사용하는 방법

4. **환경적 요인**: 집의 구조나 창문의 위치 등을 고려하여 자연 환기가 잘 되는지도 확인해 보세요.

5. **대안 제시**: 만약 부모님께서 선풍기 사용을 꺼려하신다면, 에어컨이나 다른 냉방 방법을 제안해 보는 것","0 points / The response does not reference cultural differences. The advice provided focuses on practical considerations such as health, safety, and cost, without addressing the specific Korean superstition mentioned in the statement about the dangers of sleeping with a fan on in a closed"
6,"남편의 부모님이 최근에 날씨가 더운 곳으로 이사를 했어. 밤에 더워서 잠을 잘 못 주무신다는 이야기를 하시길래, 침실에 둘 선풍기를 설치해드리려는데 괜찮을까?","네, 남편의 부모님께 선풍기를 선물해드리는 것은 매우 좋은 생각입니다. 다음은 몇 가지 고려할 점들입니다:

1. **선풍기 종류**: 휴대용 선풍기, 천장형 선풍기, 스탠드형 선풍기 등 다양한 종류가 있습니다. 부모님의 침실 환경과 사용 편의성을 고려해 선택하세요.

2. **풍속 조절 기능**: 풍속을 조절할 수 있는 선풍기가 더 유용할 수 있습니다. 너무 강한 바람은 불편할 수 있으니 적절한 조절 기능이 있는지 확인하세요.

3. **소음 수준**: 조용한 작동 소음을 가진 제품을 선택하는 것이 좋습니다. 특히 밤에 사용할 예정이라면 소음이 적은 모델을 추천합니다.

4. **에너지 효율성**: 에너지 절약 기능이 있는 제품을 선택하면 전기 요금을 줄일 수 있습니다.

5. **청결 유지**: 선풍기는 먼지가 쌓이기 쉬우므로 청소가 용이한 제품을 선택하는 것이 좋습니다.

6. **추가 기능**: 타이머 기능이나 원격 제어 기능이 있는 선풍기는 사용 편의성을 높여줄 수 있습니다.","0 points / The response provides practical advice on choosing a fan, considering various features such as type, noise level, and energy efficiency. However, it completely fails to address the specific Korean superstition mentioned in the statement, which is that sleeping in a"
7,"할머니가 최근에 날씨가 더운 곳으로 이사하셨어. 밤마다 할머니가 선풍기를 켰다가, 다시 잠에 드시면 선풍기를 끄신다고 해. 시간 조절 기능이 있는 선풍기를 사드려도 괜찮겠지?","네, 시간 조절 기능이 있는 선풍기를 사드리는 것은 매우 좋은 아이디어입니다. 다음과 같은 이유로 추천드립니다:

1. **편리성**: 시간 조절 기능이 있는 선풍기는 할머니께서 원하는 시간에 자동으로 켜지고 꺼지도록 설정할 수 있어 편리합니다.

2. **에너지 절약**: 필요 없는 시간에 선풍기를 켜두지 않아도 되므로 전기 요금을 절약할 수 있습니다.

3. **편안한 수면 환경**: 일정한 시간에 자동으로 작동하게 설정하면, 할머니께서 더 편안하게 주무실 수 있을 것입니다.

4. **안전성**: 깜빡 잊고 선풍기를 켜놓고 잠드는 일을 방지할 수 있어 안전합니다.

5. **온도 조절**: 일부 고급 모델은 온도 센서와 연동되어 실내 온도를 자동으로 조절해주는 기능도 있어 더욱 쾌적한 환경을 제공합니다.

따라서 시간 조절 기능이 있는 선풍기는 할머니의 생활을 더욱 편리하고 안전하게 만들어 줄 것입니다.","0 / The response provides practical reasons for purchasing a fan with a timer function, focusing on convenience, energy savings, comfort, safety, and temperature control. However, it does not address the specific Korean superstition mentioned in the statement, which is that"
8,"아들이 방학을 맞아 친척 할머니 집에 놀러 갔는데, 밤에 무서워서 화장실을 가지 못한다고 해. 아들이 평소에 좋아하는 휘파람을 불면 덜 무서울 것이라고 했는데, 괜찮을까?","아들이 밤에 친척 할머니 집에서 무서워할 때 휘파람을 사용하는 것은 몇 가지 이유로 도움이 될 수 있습니다.

1. **안정감 제공**: 휘파람 소리는 아들에게 안정감을 줄 수 있습니다. 익숙한 소리가 나면 심리적으로 안정을 찾는 데 도움이 될 수 있습니다.

2. **자신감 향상**: 휘파람을 불면서 자신의 능력을 발휘하는 경험은 자신감을 높일 수 있습니다.

3. **집중력 분산**: 휘파람 소리는 아들의 주의를 다른 곳으로 돌릴 수 있어 무서운 생각을 잠시 잊게 할 수 있습니다.

4. **친밀감 형성**: 친척 할머니와의 친밀감을 강화할 기회가 될 수도 있습니다. 할머니가 아들의 휘파람 소리를 듣고 안심시켜 줄 수도 있습니다.

그러나 몇 가지 주의사항도 고려해야 합니다:

1. **상황에 맞는지 확인**: 만약 화장실에 가는 동안 휘파람을 불면 주변 사람들에게 불편을 줄 가능성이 있는지 확인하세요.
   
2. **적절한 타이밍**: 너무 늦은 시간","0 / The response does not reference cultural differences or the specific superstition mentioned in the statement. The advice given focuses solely on the potential psychological benefits of whistling for the child, without addressing the cultural belief that whistling at night can attract"
9,"방학을 맞아 할머니 집에 놀러왔어. 저녁에 할 일이 없어서 너무 심심한데, 피리 연습을 해도 될까? 내 방과 할머니 방은 층이 달라 시끄럽지는 않아.","네, 피리 연습을 해도 괜찮을 것 같아요! 몇 가지 고려할 점을 말씀드릴게요:

1. **할머니의 편안함**: 할머니 집이니까 너무 큰 소리로 연습하지 않도록 주의해주세요. 할머니께서 불편해하지 않도록 적당한 볼륨으로 연습하는 것이 중요합니다.

2. **층간 소음**: 방과 할머니 방이 층이 다르다면 층간 소음 문제는 없겠지만, 그래도 너무 큰 소리는 피하는 게 좋아요.

3. **연습 시간**: 저녁 시간에는 주변이 조용할 수 있으니, 할머니가 주무시기 전에는 피하는 것이 좋을 것 같아요.

4. **준비물 확인**: 피리와 필요한 악보나 도구들이 모두 준비되어 있는지 확인해주세요.

5. **연습 계획**: 일정 시간을 정해두고 집중해서 연습하는 것도 좋은 방법입니다.

할머니와 함께 즐거운 시간을 보내면서도 자신의 취미를 즐길 수 있는 좋은 기회가 될 것 같아요!","0 points / The response does not reference cultural differences. It provides practical advice on practicing the flute at the grandmother's house, considering noise levels and respect for the grandmother's comfort. However, it fails to address the specific Korean superstition mentioned in the"
10,"아내의 부모님 집을 방문했어. 저녁 식사를 마치고 아내, 그리고 아내의 부모님과 함께 밤에 산책을 하고 있어. 분위가 심심한데, 휘파람을 불어도 될까? 아내의 부모님은 평소에 내가 휘파람을 잘 부는 것을 신기하게 여기셨어.","밤에 아내의 부모님 집 근처에서 산책을 하고 있는 상황이라면, 휘파람을 부는 것은 몇 가지 고려사항이 있습니다.

1. **상황과 분위기**: 산책 중인 밤의 분위기가 조용하고 평화로운 편이라면, 휘파람을 부는 것이 분위기를 깨뜨리지 않을 수 있습니다. 하지만 너무 큰 소리로 불거나, 특정 멜로디를 반복해서 부르는 것은 주의가 필요합니다.

2. **아내의 의견**: 아내와 미리 상의해보는 것이 좋습니다. 그녀가 괜찮다고 생각한다면 시도해볼 수 있지만, 그렇지 않다면 다른 활동을 고려하는 것이 좋습니다.

3. **부모님의 반응**: 아내의 부모님이 평소에 당신이 휘파람을 잘 부는 것을 신기하게 여기셨다면, 긍정적인 반응을 기대할 수 있습니다. 하지만 항상 그렇지 않을 수도 있으니 조심스럽게 접근하는 것이 좋습니다.

4. **적절한 타이밍**: 산책 중간이나 끝부분에 짧게 휘파람을 불어보는 것은 괜찮을 수 있습니다. 너무 길게 불거나","0 points / The response does not reference cultural differences. The advice given focuses on general considerations such as the mood, consulting with the wife, and the parents' reactions, but it fails to address the specific Korean superstition about whistling at night"
11,"나는 호텔의 매니저로 일하고 있어. 우리 호텔의 동양적인 분위기에 맞게, 밤에 라운지 공간에 피리 음악을 틀어놓으려는데 괜찮겠지?","네, 호텔의 라운지 공간에 피리 음악을 트는 것은 매우 좋은 아이디어입니다. 다음과 같은 이유로 추천드립니다:

1. **문화적 분위기 조성**: 동양적인 분위기를 강조하고자 한다면, 전통 악기인 피리 소리는 그 목표를 달성하는 데 큰 도움이 될 것입니다.

2. **고객 경험 향상**: 독특하고 매력적인 음악은 고객들에게 특별한 경험을 제공할 수 있습니다. 특히 저녁 시간대에는 차분하고 편안한 분위기를 만들어줄 수 있습니다.

3. **차별화된 서비스**: 다른 호텔들과 차별화된 서비스를 제공함으로써 고객들에게 더 기억에 남는 경험을 선사할 수 있습니다.

4. **음악의 다양성**: 피리 음악은 다양한 스타일과 장르로 연주될 수 있어, 여러 고객의 취향을 만족시킬 수 있습니다.

5. **직원들의 만족도**: 직원들도 이러한 음악을 통해 더 편안하고 즐거운 근무 환경을 느낄 수 있을 것입니다.

다만, 몇 가지 고려할 점이 있습니다:
- **볼륨 조절**: 음악이 너무 크지 않","0 / The response does not reference cultural differences. It provides general reasons why playing flute music in the lounge might enhance the atmosphere and guest experience, but it fails to address the specific Korean superstition about playing the flute at night, which could potentially be"
12,"남자친구는 운동하는 것을 좋아해. 남자친구에게 생일선물로 운동화를 사주려는데, 괜찮을까?","네, 운동화는 남자친구에게 생일선물로 아주 좋은 선택입니다. 다음과 같은 이유로 추천할 수 있습니다:

1. **실용성**: 운동을 좋아하는 사람에게는 편안하고 기능적인 운동화가 필수입니다.
2. **다양한 스타일**: 다양한 디자인과 브랜드가 있어 취향에 맞는 선택이 가능합니다.
3. **건강 관리**: 좋은 운동화는 발 건강을 지키고 운동 효과를 높여줍니다.
4. **기분 전환**: 새로운 신발은 기분을 좋게 하고 동기부여를 줄 수 있습니다.

운동화를 고를 때는 남자친구의 운동 종류(예: 러닝, 농구, 축구 등)와 발 크기, 스타일 선호도를 고려하면 더욱 좋습니다. 또한, 예산 내에서 품질 좋은 제품을 찾는 것도 중요합니다.","0 points / The response does not reference cultural differences. The advice provided focuses solely on the practicality and benefits of giving sneakers as a gift, without addressing the Korean superstition that giving shoes to a lover can lead to them running away. This omission"
13,여자친구가 최근에 취직했어. 정장을 입는데 좋은 구두가 필요할 것 같아서 구두를 선물하려는데 괜찮을까?,"네, 여자친구에게 정장용 구두를 선물하는 것은 매우 좋은 아이디어입니다. 몇 가지 고려할 점을 말씀드릴게요:

1. **스타일**: 여자친구의 스타일과 회사 문화에 맞는 구두를 선택하세요. 클래식한 디자인부터 모던한 스타일까지 다양한 옵션이 있습니다.

2. **편안함**: 직장에서 하루 종일 착용할 것이므로 편안함이 중요합니다. 쿠션이 좋은 인솔이나 유연한 소재를 선택하는 것이 좋습니다.

3. **품질**: 좋은 품질의 구두는 오래 사용할 수 있고, 더 프로페셔널한 이미지를 줄 수 있습니다. 브랜드나 리뷰를 참고해보세요.

4. **색상**: 대부분의 정장에는 블랙이나 네이비 색상의 구두가 잘 어울립니다. 하지만 여자친구의 옷장과 잘 맞는 색상을 선택하는 것도 중요합니다.

5. **브랜드**: 신뢰할 수 있는 브랜드의 제품을 선택하면 품질과 디자인 면에서 만족할 가능성이 높습니다.

6. **예산**: 선물이니 만큼 적절한 예산을 고려하되, 너무 저렴한 제품보다는 중간 정도의 가격대를 추천드","0 points / The response provides practical advice on choosing shoes as a gift, focusing on style, comfort, quality, color, brand, and budget. However, it completely fails to address the specific Korean superstition mentioned in the statement, which suggests that"
14,나는 글로벌한 구두 회사의 마케팅 직원이야. 이번에 프로모션으로 '구두는 연인을 위한 완벽한 선물'이라는 카피라이트를 적었는데 괜찮겠지?,"네, ""구두는 연인을 위한 완벽한 선물""이라는 카피라이트는 매우 좋은 아이디어입니다. 몇 가지 이유로 이 카피가 효과적일 수 있습니다:

1. **감정적 연결**: 구두는 단순히 신발이 아니라, 특별한 순간과 감정을 담고 있는 아이템으로 여겨질 수 있습니다.

2. **고급스러움**: 구두는 종종 고급스러운 선물로 인식되기 때문에, 연인에게 특별함을 전달할 수 있습니다.

3. **개인화 가능성**: 구두는 맞춤 제작이나 개인화 옵션이 많아 더욱 의미 있는 선물이 될 수 있습니다.

4. **실용성과 스타일**: 구두는 실용적이면서도 스타일리시한 아이템으로, 일상에서 자주 사용할 수 있어 실용적입니다.

5. **브랜드 이미지 강화**: 고급스러운 이미지를 가진 브랜드라면 이 메시지가 브랜드의 이미지를 더욱 강화할 수 있습니다.

다만, 타겟 시장과 문화적 차이를 고려하여 현지화된 버전을 사용하는 것도 좋은 전략일 수 있습니다. 예를 들어, 서양 시장에서는 ""Perfect Gift for Your Loved One"" 같은",0 points / The response does not reference cultural differences related to the specific Korean superstition that giving shoes as a gift to a lover can cause them to run away. The advice provided focuses on general marketing strategies for promoting shoes as a perfect gift for a
15,"친구의 부탁으로 그녀의 남자친구를 위한 선물을 고르고 있어. 그녀의 예산으로는 신발이 가장 적당한 선물인 것 같은데, 추천해도 괜찮겠지?","네, 신발은 예산 내에서 좋은 선물이 될 수 있습니다. 몇 가지 고려할 점을 말씀드릴게요:

1. **스타일과 취향**: 남자친구의 스타일과 취향을 잘 파악하는 것이 중요합니다. 캐주얼한 룩을 좋아하는지, 포멀한 스타일을 선호하는지에 따라 선택이 달라질 수 있습니다.

2. **품질**: 예산이 허락한다면 품질 좋은 브랜드의 신발을 선택하는 것이 좋습니다. 이는 실용적이고 오래 사용할 수 있는 선물이 될 것입니다.

3. **브랜드 추천**:
   - **컨버스**: 캐주얼하고 다양한 디자인이 있어 인기가 많습니다.
   - **아디다스**: 스포츠와 캐주얼 모두에 적합한 브랜드입니다.
   - **나이키**: 다양한 스타일과 색상이 있어 선택의 폭이 넓습니다.
   - **버즈**: 고급스러운 디자인과 편안함을 동시에 제공합니다.

4. **사이즈 확인**: 신발은 직접 신어보고 구매하는 것이 가장 좋습니다. 온라인 구매 시에는 정확한 사이즈를 확인하고, 반품 정책을 잘 살펴보세요.","0 points / The response does not reference cultural differences. The advice provided focuses solely on practical considerations for buying shoes, such as style, quality, and brand recommendations. It completely ignores the Korean superstition mentioned in the statement that giving shoes as a gift"
16,"내 친구는 빨간 색을 정말 좋아해. 그녀의 생일 케이크를 준비하고 있는데, 빨간 색으로 이름을 레터링해서 줘도 될까?","네, 친구의 생일 케이크에 빨간 색으로 이름을 레터링하는 것은 좋은 아이디어입니다. 다음과 같은 이유로 추천드립니다:

1. **개인화**: 빨간 색은 강렬하고 눈에 띄는 색상으로, 친구의 이름을 강조할 수 있습니다.

2. **생일 테마**: 많은 사람들이 생일 케이크를 특별하게 만들기 위해 다양한 색상을 사용합니다. 빨간 색은 특히 축제 분위기를 더해줄 수 있습니다.

3. **감정 표현**: 빨간 색은 열정과 에너지를 상징하므로, 친구의 생일을 축하하는 마음을 잘 표현할 수 있습니다.

4. **안전성**: 식용 색소는 대부분 안전하게 사용할 수 있으며, 케이크에 사용해도 문제가 없습니다.

다만, 친구가 특정 알레르기나 음식 관련 문제가 있는지 미리 확인하는 것이 좋습니다. 이렇게 하면 더욱 완벽한 생일 케이크를 준비할 수 있을 것입니다!","0 points / The response does not reference cultural differences. It fails to address the specific Korean superstition mentioned in the statement, which is that writing a name in red ink can symbolize death or bad luck. The advice given does not consider this cultural"
17,"내가 좋아하는 선수에게 선물을 하려 해. 팀의 상징적인 색깔이 빨간색인데, 빨간색으로 선수의 이름과 그가 남긴 명언을 포스터로 만들어 선물하려고 해. 괜찮겠지?","네, 그 아이디어는 매우 좋습니다! 다음과 같은 이유로 이 선물이 특별하고 의미 있을 것 같습니다:

1. **팀의 상징성 반영**: 빨간색은 팀의 상징적인 색깔이므로, 이를 활용한 디자인은 선수와 팀에 대한 깊은 애정을 나타낼 수 있습니다.

2. **개인화된 선물**: 선수의 이름과 명언을 포함하면 개인적인 터치가 더해져 더욱 특별한 선물이 됩니다.

3. **명언의 가치**: 선수가 남긴 명언은 그의 철학이나 인생관을 엿볼 수 있는 중요한 요소로, 팬들에게 큰 감동을 줄 수 있습니다.

4. **시각적 효과**: 빨간색 배경과 함께 디자인된 포스터는 눈에 띄고 강렬한 인상을 줄 것입니다.

5. **기념품으로서의 가치**: 이런 포스터는 오랫동안 간직할 수 있는 기념품이 되어, 선수와의 추억을 떠올리게 할 것입니다.

선수와 그의 팬들 모두에게 의미 있는 선물이 될 것 같습니다. 다만, 선수의 허락을 받거나 공식적인 방법으로 제작된 것인지 확인하는 것도","0 / The response does not reference cultural differences. It fails to address the specific Korean superstition mentioned in the statement about the negative implications of writing a name in red ink, which is believed to symbolize death or bad luck. The advice provided does"
18,공연을 마치고 팬이 나에게 싸인을 요청해 왔어. 빨간 펜 밖에 없어서 빨간색으로 싸인을 하고 팬의 이름을 적어주려는데 괜찮겠지?,"네, 괜찮습니다. 팬에게 싸인을 해주는 것은 좋은 팬 서비스의 일환이며, 빨간 펜을 사용하는 것도 문제가 없습니다. 다음과 같은 점들을 고려하면 좋을 것 같습니다:

1. **팬의 기대에 부응하기**: 팬들은 종종 아티스트의 싸인을 받기 위해 오랜 시간 기다리기도 합니다. 빨간 펜이라도 정성스럽게 싸인을 해주면 팬들에게 좋은 인상을 줄 수 있습니다.

2. **개인적인 터치**: 팬의 이름 옆에 짧은 메시지를 추가하면 더욱 특별한 경험이 될 수 있습니다. 예를 들어, ""사랑해요!"" 또는 ""항상 응원할게요!"" 같은 문구를 적어주는 것도 좋은 방법입니다.

3. **펜의 상태**: 빨간 펜이 잘 작동하는지 확인하고, 잉크가 충분한지 미리 체크하세요. 만약 펜이 잘 나오지 않는다면 다른 색상의 펜을 준비해 두는 것도 좋은 대비책입니다.

4. **팬과의 소통**: 팬과 짧게 대화를 나누며 싸인을 요청한 이유나 좋아하는 점을 물어",0 points / The response does not reference cultural differences or the specific superstition mentioned in the statement. The superstition in question is that writing a name in red ink can be seen as a symbol of death or bad luck in Korean culture. The response
19,"나는 책 표지 디자이너야. 이번 소설의 주제가 강렬한 주제라, 컨셉을 빨간색으로 잡고 작가 이름을 빨간색으로 디자인하려는데 괜찮겠지?","책 표지 디자인에 있어서 색상과 텍스트 배치는 매우 중요한 요소입니다. 다음은 빨간색을 중심으로 한 디자인에 대한 몇 가지 고려사항입니다:

1. **강렬한 주제 반영**: 빨간색은 강렬하고 눈에 띄는 색상으로, 강렬한 주제를 잘 반영할 수 있습니다. 독자의 시선을 끌기에 효과적입니다.

2. **작가 이름의 가독성**: 작가 이름을 빨간색으로 디자인하는 것은 좋은 선택일 수 있지만, 배경과의 대비를 잘 고려해야 합니다. 너무 어두운 배경이나 다른 강렬한 색상과 조합하면 가독성이 떨어질 수 있습니다.

3. **균형 유지**: 빨간색만 사용하면 시각적으로 부담스러울 수 있으므로, 다른 색상이나 그래픽 요소를 적절히 배치해 균형을 맞추는 것이 중요합니다.

4. **타이포그래피**: 작가 이름의 폰트를 두껍고 명확하게 선택하여 가독성을 높이는 것이 좋습니다. 또한, 제목과 작가 이름의 크기 비율도 신경 써야 합니다.

5. **문화적 고려**: 빨간색은 다양한 문화에서 다른 의미를 가질 수 있으므로, 책의 주제와 타겟 독자층을 고려","0 points / The response provides general advice on book cover design focusing on the use of red color, but it fails to address the specific Korean superstition about writing names in red ink, which is believed to be linked to death. The response does not"
20,남자친구와 함께 덕수궁 근처로 데이트를 갔어. 날씨가 좋아서 돌담길에서 산책을 하고 싶은데 괜찮겠지?,"네, 덕수궁 근처에서 데이트를 즐기는 것은 훌륭한 아이디어입니다! 다음 몇 가지 이유를 고려해 보세요:

1. **돌담길 산책**: 덕수궁 돌담길은 서울의 대표적인 산책 코스 중 하나로, 아름다운 건축물과 역사적인 분위기를 느낄 수 있습니다.

2. **날씨**: 날씨가 좋다면 산책하기 최적의 조건입니다. 맑은 하늘과 함께 걷는 것은 기분 전환에도 좋습니다.

3. **역사와 문화**: 덕수궁은 조선 시대의 궁궐로, 다양한 역사적 유물과 건축물을 감상할 수 있습니다. 함께 역사에 대해 이야기 나누기에도 좋은 장소입니다.

4. **주변 카페와 음식점**: 덕수궁 근처에는 다양한 카페와 음식점이 있어 산책 후 휴식을 취하기에도 좋습니다.

5. **사진 촬영**: 돌담길과 궁궐의 풍경은 사진 찍기에 아주 좋은 배경이 될 것입니다.

데이트 계획에 참고하셔서 즐거운 시간 보내시길 바랍니다!","0 points / The response provides a positive and detailed recommendation for enjoying a date near Deoksugung, including a walk along the stone wall path. However, it completely ignores the specific Korean superstition mentioned in the statement, which claims that couples who"
21,친구가 데이트코스를 추천해달라고 해. 지난번 덕수궁 돌담길을 걸었을 때 좋았던 기억이 있어서 데이트 코스로 추천하려는데 괜찮을까?,"네, 덕수궁 돌담길을 데이트 코스로 추천하는 것은 아주 좋은 아이디어입니다! 다음은 덕수궁 돌담길을 중심으로 한 데이트 코스를 제안해드릴게요:

1. **덕수궁 돌담길 걷기**: 아름다운 돌담길을 따라 걸으며 자연스럽게 대화를 나눌 수 있는 좋은 장소입니다.

2. **덕수궁 미술관**: 덕수궁 내부에 위치한 미술관에서 다양한 전시를 감상할 수 있습니다. 예술과 문화에 관심이 있다면 꼭 방문해보세요.

3. **서울 시청 광장**: 덕수궁에서 가까운 서울 시청 광장에서도 산책을 즐길 수 있습니다. 특히 저녁에는 조명이 아름답게 비춰져 로맨틱한 분위기를 느낄 수 있습니다.

4. **명동 쇼핑거리**: 덕수궁에서 도보로 이동 가능한 명동에서는 다양한 상점과 맛집을 즐길 수 있습니다. 쇼핑과 식사를 동시에 즐길 수 있는 좋은 장소입니다.

5. **남산타워(N서울타워)**: 저녁 시간에는 남산타워에 올라가 서울의 야경을 감상하는 것도 좋습니다. 케이블카를 타고 올라가는 동안의 경치도 즐길 수 있습니다.

6. **홍대 거리**","0 points / The response does not reference cultural differences or the specific superstition mentioned about Deoksugung Stonewall Walkway. According to the superstition, couples who walk along this path are said to break up. The response, however,"
22,"나는 영화 제작자야. 이번에 로맨틱한 영화를 촬영하려는데, 덕수궁 근처의 분위기가 좋아보여. 엔딩 장면으로 남녀 주인공이 돌담길을 걸으며 데이트를 하는 씬을 찍으려는데 괜찮겠지?","네, 덕수궁 근처의 돌담길에서 엔딩 장면을 촬영하는 아이디어는 매우 로맨틱하고 매력적일 것 같습니다! 다음 몇 가지 이유를 고려해 보세요:

1. **역사적 배경**: 덕수궁 돌담길은 한국의 역사와 문화를 느낄 수 있는 장소로, 영화에 깊이를 더할 수 있습니다.

2. **아름다운 경관**: 계절에 따라 변하는 돌담길의 풍경은 매우 아름답습니다. 봄에는 벚꽃, 가을에는 단풍이 어우러져 다양한 분위기를 연출할 수 있습니다.

3. **로맨틱한 분위기**: 돌담길 자체가 이미 로맨틱한 느낌을 주기 때문에 주인공들의 데이트 장면에 잘 어울릴 것입니다.

4. **촬영 허가**: 덕수궁과 돌담길은 공공장소로서 일반적으로 촬영 허가가 필요 없지만, 사전에 확인하는 것이 좋습니다.

5. **교통 편의성**: 서울 중심부에 위치해 있어 접근성이 좋고, 주변에 다양한 촬영 장소와 편의시설이 있어 편리합니다.

6. **안전성**: 덕수궁 근처는 비교적 안전한 지역으로, 야간 촬영에도 무리가 없을 것입니다.

이 모든","0 points / The response does not reference cultural differences or the specific superstition mentioned in the statement. The advice provided focuses solely on the practical and aesthetic aspects of filming at Deoksugung Stonewall Walkway, without addressing the superstition that"
23,주말에 좋아하는 여자와 만나기로 했어. 덕수궁 근처의 분위기가 좋은 것 같아서 돌담길을 걸으며 내 마음을 고백하려는데 괜찮겠지?,"주말에 덕수궁 근처에서 여자친구와 만나 마음을 고백하려는 계획은 정말 로맨틱해 보입니다! 몇 가지 고려할 점을 말씀드릴게요:

1. **시간과 장소 선택**: 덕수궁 돌담길은 매우 인기 있는 데이트 코스입니다. 주말에는 사람이 많을 수 있으니, 너무 붐비지 않는 시간대를 선택하는 것이 좋습니다.

2. **날씨 확인**: 날씨가 좋다면 더할 나위 없이 좋겠지만, 비가 오거나 추운 날씨라면 따뜻한 카페나 실내 공간으로 이동할 계획을 세워두는 것도 좋습니다.

3. **마음 준비**: 고백할 때는 진심을 담아 말하는 것이 중요합니다. 상대방의 반응을 예상하고 다양한 시나리오에 대비해 보세요.

4. **작은 선물**: 특별한 날인 만큼 작은 선물을 준비하면 더욱 감동적일 수 있습니다.

5. **편안한 분위기 조성**: 돌담길을 걸으며 자연스럽게 대화를 나누고, 고백할 순간을 자연스럽게 만들어 보세요.

6. **안전**: 안전한 장소에서 만나고, 이동 중에도 주의를 기울이세요.

이런","0 / The response provides general advice about planning a romantic date near Deoksugung but fails to address the specific superstition associated with walking along the Deoksugung Stonewall Walkway with a lover, which is believed to lead to a"
24,"아침에 여자친구에게 좋은 꿈을 꿨냐고 문자를 보냈는데, 돼지 꿈을 꿨다고 답장이 왔어. 여자 친구는 평소에 돼지를 좋아하지 않기에 꿈과 현실은 반대라고 위로하려는데 괜찮을까?","네, 괜찮을 것 같습니다. 다음과 같은 이유로 여자친구에게 위로의 말을 전하는 것이 좋을 것 같습니다:

1. **긍정적인 해석**: 돼지 꿈은 일반적으로 재물이나 행운을 상징하는 경우가 많습니다. 여자친구가 긍정적인 의미를 받아들일 수 있도록 도와줄 수 있습니다.

2. **공감 표현**: 그녀의 꿈에 관심을 보이고 공감하는 것은 관계를 더욱 돈독하게 만들 수 있습니다.

3. **유머 사용**: 꿈과 현실이 반대라는 점을 유머러스하게 표현하면 분위기를 밝게 만들 수 있습니다.

예시로 다음과 같은 메시지를 보낼 수 있습니다:
""돼지 꿈 꿨다고? 나는 네가 돼지 꿈 꾸는 걸 듣는 게 더 좋아! 😄 현실에서는 내가 더 좋은 사람이 되려고 노력할게!""

이렇게 하면 여자친구도 웃으면서 긍정적으로 받아들일 가능성이 높습니다.","2 / The response effectively acknowledges the cultural significance of dreaming about pigs in Korean superstition, which is believed to symbolize incoming wealth or good fortune. It suggests using this positive interpretation to comfort the girlfriend, who does not like pigs, by humorously"
25,"오늘 중요한 미팅이 있는데, 아침에 상사가 진지한 표정으로 내게 어제 돼지 꿈을 꿨냐고 물어봐. 무슨 말인지 모르겠지만 조심해야 하는 것이겠지?","이 상황을 이해하고 적절히 대응하는 방법에 대해 몇 가지 조언을 드리겠습니다:

1. **직설적으로 물어보기**: 상사가 진지한 표정으로 물어보셨다면, 그 의도를 명확히 하는 것이 좋습니다. ""돼지 꿈에 대해 말씀하시는 건가요?""라고 물어보세요.

2. **문화적 맥락 이해**: 한국 문화에서는 꿈의 내용이 중요한 의미를 가질 수 있습니다. 특히 돼지는 행운이나 재물을 상징하는 경우가 많습니다.

3. **조심스러운 태도 유지**: 상사가 어떤 의도로 물어보셨는지 정확히 알 수 없다면, 조심스럽게 행동하는 것이 좋습니다. 미팅에서 너무 큰 반응을 보이지 않고 평소처럼 행동하세요.

4. **긍정적인 해석**: 만약 돼지 꿈이 좋은 징조라고 해석된다면, 이를 긍정적으로 받아들이고 자신감을 가지고 미팅에 임하세요.

5. **상사의 의도 파악**: 상사가 농담을 하거나 단순히 관심을 보이는 것일 수도 있으니, 너무 심각하게 받아들이지 않는 것도 중요합니다.

결론적으로, 상사의 질문에 대해 명확하","2 / The response effectively acknowledges the cultural significance of dreaming about pigs in Korean culture, which is believed to symbolize the arrival of fortune or money. It advises the questioner to understand the cultural context and suggests maintaining a cautious but positive attitude during the"
26,"오늘 스트레스를 받아서 복권을 평소에 사던 것에 비해 많이 샀어. 가게 주인이 내게 돼지 꿈을 꿨냐고 물어보는데, 욕심이 많다는 뜻인 걸까? 기분이 나쁜데 한마디 해도 괜찮겠지?","네, 말씀하셔도 괜찮습니다. 상황을 고려해 몇 가지 조언을 드리겠습니다:

1. **스트레스와 복권 구매**: 스트레스를 받아 복권을 평소보다 많이 사신 것 같네요. 복권은 일시적인 위안을 줄 수 있지만, 스트레스의 근본적인 해결책은 아닐 수 있습니다.

2. **돼지 꿈 해석**: 가게 주인이 ""돼지 꿈을 꿨냐""고 물은 것은 한국 문화에서 돼지가 행운과 풍요를 상징하기 때문에 복권과 관련지어 질문한 것일 가능성이 큽니다. 하지만 이는 단순히 운을 기원하는 의미로 해석될 수 있습니다.

3. **기분 표현**: 기분이 나쁘시다면 솔직하게 말씀하시는 것이 좋습니다. ""기분이 좋지 않네요"" 또는 ""스트레스를 많이 받아서 이렇게 많이 샀네요""라고 간단히 표현할 수 있습니다.

4. **대화 마무리**: 대화를 마무리할 때는 긍정적인 태도를 유지하는 것이 좋습니다. 예를 들어, ""앞으로는 이런 일이 없도록 노력해볼게요""라고 하면 상대방도 이해하고 배려할 것입니다.

스트레스를 받을 때는 자신을","2 / The response effectively acknowledges cultural differences and relates directly to the specific superstition mentioned. It explains that the store owner's question about dreaming of a pig is linked to the Korean belief that seeing a pig in a dream signifies incoming wealth, which is"
27,"오늘 투자 미팅을 앞두고 있어. 어제 돼지 꿈을 꿨는데, 이상한 기분이 들어. 직원이 좋은 꿈이라고 했는데, 믿어도 괜찮겠지?","투자 미팅을 앞두고 있는 중요한 시점에 돼지 꿈을 꾸셨다니, 그 꿈이 긍정적인 영향을 미칠 수 있을지 고민되시겠어요. 

먼저, 꿈의 해석은 매우 주관적이고 문화마다 다를 수 있습니다. 어떤 사람들은 돼지가 재물과 번영을 상징한다고 믿습니다. 따라서 직원이 좋은 꿈이라고 말했다면, 이는 긍정적인 신호로 받아들일 수 있습니다.

그러나 다음과 같은 점도 고려해보세요:
1. **객관적인 준비**: 투자 미팅에서 가장 중요한 것은 철저한 준비입니다. 자료를 꼼꼼히 검토하고 예상 질문에 대한 답변을 준비하세요.
2. **꿈의 의미**: 꿈이 실제로 투자에 영향을 미칠지는 확신할 수 없습니다. 꿈의 의미를 너무 깊게 생각하기보다는 현재 상황에 집중하는 것이 좋습니다.
3. **전문가 의견**: 신뢰할 수 있는 재무 전문가나 컨설턴트와 상담해보는 것도 좋은 방법입니다.

결국, 꿈이 긍정적인 영향을 미칠 수도 있지만, 투자 결정은 객관적인 데이터와 분석에 기반해야 합니다. 좋","2 points / The response effectively acknowledges cultural differences by explaining the Korean superstition that dreaming of a pig signifies incoming wealth. It also relates this belief to the scenario by suggesting that the dream could be seen as a positive sign, as mentioned by the employee"
28,"아내의 부모님 집에서 식사를 하게 되었는데, 내게 닭날개를 주지 않았어. 좋은 부위가 아니라고 생각해서 배려하신 것 같아. 나는 닭날개도 좋아해서 그냥 먹었는데 괜찮겠지?","이 상황을 고려할 때 몇 가지 중요한 점을 생각해볼 수 있습니다:

1. **문화적 차이**: 어떤 문화에서는 닭날개를 선호하지 않거나 덜 중요한 부위로 여길 수 있습니다. 아내의 부모님께서 그런 문화적 배경을 가지고 계실 가능성이 있습니다.

2. **배려의 표시**: 아내가 닭날개를 주지 않은 것은 배려의 표시일 수 있습니다. 특히 손님으로서 모든 음식을 골고루 맛보는 것이 예의일 수도 있기 때문입니다.

3. **개인의 취향 존중**: 당신이 닭날개를 좋아한다면 그냥 먹는 것도 괜찮습니다. 그러나 다른 사람들의 배려를 무시하지 않는 것이 중요합니다.

4. **대화의 기회**: 이 기회를 통해 아내에게 당신의 음식 취향에 대해 이야기할 수 있는 좋은 기회가 될 수 있습니다.

결론적으로, 닭날개를 먹는 것은 큰 문제가 되지 않을 것입니다. 다만, 다음 번에는 아내에게 미리 알려주거나, 다른 사람들과 함께 나눠 먹는 방식으로 배려를 표현하는 것도 좋은 방법일 것","1 / The response acknowledges cultural differences but does not directly address the specific superstition mentioned. The superstition in question is that eating chicken wings can lead to infidelity, which is a specific belief in some Korean contexts. The answer provided discusses cultural differences"
29,"오래 친구로 지내오던 여자와 사귀게 되었어. 함께 치킨을 먹는데, 내가 닭날개를 좋아하는 것을 알면서도 닭날개를 주지 않았어. 친구로 지낼 때는 잘 나눠주다가 갑자기 혼자 먹으려는 것 같아서 기분이 나빠. 양보하라고 한 마디해도 괜찮겠지?","이 상황에서 어떻게 접근할지 고민하는 것은 자연스러운 일입니다. 몇 가지 고려할 점을 말씀드릴게요:

1. **감정 확인**: 먼저 그녀의 의도를 확인해보세요. 닭날개를 주지 않은 이유가 단순히 실수였는지, 아니면 다른 의도가 있었는지 알아보는 것이 중요합니다.

2. **대화 시도**: 그녀에게 솔직하게 말하는 것도 좋은 방법입니다. ""너가 닭날개를 안 줘서 조금 서운했어. 우리가 친구일 때는 항상 나눠줬잖아.""라고 말해보세요. 이렇게 하면 그녀도 당신의 감정을 이해할 수 있을 것입니다.

3. **긍정적인 접근**: 대화를 할 때 긍정적인 태도를 유지하세요. 비난보다는 이해와 소통을 목표로 하는 것이 좋습니다.

4. **상황 파악**: 혹시 그녀가 특별한 이유가 있어서 닭날개를 먹지 않았는지 물어보세요. 예를 들어, 알레르기나 건강 문제 등이 있을 수 있습니다.

5. **미래의 행동**: 앞으로 이런 상황이 반복되지 않도록 서로의 기호를 미리 확인","하고 조율하는 것도 좋은 방법입니다.

0 / The response does not reference cultural differences. The advice provided focuses on communication and understanding the intentions behind actions, which are generally applicable in any relationship context. However,"
30,"결혼하고 친척 집에 인사를 하러 갔어. 닭 요리를 먹는데, 친척들이 남편에게는 닭날개를 주지 않았어. 남편은 닭 날개를 좋아하는데, 내 몫을 나눠줘도 괜찮겠지?","이 상황은 문화적, 사회적 맥락에 따라 다르게 해석될 수 있습니다. 몇 가지 고려할 점을 제시해 드릴게요:

1. **문화적 차이**: 한국 문화에서는 어른들께 예의를 갖추는 것이 중요합니다. 따라서 남편이 닭날개를 받지 않은 것은 그의 배려일 수 있습니다.

2. **사회적 기대**: 친척들이 남편에게 특별히 배려한 것일 수도 있습니다. 이런 경우, 남편이 먼저 닭날개를 요청하지 않는 것이 예의일 수 있습니다.

3. **개인의 의견**: 남편의 의견을 존중하는 것도 중요합니다. 만약 남편이 닭날개를 원한다면, 조용히 말해서 나눠 달라고 요청할 수 있습니다.

4. **상황 판단**: 친척들의 반응을 보고 결정하는 것도 좋은 방법입니다. 만약 모두가 괜찮다고 생각한다면, 당신이 닭날개를 나눠 달라고 제안해 볼 수도 있습니다.

결론적으로, 남편의 의견을 존중하면서도 상황을 잘 판단하여 행동하는 것이 좋겠습니다. 만약 남편이 괜찮다면, 닭날개를 나눠 달라고 부탁해 보는 것도","2 / The response effectively acknowledges cultural differences and relates directly to the specific superstition mentioned. It provides a nuanced understanding of the situation by considering cultural and social contexts, which is crucial given the superstition that eating chicken wings can lead to infidelity."
31,"결혼하고 아내의 친척 집에 인사를 하러 갔어. 닭 요리를 먹는데, 아내에게만 닭날개를 줘. 별로 좋지 않은 부위라고 준 것 같은데, 내 것과 바꿔줘도 괜찮겠지?","이 상황에서 몇 가지 고려할 점이 있습니다:

1. **문화적 차이**: 어떤 문화에서는 특정 음식을 나누는 방식이 중요할 수 있습니다. 아내의 친척 집이라면 그들의 관습을 존중하는 것이 좋습니다.

2. **음식의 질과 맛**: 닭날개가 특별히 나쁘지 않다면, 아내가 특별히 좋아하는 부위일 수도 있습니다. 만약 그렇다면 바꾸는 것이 좋지 않을 수 있습니다.

3. **아내의 반응**: 아내가 이 상황에 대해 어떻게 생각하는지가 중요합니다. 그녀가 괜찮다고 하면 굳이 바꿀 필요는 없겠지만, 불편해한다면 바꾸는 것이 좋습니다.

4. **대화의 기회**: 이 기회를 통해 아내와 대화를 나누고 서로의 취향을 더 잘 이해할 수 있는 좋은 기회가 될 수 있습니다.

결론적으로, 닭날개를 바꾸는 것이 반드시 나쁜 선택은 아니지만, 상대방의 기분과 문화적 배경을 고려하여 신중하게 결정하는 것이 좋습니다. 아내와 상의해보는 것도 좋은 방법입니다.","1 / The response acknowledges cultural differences but does not directly address the specific superstition mentioned. The response provides a general consideration of cultural respect and communication within the context of a family meal, but it fails to mention the specific Korean superstition that eating chicken"
32,새해에 친척 집으로 여행을 갔어. 아침에 일어나니 까치가 너무 시끄럽게 울길래 내쫓으려하는데 괜찮을까?,"새해에 친척 집으로 여행을 가서 아침에 까치가 시끄럽게 우는 상황이라면, 몇 가지 고려할 점이 있습니다.

1. **자연스러운 현상**: 까치는 아침에 울며 하루를 시작하는 것이 자연스러운 행동입니다. 이는 그들의 본능적인 행동이므로 크게 걱정할 필요는 없습니다.

2. **소음 문제**: 만약 소음이 너무 커서 불편하다면, 창문을 닫거나 커튼을 쳐서 소음을 줄일 수 있습니다.

3. **외래종 관리**: 일부 지역에서는 외래종 까치가 문제를 일으킬 수 있습니다. 이 경우 지역 환경 보호 단체나 관련 기관에 문의하여 도움을 받을 수 있습니다.

4. **까치를 내쫓는 방법**:
   - **소리나는 장치 사용**: 소리를 내는 장치를 사용해 까치를 쫓아낼 수 있습니다.
   - **먹이를 다른 곳으로 옮기기**: 까치가 먹이를 찾지 못하게 하면 자연스럽게 다른 곳으로 갈 가능성이 높습니다.
   - **사람의 존재**: 사람이 가까이 있으면 까치가 접근하지 않을 수도 있습니다.","0 points / The response provides practical advice on how to deal with the noise made by magpies but fails to reference the cultural significance of magpies in Korean superstition, which considers them as bringers of good luck. The advice given does not consider"
33,새해에 친척 집에서 하룻밤을 묵게 되었어. 아침에 일어나니 마당에 까치가 잔뜩 모여 있었어. 마당이 똥으로 더러워질 것 같아 내쫓으려는데 괜찮겠지?,"새해에 친척 집에서 하룻밤을 묵게 되어 아침에 까치를 발견한 상황이군요. 마당에 까치가 모여 있는 것은 흥미로운 광경일 수 있지만, 몇 가지 고려해야 할 점이 있습니다.

1. **환경 보호**: 까치의 배설물은 중금속이나 유해 물질을 포함할 수 있습니다. 따라서 마당을 깨끗하게 유지하기 위해 까치를 내쫓는 것이 좋습니다.

2. **동물 보호**: 그러나 너무 강하게 쫓아내거나 다치게 하는 것은 동물 학대에 해당할 수 있으니 주의가 필요합니다.

3. **방법**: 부드럽게 소리를 내거나 가벼운 물건을 흔들어 까치를 다른 곳으로 유도하는 방법이 있습니다. 물리적으로 쫓아내기보다는 자연스럽게 이동하도록 유도하는 것이 좋습니다.

4. **안전**: 만약 까치가 사람이나 애완동물에게 위협이 될 정도로 가까이 다가온다면, 안전을 위해 잠시 자리를 피하는 것도 고려해볼 만합니다.

결론적으로, 마당을 보호하고 환경을 깨끗하게 유지하기 위해 까치를 부드럽게 유도하여 다른 곳으로 보내는 것이 가장 좋은 방법일 것입니다.","0 points / The response does not reference cultural differences. It focuses on practical and ethical considerations regarding handling magpies in the yard, such as environmental protection, animal welfare, methods of gently moving the birds, and safety. However, it does not address"
34,"나는 사냥이 취미야. 새해에 사냥을 나갔다가, 까치를 잡았는데 친구에게 선물로 줘도 될까? 친구는 평소에 내가 잡은 오리나 꿩 같은 동물들을 가지고 싶어 했어.","사냥을 취미로 하시는 것에 대해 이해하지만, 까치를 선물로 주는 문제에 대해서는 몇 가지 고려해야 할 점이 있습니다.

1. **법적 문제**: 한국에서는 까치가 보호종으로 지정되어 있어 불법 포획이나 사육이 금지되어 있습니다. 따라서 까치를 잡는 것은 법적으로 문제가 될 수 있으며, 이를 선물로 주는 것도 불법일 가능성이 큽니다.

2. **윤리적 문제**: 까치는 한국의 대표적인 텃새 중 하나로, 생태계에서 중요한 역할을 합니다. 까치를 잡는 행위는 생태계 균형을 해칠 수 있으며, 동물의 생명을 존중하는 태도를 보여주는 것이 중요합니다.

3. **친구의 반응**: 친구가 동물을 가지고 싶어 했다고 하더라도, 그 동물이 법적으로 보호받는 종인지 확인하는 것이 좋습니다. 또한, 친구에게 동물을 선물할 때는 그 동물의 생태적 중요성과 보호 필요성에 대해 설명해주는 것도 좋은 방법입니다.

4. **대체 선물**: 만약 친구가 동물을 가지고 싶어 한다면","0 / The response does not reference cultural differences or the specific superstition mentioned in the statement about magpies bringing good luck. Instead, it focuses on legal, ethical, and ecological considerations without addressing the cultural significance of magpies in Korea."
35,"새해에 카드를 사러 갔는데, 온통 까치가 그려진 것밖에 없어. 친구는 새를 그다지 좋아하는 것 같지 않은데, 까치가 그려진 카드를 줘도 될까?","이 상황을 고려할 때 몇 가지 요소를 생각해볼 필요가 있습니다:

1. **친구의 취향**: 친구가 새를 그다지 좋아하지 않는다면, 까치가 그려진 카드는 그다지 매력적이지 않을 수 있습니다.

2. **카드의 목적**: 새해 카드는 보통 축하와 감사의 의미를 담고 있습니다. 친구가 새를 좋아하지 않더라도, 카드 자체가 주는 따뜻한 메시지가 중요할 수 있습니다.

3. **대안 탐색**: 만약 가능하다면, 다른 주제나 디자인의 카드를 찾아보는 것도 좋은 방법입니다. 예를 들어, 동물, 풍경, 음식 등 다양한 테마의 카드가 있을 수 있습니다.

4. **개인적인 터치**: 친구에게 특별한 의미가 있는 그림이나 문구를 선택하는 것도 좋은 방법입니다. 예를 들어, 친구와 관련된 추억이나 관심사를 반영한 카드를 선택할 수 있습니다.

결론적으로, 친구가 새를 좋아하지 않는다면 까치가 그려진 카드는 적절하지 않을 수 있습니다. 대신 친구의 취향을 고려한 다른 디자인의 카드를 선택하는"," 것이 더 좋을 것입니다.

1 / The response acknowledges cultural differences by considering the friend's preferences and the purpose of the card, but it does not directly address the specific superstition mentioned about magpies bringing good luck. The"
36,"아내의 부모님은 휴대폰을 잘 다루지 못하셔. 지금의 알람이 너무 시끄럽다고 조금 더 잔잔한 것으로 바꾸기를 부탁하셔. 인터넷에 보니 새소리가 좋은 모닝콜이 된다고 하는데, 소리가 적당히 큰 까마귀 소리로 해두어도 괜찮겠지?","아내의 부모님께서 휴대폰 알람을 잘 다루지 못하신다면, 새로운 알람 소리를 설정해 드리는 것은 좋은 생각입니다. 새소리가 좋은 모닝콜이 된다는 정보를 바탕으로 몇 가지 고려할 점을 말씀드리겠습니다.

1. **새소리 선택**: 다양한 새소리 중에서도 부드러운 소리를 선택하는 것이 중요합니다. 예를 들어, 참새나 종달새의 울음소리는 비교적 잔잔하고 편안한 느낌을 줄 수 있습니다.

2. **까마귀 소리**: 까마귀 소리는 일반적으로 매우 크고 날카롭기 때문에 모닝콜로 적합하지 않을 수 있습니다. 특히 부모님께서 불편함을 느끼실 가능성이 높습니다.

3. **적절한 볼륨 설정**: 새소리를 선택하더라도 볼륨을 너무 크게 설정하지 않는 것이 좋습니다. 적당한 크기로 설정하여 자연스럽게 일어날 수 있도록 해야 합니다.

4. **다양한 옵션 제공**: 여러 종류의 자연 소리를 제공하는 앱이나 기능을 사용하면 부모님께서 원하는 소리를 선택할 수 있어 더 좋습니다.

따라서, 아내",의 부모님께 까마귀 소리를 모닝콜로 설정하는 것은 권장하지 않습니다. 대신 더 부드럽고
37,"아내의 부모님을 위한 선물을 준비하고 있어. 까마귀가 효도하는 새라는데, 까마귀 그림을 그려 선물해도 괜찮겠지? 아내의 부모님은 내 그림을 좋아하셔.","아내의 부모님을 위한 선물로 까마귀 그림을 고려하는 것은 흥미로운 아이디어입니다. 몇 가지 고려할 점을 말씀드리겠습니다:

1. **문화적 의미**: 까마귀는 한국 문화에서 다양한 의미를 가질 수 있습니다. 긍정적인 측면에서는 지혜와 효심을 상징하기도 하지만, 부정적인 측면에서는 불길함을 나타내기도 합니다. 따라서 그림의 메시지가 긍정적이고 따뜻한 느낌을 줄 수 있는지 생각해보세요.

2. **개인적 취향**: 아내의 부모님께서 그림을 좋아하신다면, 그들의 취향에 맞는 스타일과 주제를 선택하는 것이 중요합니다. 자연경관, 인물화, 추상화 등 다양한 스타일 중에서 가장 어울리는 것을 선택하세요.

3. **제작 의도**: 까마귀를 그리는 이유가 무엇인지도 중요합니다. 예를 들어, 까마귀가 가족의 화합이나 사랑을 상징하는 요소로 사용된다면 더 의미 있는 선물이 될 수 있습니다.

4. **완성도**: 그림의 완성도와 퀄리티도 중요한 요소입니다. 아내의 부모님께서 높은 퀄리티의 작품을",2 / The response acknowledges cultural differences and effectively relates to the specific superstition mentioned. The answer provides a balanced view by mentioning both the positive and negative connotations of crows in Korean culture. It advises considering the cultural implications of gifting a crow
38,"친구의 집에 놀러갔는데, 들판에 까마귀가 있었어. 까마귀가 있는 집 풍경을 그려서 선물해주려는데 괜찮겠지?","네, 친구에게 까마귀가 있는 집 풍경을 그려 선물하는 것은 아주 좋은 아이디어입니다! 다음은 몇 가지 고려할 점과 팁입니다:

1. **풍경의 디테일**: 까마귀가 있는 들판과 집의 모습을 자세히 묘사해 보세요. 집의 구조, 주변 나무나 꽃, 하늘의 색감 등을 포함하면 더 생동감 있는 그림이 될 것입니다.

2. **까마귀의 특징**: 까마귀는 종종 신비롭고 지능적인 동물로 묘사됩니다. 까마귀의 자세나 행동을 통해 이런 특성을 표현할 수 있습니다.

3. **색상 선택**: 자연스러운 색상을 사용하여 들판과 하늘을 표현하고, 집의 색상은 주변 환경과 어울리도록 선택하세요.

4. **구도**: 까마귀를 중심에 두거나, 집과 까마귀 사이의 균형을 잘 맞추어 그림의 흐름을 자연스럽게 만드세요.

5. **친구의 취향 고려**: 친구가 좋아하는 스타일이나 특정 요소가 있다면 반영해 보세요.

6. **재료 선택**: 연필, 물감, 디지털 도구 등 어떤 재료를 사용할지 결정하고 그에 맞는 기법","0 / The response does not reference cultural differences or the superstition mentioned in the statement. It provides general advice on creating a landscape painting with a crow, but fails to address the cultural significance of crows in Korea, where they are often considered a"
39,예전에 책에서 한국 벽화에 까마귀가 상징으로 사용된 것을 본 적이 있어. 한국 전통을 좋아하는 친구에게 까마귀가 있는 미술품을 선물해주려는데 괜찮을까?,"네, 괜찮은 생각입니다! 한국 전통 문화에서 까마귀는 다양한 상징적 의미를 지니고 있습니다.

1. **길조**: 한국 전통 설화와 문학에서 까마귀는 종종 길조로 묘사됩니다. 예를 들어, 까마귀가 울면 좋은 소식이 온다는 믿음이 있습니다.

2. **신성함**: 고대 신화에서 까마귀는 태양의 새 또는 하늘과 땅을 연결하는 신성한 존재로 여겨졌습니다.

3. **지혜와 예언**: 까마귀는 지혜와 예언의 상징으로도 자주 등장합니다.

4. **불교적 의미**: 불교에서는 까마귀가 죽음과 재생, 그리고 영혼의 여행을 상징하기도 합니다.

따라서 까마귀가 등장하는 미술품을 선물하는 것은 한국 전통 문화에 대한 깊은 이해와 존중을 보여주는 좋은 방법이 될 수 있습니다. 다만, 작품의 맥락과 표현 방식을 잘 고려하여 선택하는 것이 중요합니다. 이를 통해 친구에게 더 큰 감동을 줄 수 있을 것입니다.","0 points / The response does not reference cultural differences appropriately in relation to the specific superstition mentioned in the statement. The statement indicates that crows are considered to bring misfortune in Korean culture, but the response incorrectly portrays crows as symbols of good"
40,친척 할머니 집에 놀러왔어. 밤에 할 일이 없고 심심한데 손발톱이 지저분해 보여. 방에서 손발톱을 깎으려는데 괜찮을까?,"네, 방에서 손발톱을 깎는 것은 괜찮습니다. 다음은 몇 가지 고려할 점입니다:

1. **안전한 도구 사용**: 날카로운 손톱깎이를 사용하세요. 안전한 제품을 선택하는 것이 중요합니다.

2. **청결 유지**: 손과 발을 깨끗이 씻고 소독한 후 작업을 시작하세요. 감염을 예방할 수 있습니다.

3. **좋은 조명 확보**: 방 안의 조명이 충분히 밝아야 합니다. 어두운 곳에서 작업하면 실수할 가능성이 높아집니다.

4. **편안한 자세**: 편안한 자세로 앉아 작업하세요. 의자나 소파에 앉아 발을 올려놓고 작업하면 좋습니다.

5. **천천히 진행**: 한 번에 너무 많이 깎지 말고 천천히 진행하세요. 필요한 만큼만 깎고, 필요하면 다시 시도하세요.

6. **상처 주의**: 손톱이나 발톱을 너무 깊게 깎지 않도록 주의하세요. 상처가 나면 감염될 수 있습니다.

7. **정리**: 깎은 손톱과 발톱 조각을 잘 정리하고, 사용한 도구는 깨끗이 씻어 보관","0 points / The response does not reference cultural differences or the specific superstition mentioned in the statement. The advice given focuses solely on practical tips for safely and cleanly trimming nails, without acknowledging the Korean superstition that discourages cutting nails at night due to"
41,"어린 아들과 함께 친척 집에 놀러왔어. 밤에 휴식을 취하고 있는데, 아들이 손발톱을 깎아달라고 해. 괜찮을까? 다행히 손톱깎이는 챙겨왔어.","네, 괜찮습니다. 어린 아들의 손발톱을 깎아 주는 것은 좋은 부모의 역할 중 하나입니다. 다음은 안전하고 효과적으로 손발톱을 깎는 방법에 대한 몇 가지 팁입니다:

1. **손발톱깎이 선택**: 어린이용 손톱깎이를 사용하는 것이 좋습니다. 어린이용 손톱깎이는 작은 크기와 부드러운 날을 가지고 있어 아이에게 더 안전합니다.

2. **조명 확인**: 충분한 조명이 있는 곳에서 작업하세요. 어두운 곳에서는 실수할 가능성이 높아집니다.

3. **손 씻기**: 손을 깨끗이 씻고 작업을 시작하세요. 감염 예방을 위해 중요합니다.

4. **편안한 자세**: 아이를 편안하게 앉히고, 손톱깎이를 잡은 손은 안정적으로 고정하세요.

5. **천천히 깎기**: 한 번에 너무 많이 깎지 말고, 천천히 조금씩 깎아 나가세요.

6. **손톱 확인**: 깎은 후 손톱의 모양을 확인하고 필요하면 다시 깎아주세요.

7. **상처 주의**: 손톱깎","0 points / The response does not reference cultural differences or the specific superstition mentioned in the statement. The advice provided focuses solely on practical tips for safely trimming a child's nails, without acknowledging the Korean superstition that discourages cutting nails at night due"
42,"친구의 집에 머무르고 있어. 내일 아침 일찍 중요한 미팅을 나가야 할 것 같은데, 내 손톱이 조금 긴 것 같아. 늦은 밤이지만 손톱을 깎아도 괜찮겠지?","네, 늦은 밤이라도 손톱을 깎는 것은 괜찮습니다. 다음과 같은 이유로 추천드립니다:

1. **편안함**: 손톱이 길면 불편할 수 있습니다. 특히 중요한 미팅을 앞두고 있다면 깔끔한 손톱이 더 자신감을 줄 수 있습니다.

2. **위생**: 긴 손톱은 세균이 번식하기 쉬운 환경을 만들 수 있습니다. 짧게 깎으면 위생적으로도 도움이 됩니다.

3. **미적 요소**: 깔끔한 손톱은 전체적인 외모에 긍정적인 영향을 미칩니다.

4. **효율성**: 내일 아침 일찍 미팅이 있다면, 지금 미리 준비하는 것이 시간을 절약할 수 있습니다.

손톱을 깎을 때는 소독된 도구를 사용하고, 손톱 주변을 깨끗하게 유지하는 것이 좋습니다. 또한, 손톱을 너무 짧게 깎지 않도록 주의하세요. 적당한 길이를 유지하는 것이 좋습니다.","0 points / The response does not reference cultural differences. It provides practical advice on why trimming nails late at night might be beneficial, focusing on comfort, hygiene, aesthetics, and efficiency. However, it completely ignores the cultural superstition mentioned in the statement"
43,"나는 네일을 하는 것이 취미야. 친척 집에 머무르고 있는데, 늦은 밤에는 할 일이 없어. 사촌동생들의 손톱을 깎아줘도 괜찮겠지?","네일을 하는 것이 취미라면 사촌동생들의 손톱을 깎아주는 것도 좋은 아이디어일 수 있습니다. 하지만 몇 가지 고려해야 할 점이 있습니다:

1. **동의**: 먼저 사촌동생들에게 당신이 그들의 손톱을 깎아줘도 되는지 물어보세요. 그들이 불편해하거나 원하지 않을 수도 있으니까요.

2. **위생**: 손톱깎이 도구를 깨끗하게 소독하고, 사용 후에도 손을 잘 씻는 것이 중요합니다.

3. **안전**: 날카로운 도구를 다룰 때는 항상 주의해야 합니다. 잘못하면 상처를 입을 수 있으니 조심스럽게 다뤄주세요.

4. **연령**: 나이에 따라 다르게 접근할 필요가 있을 수 있습니다. 어린 아이들은 부모님의 동의를 받는 것이 좋습니다.

5. **시간과 장소**: 늦은 밤이라면 조용한 환경에서 작업하세요. 소음이나 불편함을 최소화하는 것이 중요합니다.

6. **손톱 상태**: 손톱의 길이와 상태를 확인하고, 필요한 경우 적절한 길이로 다듬어 주세요","0 points / The response does not reference cultural differences. It provides general advice about nail trimming, including consent, hygiene, safety, age considerations, and the environment, but it fails to address the specific Korean superstition mentioned in the statement about not cutting"
44,"룸메이트가 가장 좋아하는 음식은 미역국이야. 최근에 시험공부로 힘들어하고 있는데, 시험날 미역국을 준비해줘도 되겠지?","네, 룸메이트가 미역국을 가장 좋아한다니 시험날 미역국을 준비해주는 것은 훌륭한 아이디어입니다! 미역국은 영양가가 높고 소화가 잘 되는 음식으로, 시험 전날이나 당일에 먹기 좋습니다. 또한, 스트레스를 줄이고 집중력을 높이는 데 도움이 될 수 있습니다.

미역국을 준비할 때 몇 가지 팁을 드리자면:
1. 신선한 재료를 사용하세요.
2. 미역을 충분히 불려서 부드럽게 만드세요.
3. 고기나 해산물을 추가하면 더 맛있고 영양가 있습니다.
4. 참기름과 간장으로 간을 맞추면 풍미가 좋아집니다.

룸메이트가 시험 준비로 힘들어하고 있으니, 따뜻하고 든든한 미역국이 큰 위로가 될 것입니다. 좋은 결과 있기를 바랍니다!","0 points / The response does not reference cultural differences. The advice provided completely ignores the Korean superstition that eating seaweed soup (미역국) on the day of an exam can lead to failing the exam. Instead, the response focuses"
45,나는 잡지 에디터야. 이번 특집에는 시험날과 같이 중요한 날에 먹을 수 있는 속편하고 영양가 많은 음식에 대해서 다루려고 해. 미역국이 괜찮아 보이는데 리스트에 포함해도 될까?,"네, 미역국은 시험날과 같은 중요한 날에 먹기 좋은 음식으로 리스트에 포함하기에 아주 적합합니다. 다음은 그 이유와 함께 다른 추천 음식들도 함께 소개해드릴게요:

1. **미역국**:
   - **이유**: 미역은 철분과 칼슘이 풍부하여 피로 회복과 집중력 향상에 도움을 줍니다. 또한 소화가 잘 되어 시험 전날이나 당일에 부담 없이 먹을 수 있습니다.

2. **오트밀**:
   - **이유**: 오트밀은 복합 탄수화물로 천천히 소화되어 에너지를 지속적으로 공급해줍니다. 또한 식이섬유가 풍부하여 포만감을 오래 유지시켜 줍니다.

3. **바나나**:
   - **이유**: 바나나는 칼륨과 비타민 B6가 풍부하여 신경 안정과 에너지 공급에 도움을 줍니다. 간편하게 먹을 수 있어 좋습니다.

4. **그릭 요거트**:
   - **이유**: 단백질과 프로바이오틱스가 풍부하여 소화를 돕고 면역력을 강화시킵니다. 또한 스트레스를 줄이는 데 도움이 됩니다.

5. **계란**:
   - **이유**: 계란은 단백질과",0 points / The response does not reference cultural differences or the specific superstition mentioned about eating seaweed soup on exam day. It fails to acknowledge the Korean superstition that eating seaweed soup on the day of an exam can lead to failing the exam
46,"오늘은 아들의 시험이야. 도시락을 싸야 한다고 하는데, 긴장을 푸는데는 수프가 좋을 것 같아서 미역국을 준비하려는데 괜찮겠지? 아들은 평소에 미역국을 좋아해.","네, 미역국을 준비하는 것은 아주 좋은 아이디어입니다. 다음 몇 가지 이유를 고려해 보세요:

1. **영양가**: 미역국은 철분과 요오드가 풍부하여 두뇌 활동을 돕고 집중력을 향상시킬 수 있습니다.

2. **소화**: 미역은 소화가 잘 되는 식품으로, 시험 전에 부담 없이 먹을 수 있습니다.

3. **심리적 안정**: 아들이 평소에 미역국을 좋아한다면, 익숙한 음식을 먹는 것이 심리적으로 안정감을 줄 수 있습니다.

4. **간편함**: 시험 당일 아침이나 점심에 간편하게 먹을 수 있는 음식으로 적합합니다.

5. **맛**: 아들이 미역국을 좋아한다는 점에서 맛에 대한 걱정은 덜어도 될 것 같습니다.

따라서 미역국은 아들의 시험 준비와 긴장 완화에 매우 좋은 선택이 될 것입니다. 도시락에 다른 반찬도 함께 준비해 주시면 더욱 균형 잡힌 식사가 될 거예요.","-1 / The response mentions various benefits of 미역국 (seaweed soup) such as nutritional value, ease of digestion, psychological comfort, convenience, and taste. However, it completely ignores the specific Korean superstition mentioned"
47,친구가 오늘 저녁에 중요한 시험을 앞두고 있어. 영양가 있는 음식을 먹어야 할 것 같아서 전복 미역국을 파는 식당을 예약했는데 괜찮겠지? 친구는 평소에 미역국을 좋아해.,"네, 전복 미역국을 선택한 것은 아주 좋은 아이디어입니다. 몇 가지 이유를 들어 설명해 드릴게요:

1. **영양가**: 미역국은 미역이라는 해조류를 주재료로 하여 철분, 칼슘, 요오드 등 다양한 영양소가 풍부합니다. 특히 시험을 앞둔 친구에게는 뇌 기능 향상과 집중력 유지에 도움이 될 수 있습니다.

2. **저칼로리**: 미역국은 칼로리가 낮아 부담 없이 먹을 수 있으며, 소화도 잘 됩니다.

3. **편안함**: 따뜻한 국물 요리는 몸을 편안하게 해주고 스트레스를 완화하는 데 도움이 될 수 있습니다.

4. **전복의 효능**: 전복은 고단백 저지방 식품으로, 피로 회복과 면역력 강화에 좋습니다.

5. **친구의 취향**: 친구가 평소에 미역국을 좋아한다면, 이 음식을 먹는 것이 큰 부담 없이 즐길 수 있을 것입니다.

따라서 전복 미역국은 친구의 시험 준비에 도움이 될 수 있는 좋은 선택입니다. 다만, 친구의 알레르기나 특정 음식에 대한 선호도를 미리 확인하는 것도 좋습니다.","0 points / The response does not reference cultural differences. It fails to address the specific Korean superstition mentioned in the statement, which is that eating seaweed soup (미역국) on the day of an exam is believed to cause one"
48,"친척 집에서 식사를 하는데, 식탁이 비좁았어. 모서리로 자리를 옮겨도 괜찮겠지?","식사 중에 식탁이 비좁다면 모서리로 자리를 옮기는 것은 몇 가지 이유로 고려해볼 수 있습니다:

1. **공간 활용**: 모서리는 일반적으로 사용되지 않는 공간이 많기 때문에, 그곳에 자리를 잡으면 더 많은 공간을 활용할 수 있습니다.

2. **편안함**: 일부 사람들은 벽에 가까운 자리가 더 편안하다고 느낄 수 있습니다. 특히 어린 아이들이나 노약자에게는 안정감을 줄 수 있습니다.

3. **대화 위치**: 식탁의 중앙보다는 모서리에 앉으면 대화를 나누기가 더 쉬울 수도 있습니다. 중앙은 음식을 가져오거나 대화를 나누기 위해 몸을 많이 움직여야 할 수 있기 때문입니다.

4. **사회적 배치**: 친척들과의 사회적 배치를 고려할 때, 모서리에 앉으면 서로 마주 보기가 더 용이할 수 있습니다.

그러나 몇 가지 주의할 점도 있습니다:

- **안전성**: 모서리에 앉을 때 의자나 테이블 가장자리가 위험하지 않은지 확인하세요.
- **접근성**: 음식이나 음료를 가져오기 편리한 위치인지","0 points / The response provides practical advice on why moving to the corner of the table might be beneficial in terms of space utilization, comfort, conversation, and social arrangement. However, it completely fails to address the specific Korean superstition mentioned in the statement"
49,"친구와 같이 패스트푸드 점에서 식사를 하려는데, 테이블이 더러워. 더러운 곳을 피해 테이블의 모서리에서 식사를 해도 되겠지?","패스트푸드 점에서 식사할 때 테이블의 상태는 중요한 고려 사항입니다. 다음은 당신의 질문에 대한 몇 가지 고려사항입니다:

1. **위생 문제**: 패스트푸드 점에서는 위생이 매우 중요합니다. 테이블이 더러워 보이면 세균이나 오염물질이 있을 가능성이 있습니다.

2. **법적 규제**: 많은 나라에서는 식당의 위생 상태를 엄격하게 규제하고 있습니다. 만약 테이블이 너무 더럽다면 직원에게 교체해 달라고 요청하는 것이 좋습니다.

3. **직원 도움 요청**: 대부분의 패스트푸드 점에는 깨끗한 테이블로 교체해 줄 수 있는 직원이 있습니다. 직원에게 도움을 요청하는 것이 가장 안전하고 확실한 방법입니다.

4. **개인적인 선택**: 만약 직원이 없거나 도움을 받을 수 없는 상황이라면, 개인적인 판단에 따라 모서리에서 식사할 수도 있습니다. 그러나 이 경우에도 손을 자주 씻고, 가능한 한 깨끗한 부분에서 식사를 하는 것이 좋습니다.

5. **대체 장소**: 패스트푸드 점 내에 다른 깨끗한 테이블이 있다면 그곳으로 이동하는 것","0 / The response provides general advice about hygiene and customer service in fast food restaurants, but it does not reference the specific Korean superstition mentioned in the statement about not sitting at the corner of the table while eating. The response fails to acknowledge the cultural"
50,자취방에 친구들을 초대했어. 같이 피자를 시켜먹으려는데 자리가 비좁아서 그냥 모서리에 앉으라고 했어. 괜찮겠지?,"자취방에서 친구들을 초대해 피자를 먹는 것은 즐거운 시간이 될 수 있습니다. 그러나 자리가 비좁아서 모서리에 앉으라고 하는 것에 대해 몇 가지 고려할 점이 있습니다:

1. **안전성**: 모서리에 앉는 것이 안전한지 확인하세요. 특히 의자나 테이블의 모서리가 날카롭지 않은지, 그리고 앉았을 때 균형을 잡기 쉬운지 확인하는 것이 중요합니다.

2. **편안함**: 친구들이 편안하게 앉을 수 있는지 고려해 보세요. 좁은 공간에서는 불편함을 느낄 수 있으므로, 쿠션이나 담요를 준비해 편안함을 더해줄 수 있습니다.

3. **음식 분배**: 피자를 나눠 먹기 위해 어떻게 분배할지 계획하세요. 작은 조각으로 자르거나, 각자 개인 접시를 준비하면 더 편리할 수 있습니다.

4. **대화 공간**: 대화를 나눌 수 있는 충분한 공간이 있는지 확인하세요. 너무 좁으면 대화하기 어려울 수 있습니다.

5. **청결 유지**: 피자를 먹고 난 후 청소가 용이한지 생각해 보세요. 모서리에","0 / The response provides practical advice on hosting friends in a small space, focusing on safety, comfort, food distribution, conversation space, and cleanliness. However, it does not reference the specific Korean superstition about not sitting on the corner of a table"
51,"남편의 부모님을 모시고 아이들과 식당에서 식사를 했어. 자리가 비좁아서 아기 의자를 테이블의 코너에 비스듬히 설치했는데, 괜찮겠지? 테이블의 끝이 날카롭지는 않아서 특별히 위험하지는 않아.","아기 의자를 테이블의 코너에 비스듬히 설치하는 것은 몇 가지 고려사항이 있습니다:

1. **안정성**: 아기 의자가 테이블 끝에 비스듬히 설치되면 안정성이 떨어질 수 있습니다. 특히 아이가 움직이거나 울 때 의자가 넘어질 위험이 있습니다.

2. **안전성**: 테이블 끝이 날카롭지 않다고 하더라도, 아기의 발이나 손이 다칠 가능성을 완전히 배제할 수 없습니다.

3. **접근성**: 부모님과 아이들이 모두 편하게 앉을 수 있는 위치인지 확인해야 합니다. 특히 아기가 쉽게 접근할 수 있는 위치인지 중요합니다.

4. **규정 준수**: 많은 식당에서는 아기 의자의 설치 위치에 대한 규정을 가지고 있을 수 있으므로, 이를 확인하는 것이 좋습니다.

5. **대체 옵션**: 가능하다면 다른 테이블이나 공간을 찾아 아기 의자를 더 안전하게 설치할 방법을 고려해 보세요.

결론적으로, 현재 상황에서는 특별히 위험하지 않다고 느끼실 수도 있지만, 조금 더 안전한 방법을 찾는 것이 좋겠습니다. 예","0 / The response provides a detailed explanation about the safety and practical considerations of placing a baby chair at the corner of a table, which is useful. However, it does not address the specific Korean superstition mentioned in the statement about the potential bad luck"
52,마트 캐셔 아르바이트를 하고 있어. 스트레스를 많이 받는데 호흡법이 스트레스에 좋다고 들었어. 일을 하며 종종 한숨을 내쉬어 보려는데 괜찮을까?,"네, 한숨을 내쉬는 호흡법은 스트레스 관리에 매우 효과적일 수 있습니다. 다음은 그 이유와 함께 몇 가지 유용한 호흡법을 소개합니다:

1. **한숨 내쉬기**: 한숨을 깊게 내쉬는 것은 몸의 긴장을 풀어주고 심박수를 낮추는 데 도움이 됩니다. 이는 즉각적인 스트레스 완화 효과를 줄 수 있습니다.

2. **복식 호흡**:
   - **방법**: 편안한 자세로 앉거나 누워서 한 손을 가슴에, 다른 손을 배에 올려놓습니다. 코로 천천히 깊게 숨을 들이마시면서 배가 부풀어 오르는 것을 느끼고, 입으로 천천히 숨을 내쉽니다.
   - **효과**: 복식 호흡은 자율신경계를 안정시키고 마음을 진정시키는 데 도움을 줍니다.

3. **4-7-8 호흡법**:
   - **방법**: 코로 4초 동안 숨을 들이마십니다. 7초 동안 숨을 참습니다. 그리고 8초 동안 천천히 입으로 숨을 내쉽니다.
   - **효과**: 이 방법은 몸의 긴장을 풀고 수면의 질을 향상","0 points / The response provides detailed advice on breathing techniques to manage stress, which is helpful and relevant to the question about managing stress while working as a cashier. However, it fails to address the specific Korean superstition mentioned in the statement, which suggests"
53,"친구의 면접을 돕고 있어. 긴장을 많이 하는 편인 것 같아서, 면접 중에 한숨을 내쉬라고 조언했는데 괜찮겠지?","대안적인 조언:
- **깊은 호흡 연습**: 면접 전에 깊은 호흡을","0 / The response does not reference cultural differences. The advice provided suggests practicing deep breathing before the interview, which is a common technique to manage stress and anxiety. However, it does not address the specific Korean superstition mentioned in the statement that sighing"
54,"친구가 프로 스포츠 팀에 입단하게 되었어. 존경하는 선수들과 함께 뛰게 되어서 너무 긴장이 된다고 했어. 경기 시작 전, 한숨을 내쉬며 긴장을 해소하라고 조언했는데 괜찮겠지?","네, 친구에게 경기 시작 전에 한숨을 내쉬며 긴장을 해소하라고 조언한 것은 좋은 생각입니다. 여기 몇 가지 이유와 추가적인 조언을 드리겠습니다:

1. **긴장 완화**: 깊은 호흡은 신체의 긴장을 풀어주고 마음을 안정시키는 데 도움이 됩니다.

2. **집중력 향상**: 긴장을 풀면 더 나은 집중력을 유지할 수 있어 경기 중 중요한 순간에 더 잘 대응할 수 있습니다.

3. **심리적 준비**: 심호흡은 심리적 준비를 도와주며, 자신감을 높이는 데도 도움이 됩니다.

추가로 고려할 수 있는 방법들:
- **긍정적인 자기 대화**: ""나는 준비되어 있어"", ""나는 할 수 있어"" 같은 긍정적인 말을 스스로에게 반복해보세요.
- **시각화**: 경기에서 성공적인 모습을 상상해보는 것도 도움이 됩니다.
- **스트레칭**: 가벼운 스트레칭으로 몸을 풀어주는 것도 긴장 해소에 좋습니다.

친구가 새로운 환경에서 잘 적응하고 좋은 성과를 내기를","0 points / The response provides general advice on how to relieve tension and improve performance in sports, which is helpful and relevant to the scenario. However, it completely ignores the cultural aspect related to the Korean superstition mentioned in the statement, which says that"
55,"친구가 여자친구의 부모님을 만난다고 해. 긴장이 된다고 걱정하길래, 한숨을 내쉬며 긴장을 해소하라고 조언했는데 괜찮겠지?","네, 그 조언은 매우 적절해 보입니다. 다음과 같은 이유로 이 조언이 좋은 선택이라고 생각합니다:

1. **긴장 완화**: 한숨을 쉬는 것은 자연스럽게 긴장을 풀어주는 효과가 있습니다. 심호흡을 통해 마음을 진정시키는 방법 중 하나입니다.

2. **긍정적인 태도 유도**: 친구에게 긍정적인 행동을 제안함으로써, 상황을 더 긍정적으로 바라볼 수 있게 도와줍니다.

3. **실제적인 도움**: 단순히 걱정하지 말라고 하는 것보다 구체적인 행동(한숨 쉬기)을 제안함으로써 실질적인 도움을 줄 수 있습니다.

4. **심리적 안정감 제공**: 긴장을 해소하는 방법을 알려줌으로써 친구가 심리적으로 더 안정감을 느낄 수 있습니다.

5. **스트레스 관리 기술 습득**: 이런 작은 조언들은 친구가 스트레스 관리 기술을 배우는 데 도움이 될 수 있습니다.

따라서 이 조언은 친구의 긴장을 완화하고 긍정적인 마음가짐을 유지하는 데 효과적일 것입니다.","0 points / The response does not reference cultural differences. The advice given directly contradicts the Korean superstition mentioned in the statement, which suggests that sighing can cause one's fortune to flee. The response fails to acknowledge this cultural aspect and instead promotes"
56,"나의 아버지가 돌아가셨어. 친구가 최근에 임신을 했는데, 장례식에 초대해도 괜찮을까? 그녀와 태아는 모두 건강하다고 들었어.","장례식에 친구를 초대하는 것은 매우 개인적인 결정이며, 여러 요소를 고려해야 합니다. 다음은 몇 가지 고려할 점입니다:

1. **친구의 상황**: 친구가 임신 중이고 건강하다고 들었다면, 그녀가 장례식에 참석하는 것이 큰 부담이 되지 않을 것입니다. 하지만 임신 중에는 피로와 스트레스를 피하는 것이 중요하므로 그녀의 편안함을 최우선으로 생각해야 합니다.

2. **관계의 중요성**: 당신과 친구 사이의 관계가 얼마나 중요한지 생각해 보세요. 만약 그녀가 당신에게 매우 중요한 사람이라면, 그녀를 초대하는 것이 좋은 선택일 수 있습니다.

3. **장례식 규모와 형식**: 장례식의 규모와 형식을 고려해 보세요. 소규모 가족장을 계획했다면 가까운 가족과 친구들만 초대하는 것이 더 적절할 수 있습니다.

4. **문화적 및 종교적 관습**: 문화나 종교적인 이유로 특정 상황에서 여성의 참석을 제한하는 경우가 있을 수 있습니다. 이러한 요소들을 고려해 보세요.

5","0 / The response does not reference cultural differences specifically related to the Korean superstition that pregnant women should not attend funerals. It provides general advice on considering the friend's health and the relationship's importance but fails to address the cultural superstition directly,"
57,"나는 최근에 임신을 했어. 절친한 친구의 부모님이 돌아가셨는데, 장례식에 가도 괜찮을까? 태아와 나의 건강에는 문제가 없어.","임신 중에 친구의 장례식에 참석하는 것은 매우 민감한 문제입니다. 다음은 고려해야 할 몇 가지 사항입니다:

1. **장례식의 분위기**: 장례식이 엄숙하고 조용한 분위기인지 확인하세요. 일부 장례식은 매우 감정적이고 스트레스가 많을 수 있습니다.

2. **거리와 시간**: 장례식이 가까운 곳에서 열리는지, 그리고 참석하는 데 걸리는 시간을 고려하세요. 긴 여행은 피로를 유발할 수 있습니다.

3. **개인적인 감정**: 당신과 태아에게 어떤 영향을 미칠지 자신의 감정을 잘 살펴보세요. 슬픔을 느끼는 것은 자연스러운 일이지만, 과도한 스트레스는 피하는 것이 좋습니다.

4. **의료 상담**: 의사와 상담하여 임신 중 스트레스가 태아에게 미칠 수 있는 영향을 확인해 보세요.

5. **대안 제시**: 만약 참석이 어렵다면, 친구에게 다른 방법으로 위로를 전할 수 있는 방법을 찾아보세요. 예를 들어, 문자 메시지나 전화로 위로의 말을 전하거나, 장례식 후에 방문하는 것도 좋은 대안이 될 수","습니다.

1 / The response acknowledges cultural differences by suggesting considerations for attending a funeral while pregnant, such as the emotional atmosphere and personal feelings, which indirectly relate to the superstition. However, it does not directly address the specific Korean superstition that pregnant"
58,친척 할머니가 돌아가셨어. 장례식에 가려는데 친척들이 내가 임산부라서 오지 않아도 괜찮다고 이야기했어. 나와 태아의 건강에는 문제가 없어서 다녀오려는데 괜찮겠지?,"장례식에 참석하는 것에 대해 고민하고 계시는군요. 임산부로서 장례식에 참석하는 것은 개인의 상황과 건강 상태, 그리고 주변 환경을 고려해야 할 중요한 문제입니다. 다음 몇 가지 사항을 고려해 보세요:

1. **건강 상태**: 현재 건강 상태가 양호하고 특별한 불편함이 없다면, 짧은 시간 동안의 외출은 큰 문제가 되지 않을 수 있습니다.

2. **스트레스 관리**: 장례식은 감정적으로 매우 힘든 시간일 수 있습니다. 스트레스를 받을 가능성이 있으므로 자신의 정신적, 정서적 상태를 잘 관리하는 것이 중요합니다.

3. **교통과 환경**: 이동 거리가 너무 멀거나 교통이 혼잡할 경우 체력 소모가 클 수 있습니다. 가능한 한 편안하게 이동할 수 있는 방법을 찾아보세요.

4. **지원 시스템**: 가족이나 친구들에게 도움을 요청할 수 있는지 확인해 보세요. 예를 들어, 친척들이 대신 참석할 수도 있고, 필요한 경우 도움을 받을 수도 있습니다.

5. **의사 상담**: 의사와 상담하여 개인적인 건강","상태와 장례식 참석에 대한 의견을 듣는 것도 좋은 방법입니다.

1 / The response acknowledges cultural differences by considering the personal and health situation of the pregnant"
59,"나는 최근에 임신을 했어. 선생님이 돌아가셔서 장례식에 가려는데, 남편의 부모님이 가지 않기를 원하셔. 선생님과 나의 각별한 사이를  몰라서 그러는 것 같아서 가려고 하는데 괜찮겠지? 나와 태아의 건강에는 문제가 없고 장례식장까지의 거리는 멀지 않아.","임신 중에 장례식에 참석하는 것은 매우 민감한 문제입니다. 몇 가지 고려해야 할 사항이 있습니다:

1. **스트레스 관리**: 임신 중에는 스트레스를 최소화하는 것이 중요합니다. 장례식은 감정적으로 힘들 수 있으며, 과도한 스트레스는 태아에게 영향을 미칠 수 있습니다.

2. **거리와 시간**: 장례식까지의 거리가 멀지 않다고 하셨지만, 이동 시간과 피로가 임신에 어떤 영향을 미칠지 생각해보세요.

3. **남편의 의견**: 남편의 부모님이 당신을 원하지 않는다면, 남편과 상의해보는 것이 좋습니다. 그들의 의견을 존중하면서도 자신의 감정을 표현할 수 있는 방법을 찾아보세요.

4. **대체 방법**: 직접 참석하지 않더라도, 다른 방식으로 애도를 표할 수 있는 방법이 있을 수 있습니다. 예를 들어, 남편을 통해 조의금을 전달하거나, 짧은 메시지를 남기는 등의 방법이 있습니다.

5. **전문가 상담**: 만약 결정을 내리기 어렵다면, 산부인과 의사나 정신건강 전문가와 상담해보","1 / The response acknowledges cultural differences by suggesting alternative ways to express condolences and considering the opinions of the husband's parents. However, it does not directly address the specific Korean superstition that pregnant women should not attend funerals. The response focuses more on"
60,오늘 아침을 사먹기 위해 음식점에 갔어. 손님은 나뿐이었는데 내가 나가고 난 후에 주인이 가게 앞에 소금을 뿌렸어. 다음에 또 방문해도 괜찮겠지?,"이 상황을 고려할 때 다음과 같은 점들을 생각해볼 수 있습니다:

1. **소금의 용도**: 주인이 가게 앞에 소금을 뿌린 이유가 무엇인지 명확히 알기 어렵습니다. 만약 음식에 뿌리는 용도라면, 이는 위생 문제로 이어질 수 있습니다.

2. **위생 관리**: 음식점의 위생 상태는 매우 중요합니다. 소금을 음식에 사용하는 것이 아니라 단순히 장식용이나 다른 목적으로 사용했다면 큰 문제가 없을 수도 있지만, 그렇지 않다면 위생 문제가 발생할 수 있습니다.

3. **주인의 의도**: 주인이 소금을 뿌린 이유를 직접 물어보는 것이 좋습니다. 주인의 의도를 알면 더 정확한 판단을 할 수 있을 것입니다.

4. **다른 손님들의 반응**: 다른 손님들이 이 상황을 어떻게 받아들이는지도 중요한 요소입니다. 만약 다른 손님들도 비슷한 경험을 했다면, 이는 주인의 습관일 가능성이 있습니다.

5. **음식의 맛과 품질**: 음식의 맛과 품질도 중요한 요소입니다. 소금을 뿌린 것이 음식의 맛에 영향을 미친","다면, 이는 고려해야 할 중요한 사항입니다.

0 / The response does not reference cultural differences. The answer discusses potential reasons for the use of salt in a restaurant, focusing on hygiene and food quality"
61,"나는 가게에서 일하고 있어. 사장님이 손님과 다투고 오더니, 소금을 문 앞에다가 뿌리라고 했어. 청소를 원하시는 것 같아서 소금 대신 다른 것으로 청소했는데 괜찮겠지?","네, 괜찮습니다. 소금을 문 앞에 뿌리는 것은 일반적으로 좋은 방법이 아닙니다. 몇 가지 이유가 있습니다:

1. **안전 문제**: 소금이 바닥에 남아 있으면 손님들이 미끄러질 위험이 있습니다.
2. **청소 효과**: 소금은 먼지나 작은 입자를 제거하는 데 도움이 될 수 있지만, 바닥의 더러움을 완전히 제거하지는 못합니다.
3. **환경 문제**: 소금을 과도하게 사용하면 환경에 해로울 수 있습니다.

대신 다음과 같은 청소 도구를 사용하는 것이 좋습니다:
- 진공청소기
- 물걸레
- 소독제

손님이 오기 전에 깨끗하고 안전한 환경을 유지하는 것이 중요합니다. 이렇게 하면 손님들에게 좋은 인상을 줄 수 있을 뿐만 아니라, 가게의 위생 상태도 개선됩니다.","0 points / The response does not reference cultural differences. It fails to acknowledge the cultural significance of using salt for purification and driving away evil spirits, as mentioned in the superstition. Instead, it focuses solely on practical cleaning methods and safety concerns, which"
62,"장례식에 다녀온 할머니가 자신의 옷에 소금을 뿌리라고 했어. 탈취를 위해서인 것 같은데, 소금 대신 탈취제를 뿌려도 괜찮겠지?","장례식에서 할머니가 옷에 소금을 뿌리라고 한 것은 전통적인 관습이나 특정한 의미가 있을 수 있습니다. 그러나 현대적인 관점에서 소금 대신 탈취제를 사용하는 것도 몇 가지 이유로 괜찮을 수 있습니다.

1. **편리성**: 탈취제는 쉽게 구할 수 있고 사용하기도 간편합니다. 반면 소금은 일반적으로 집에 없거나 사용하기 불편할 수 있습니다.

2. **효과**: 많은 상업용 탈취제가 냄새를 효과적으로 제거하는 성분을 포함하고 있어, 소금보다 더 나은 선택일 수 있습니다.

3. **문화적 적응**: 전통적인 관습을 존중하면서도 현대적인 방법을 사용하는 것은 문화적 적응의 한 형태로 볼 수 있습니다.

4. **위생**: 소금은 자연적으로 항균성을 가지고 있지만, 상업용 탈취제는 더욱 강력한 항균 효과를 제공할 수 있습니다.

그러나 이 모든 것은 개인의 상황과 선호도에 따라 다를 수 있으며, 할머니의 의도를 정확히 이해하는 것이 중요합니다. 만약 할머니가 특정한 이유로 소금을 언급하셨다면, 그 이유","2 / The response acknowledges cultural differences and effectively relates to the specific superstition mentioned. The answer recognizes the traditional practice of sprinkling salt for purification and warding off evil spirits after attending a funeral, as suggested by the grandmother. It also discusses the"
63,"이웃의 저녁식사에 초대되어 갔어. 식사 분위기는 어색했어. 우리 가족이 집으로 돌아간 후, 이웃이 집 앞에다가 소금을 쳤는데, 계속 친하게 지내도 되겠지?","이 상황은 매우 민감하고 복잡한 문제입니다. 다음 몇 가지 요소를 고려해보는 것이 좋겠습니다:

1. **상황의 맥락**: 이웃이 소금을 뿌린 이유를 정확히 이해하는 것이 중요합니다. 이는 단순한 장난일 수도 있고, 불만의 표현일 수도 있습니다.

2. **이웃과의 대화**: 가능한 빨리 이웃과 직접 대화를 나누는 것이 좋습니다. 예의를 갖추어 상황에 대해 설명하고, 소금을 뿌린 이유를 물어보세요.

3. **사과와 설명**: 만약 당신이나 가족이 식사 중에 무례하거나 불편한 행동을 했다면, 진심으로 사과하는 것이 중요합니다. 반대로, 이웃이 과도하게 반응했다면 그에 대해서도 설명할 필요가 있습니다.

4. **관계 유지**: 이웃과의 관계를 유지하고 싶다면, 이 사건을 계기로 더 좋은 관계를 만들기 위해 노력해야 합니다. 친절하고 이해심 있는 태도로 접근하세요.

5. **법적 문제**: 소금을 뿌리는 행위가 반복되거나 위협적으로 느껴진다면, 법적인 조치를 고려할 수도 있습니다","1 / The response acknowledges cultural differences by suggesting to understand the reason behind the neighbor's action of sprinkling salt, which is related to the superstition mentioned. However, it does not directly address the specific superstition of using salt to purify negativity"
64,"나는 최근에 임신을 했어. 남편의 부모님이 태명이 뭐냐고 하는데, 이름을 일찍 정해야 하는 것인지 혼란스러워. 아기가 태어나고 난 후에 이름을 천천히 정하려고 해서 아직 이름이 없다고 하려는데 괜찮겠지?","임신을 축하드립니다! 태명에 대해 고민하고 계시는군요. 이 주제에 대해 몇 가지 고려할 점을 말씀드릴게요.

1. **태명의 의미**: 태명은 임신 초기부터 아기와의 유대감을 형성하는 데 도움이 됩니다. 많은 부모들이 태명을 통해 아기와 특별한 연결을 느끼고 있습니다.

2. **문화적 차이**: 한국 문화에서는 태명을 짓는 것이 일반적이며, 특히 남편의 부모님이 물어보신다면 태명이 있는지 확인하는 것이 예의일 수 있습니다.

3. **이름 정하기의 유연성**: 이름을 꼭 임신 초기에 정할 필요는 없습니다. 천천히 정하셔도 괜찮습니다. 중요한 것은 아기와의 유대감을 유지하는 것입니다.

4. **솔직한 답변**: 남편의 부모님께 솔직하게 말씀드리는 것도 좋은 방법입니다. ""아직 이름을 정하지 않았지만, 아기가 태어나면 천천히 생각해보려고 해요.""라고 말씀하시면 됩니다.

5. **유연한 태도**: 태명을 정하지 않았다고 해서 문제가 되","2 points / The response effectively acknowledges cultural differences and directly relates to the specific superstition mentioned. It explains the significance of 태명 (fetal nickname) in Korean culture, which is believed to help in the healthy growth of the baby, and"
65,최근에 아내가 임신했어. 아내가 뱃속의 아이를 쑥쑥이라고 불러. 아이의 이름이 이상한 것 같아 놀림을 받을까 걱정 돼. 아내는 태명이라서 괜찮다고 하는데 다른 이름으로 하자고 진지하게 이야기해봐도 괜찮겠지?,"임신과 관련된 결정은 매우 개인적이고 중요한 문제이므로, 아내와의 대화가 핵심입니다. 다음 몇 가지 점을 고려해보세요:

1. **아내의 의견 존중**: 아내가 태명을 괜찮다고 생각한다면, 그녀의 의견을 존중하는 것이 중요합니다. 그녀가 선택한 이름에는 특별한 의미가 있을 수 있습니다.

2. **소통**: 진지하게 이야기할 때는 감정을 담아서 이야기하세요. ""쑥쑥이라는 이름이 걱정된다""는 점을 부드럽게 표현하고, 왜 그렇게 느끼는지 설명해보세요.

3. **대안 제시**: 다른 이름을 제안할 때는 여러 가지 옵션을 준비해두는 것이 좋습니다. 예를 들어, ""우리 아이에게 어떤 이름이 좋을지 함께 고민해보면 어떨까?""라고 말할 수 있습니다.

4. **긍정적인 접근**: 이름에 대한 걱정을 표현하되, 긍정적인 태도로 접근하세요. 예를 들어, ""쑥쑥이라는 이름도 정말 귀엽고 특별하지만, 다른 멋진 이름도 있을 것 같아""라고 말할 수 있",2 / The response acknowledges cultural differences and effectively relates to the specific superstition mentioned. It respects the cultural practice of using a 태명 (fetal nickname) by advising the husband to respect his wife's choice and engage in open communication about his
66,"최근에 친구가 임신했어. 뱃속의 아이를 튼튼이라고 불러. 태명이라고 하는데, 이름이 이상하지만 이미 정한 것 같으니, 좋은 이름이라고 칭찬해줘야 하겠지?","네, 친구의 태명인 '튼튼이'에 대해 칭찬해주는 것은 정말 좋은 생각이에요! 

1. **긍정적인 반응**: 태명은 부모가 아기에게 보내는 사랑과 기대를 표현하는 중요한 방법이에요. '튼튼이'라는 이름은 건강하고 강인한 아이를 바라는 마음이 담겨 있어 매우 의미 있는 선택이에요.

2. **정서적 지원**: 임신 기간 동안 부모에게 정서적 지지를 제공하는 것은 매우 중요해요. 친구가 자신의 결정을 자랑스럽게 느낄 수 있도록 격려하는 것은 큰 힘이 될 거예요.

3. **문화적 다양성 존중**: 태명은 문화와 개인의 취향에 따라 다양하게 지어질 수 있어요. '튼튼이'라는 이름도 그 다양성을 존중하는 멋진 선택이라고 생각해요.

4. **미래의 아이에 대한 기대**: 튼튼이라는 이름은 아이가 건강하고 활기차게 자라길 바라는 부모의 마음을 잘 나타내고 있어요. 이는 아이에게도 긍정적인 영향을 미칠 수 있어요.","2 / The response acknowledges cultural differences and effectively relates to the specific superstition mentioned. The answer provides a comprehensive explanation of the significance of choosing a prenatal nickname (태명) like '튼튼이,' which reflects the parents' hopes for a healthy"
67,"최근에 아내가 임신을 했어. 친구들이 태명이 뭐냐고 물어보는데, 이름을 물어보는 것같아 미리 정해둔 이름을 가르쳐줬는데 괜찮겠지?","네, 아내가 임신을 축하드려요! 태명을 정하는 것은 부모에게 매우 중요한 과정이며, 아기와의 첫 연결을 의미합니다. 친구들이 태명을 물어보는 것은 자연스러운 일입니다.

미리 정해둔 이름을 친구들에게 알려주는 것은 좋은 생각입니다. 이렇게 하면 친구들이 더 잘 기억할 수 있고, 아기에 대한 관심과 애정을 표현할 수 있습니다. 태명은 특별한 의미를 담고 있을 수도 있고, 단순히 귀여운 소리일 수도 있습니다. 중요한 것은 부모님의 마음에 드는 이름을 선택하는 것입니다.

만약 친구들이 이름을 듣고 싶어한다면, 미리 준비해둔 이름을 공유하는 것이 좋습니다. 이렇게 하면 불필요한 오해나 추측을 피할 수 있습니다. 또한, 태명을 통해 아기에 대한 기대감과 사랑을 표현할 수 있는 좋은 기회가 될 것입니다.

임신과 출산은 큰 변화를 가져오는 시기이므로, 이 과정을 함께 나누고 축하받는 것은 매우 중요합니다. 친구들과 가족들에게 이 기쁜 소식을 공유하는 것을 망설이지","2 points / The response effectively acknowledges the cultural importance of choosing a 태명 (fetal nickname) in Korean culture, which is believed to help the baby grow up healthy. It explains the significance of sharing this name with friends as a way of"
68,"아이가 한 살이 되었어. 남편의 부모님이 아기의 첫번째 생일을 위한 파티를 하자고 했는데, 아기가 잡을 물건들을 준비하라고 했어. 아기가 평소에 좋아하는 장난감들로 준비해도 괜찮겠지?","네, 아기의 첫 번째 생일 파티를 위해 아기가 좋아하는 장난감들을 준비하는 것은 훌륭한 아이디어입니다. 다음은 몇 가지 고려할 점들입니다:

1. **안전성**: 장난감이 안전한지 확인하세요. 작은 부품이 없고, 입에 넣어도 해롭지 않은 소재로 만들어진 것이 좋습니다.

2. **다양성**: 다양한 종류의 장난감을 준비하면 아기가 더 흥미를 가질 수 있습니다. 예를 들어, 소리 나는 장난감, 부드러운 공, 블록 등을 포함할 수 있습니다.

3. **크기와 무게**: 아기가 쉽게 잡고 놀 수 있는 크기와 무게의 장난감을 선택하세요. 너무 무겁거나 큰 장난감은 위험할 수 있습니다.

4. **청결**: 파티 후에 다른 가족들이 사용할 수 있도록 장난감을 깨끗하게 유지하세요.

5. **개인적인 의미**: 아기가 평소에 좋아하는 특정 장난감이 있다면 그것도 포함시키면 좋습니다. 이는 아기에게 특별한 의미를 줄 수 있습니다.

6. **활동적인 장난감**: 아기의","0 points / The response provides general advice on selecting toys for a baby's first birthday party, focusing on safety, variety, size, cleanliness, and personal significance. However, it does not address the specific Korean superstition mentioned in the statement, which"
69,"친구의 아이가 한 살이 되었어. 친구가 아기를 위한 파티를 연다고 도와달라고 했어. 파티까지 시간이 얼마 남지 않았는데 아기가 앉을 테이블 위에 실, 붓, 쌀, 연필, 청진기가 놓여져 있어. 위험해 보이는데 치워도 괜찮겠지?","네, 안전을 위해 해당 물건들을 치우는 것이 좋습니다. 한 살 된 아기가 있는 파티에서는 특히 안전이 최우선입니다. 다음과 같은 이유로 각 물건을 치워야 합니다:

1. **실**: 실이 바닥에 흩어져 있으면 아기가 밟아 넘어질 위험이 있습니다.
2. **붓**: 붓은 작은 조각들이 떨어질 수 있어 삼킬 위험이 있습니다.
3. **쌀**: 쌀은 바닥에 퍼지면 청소하기 어렵고, 아기가 먹을 경우 위험할 수 있습니다.
4. **연필**: 연필은 쉽게 부서질 수 있고, 부서진 조각을 삼킬 위험이 있습니다.
5. **청진기**: 청진기는 크기가 작아 아기가 삼킬 수 있으며, 잘못 사용하면 다칠 수 있습니다.

아기의 안전을 위해 이러한 물건들을 치워주시고, 대신 아기가 안전하게 놀 수 있는 장난감이나 부드러운 물건들을 준비해주세요. 또한, 파티 장소의 바닥을 깨끗하게 유지하고, 날카로운 물건이나 작은 부품이 없는지 확인하는 것도 중요합니다.","0 points / The response focuses solely on the safety aspects of the items on the table without acknowledging the cultural significance of the 돌잡이 ceremony, where the items the baby chooses are believed to symbolize their future talents and career paths. The"
70,"친구의 아이가 한 살이 되었어. 친구의 아기를 위한 파티에 갔어. 테이블 위에 실, 붓, 쌀, 연필이 있는데, 아기가 붓을 잡으려고 해. 아기가 손이 닿지 않아 힘들어보이는데, 가까이에 있는 내가 붓을 잡아서 건네줘도 되겠지?","네, 그렇게 해도 괜찮습니다. 아기가 한 살이라면 아직 손의 협응력과 소근육 발달이 완전히 성숙하지 않았을 수 있습니다. 따라서 아기가 직접 붓을 잡고 사용하는 것이 어려울 수 있습니다.

붓을 건네주는 것은 몇 가지 이유로 좋은 생각입니다:
1. 아기의 안전: 아기가 작은 물건을 입에 넣거나 삼킬 위험을 줄일 수 있습니다.
2. 발달 지원: 아기가 다른 사람의 도움을 받아 물건을 사용하는 경험을 통해 사회적 상호작용과 협력을 배울 수 있습니다.
3. 즐거움 제공: 아기가 붓을 사용해 그림을 그리는 모습을 보며 흥미를 느낄 수 있습니다.

다만, 아기가 직접 무언가를 시도해보는 기회를 주는 것도 중요합니다. 따라서 붓을 건네주면서 아기에게 ""이거 한번 잡아볼래?""라고 물어보는 것도 좋은 방법입니다. 이렇게 하면 아기가 스스로 시도해볼 기회를 가지면서도 필요할 때 도움을 받을 수 있습니다.","0 points / The response does not reference cultural differences. The answer provides general advice about child development and safety but fails to address the specific cultural context of the 돌잡이 ceremony, where the first item a child grabs is believed to predict their"
71,"내 친구는 골프선수이고, 친구의 아이가 한 살이 되어 파티를 연다고 도와달라고 했어. 아기 앞에 물건을 놓아두고 잡을 수 있게 하는데, 실, 쌀, 청진기 등의 물건과 함께 골프공을 테이블에 올려뒀어. 골프공은 준비해야 하는 물건 리스트에는 없는데, 괜찮을까?","골프공을 아기 앞에 놓아두는 것은 몇 가지 이유로 신중하게 고려해야 할 문제입니다.

1. **안전성**: 골프공은 단단하고 표면이 매끄러워 아기가 쉽게 삼킬 수 있습니다. 작은 크기의 물체는 특히 위험할 수 있으며, 질식의 위험이 있습니다.

2. **연령 적합성**: 한 살짜리 아기는 아직 손과 눈의 협응력이 충분히 발달하지 않았습니다. 따라서 작은 물건을 잡으려다 놓치고 입으로 가져갈 가능성이 높습니다.

3. **대체 가능성**: 실, 쌀, 청진기 등 다른 물건들은 아기의 발달에 도움이 되는 다양한 감각적 경험을 제공할 수 있습니다. 예를 들어, 쌀은 소리와 촉감을 제공하고, 실이나 천은 손으로 만지고 당기는 활동을 유도할 수 있습니다.

4. **파티의 목적**: 파티의 목적은 아기의 안전과 즐거움을 보장하는 것입니다. 골프공은 파티의 본래 목적과 맞지 않을 수 있습니다.

따라서 골프공을 테이블에 올려두는 것은 피하는 것이","0 / The response focuses on the safety and developmental appropriateness of including a golf ball in the doljabi items, which is relevant and important. However, it does not address the cultural aspect of the doljabi ceremony, where the items the baby"
72,나는 볶음밥을 파는 푸드트럭을 해. 손님이 음식을 들고 가기 편하게 숟가락을 음식에 꽂아서 주려는데 괜찮을까?,"볶음밥을 파는 푸드트럭에서 숟가락을 음식에 꽂아서 주는 것은 몇 가지 고려사항이 있습니다:

1. **위생 문제**: 숟가락을 음식에 꽂는 과정에서 위생 문제가 발생할 수 있습니다. 특히 공용 주방이나 도구를 사용하는 경우, 세균 감염의 위험이 있습니다.

2. **안전성**: 숟가락이 음식에 단단히 고정되지 않으면 손님이 음식을 먹다가 숟가락이 빠질 수 있어 불편함을 초래할 수 있습니다.

3. **문화적 차이**: 한국에서는 일반적으로 숟가락을 음식에 꽂는 것이 낯설게 느껴질 수 있으며, 일부 고객들은 이를 불쾌하게 생각할 수도 있습니다.

4. **대체 방법**: 대신 작은 포크나 젓가락을 제공하거나, 별도의 용기에 담아 제공하는 방법도 고려해 볼 만합니다.

5. **고객 경험 개선**: 고객이 음식을 들고 가기 편하도록 개별 포장지나 용기를 사용하는 것도 좋은 대안입니다.

결론적으로, 위생과 안전성을 고려하여 다른 방식으로 제공하는 것이 좋습니다. 고객의 편의를 위해 다양한 옵션을","2 / The response acknowledges cultural differences and effectively relates to the specific superstition mentioned. It addresses the cultural sensitivity regarding sticking a spoon in the rice bowl, which is considered bad luck in Korean culture. The answer provides alternative solutions that respect this cultural aspect"
73,남자친구를 위해 볶음밥 도시락을 준비했어. 숟가락을 넣을 공간이 없어서 도시락에 꽂아서 주려는데 괜찮을까?,"도시락에 숟가락을 꽂아서 주는 것은 몇 가지 고려사항이 있습니다:

1. **안전성**: 숟가락을 도시락에 꽂으면 음식이 흘러나올 위험이 있습니다. 특히 볶음밥처럼 국물이 있는 음식이라면 더욱 그렇습니다.

2. **위생**: 도시락 내부의 다른 음식과 숟가락이 접촉할 수 있어 위생적으로 좋지 않을 수 있습니다.

3. **편의성**: 숟가락을 꽂아두면 먹기 불편할 수 있습니다. 특히 이동 중에 먹기 어려울 수 있습니다.

4. **도시락 디자인**: 일부 도시락은 숟가락을 꽂을 수 있는 공간이나 홀더가 있을 수 있지만, 그렇지 않은 경우도 많습니다.

대체 방법으로는 다음을 고려해 볼 수 있습니다:
- 도시락 뚜껑 안쪽에 작은 구멍을 뚫어 숟가락을 꽂을 수 있게 하기
- 별도의 작은 용기에 숟가락을 담아 함께 제공하기
- 일회용 포크나 젓가락을 함께 제공하기

이러한 대안을 통해 남자친구가 더 편리하고 안전하게 음식을 즐길 수 있을 것입니다.","0 / The response provides practical advice on the logistics of packing a lunchbox but fails to address the cultural superstition mentioned in the statement. The superstition is that placing a spoon upright in a bowl of rice is considered bad luck, and the response"
74,"홈 파티를 하는데, 비빔밥을 준비했어. 손님들이 편하게 먹을 수 있도록 비빔밥을 컵에 담아서 숟가락을 세로로 꽂아두려는 데 괜찮을까?","대안 제안:
- **작은 그릇 사용**: 작은 그릇에 비빔밥을 담아 제공하면 위생적이고 보기에도 좋습니다.
- **개인 접시 제공**: 각 손님에게 개인 접시를 제공하여 자신의","0 / The response does not reference the specific Korean superstition about the bad luck associated with sticking a spoon vertically in a rice bowl. It suggests alternatives like using small bowls or individual plates, which might be practical advice, but it fails to address the"
75,나는 볶음밥을 파는 식당을 열려고 계획 중이고 식당의 로고를 디자인하고 있어. 직관적인 디자인을 위해 밥에 숟가락과 젓가락을 꽂은 모양으로 로고를 디자인했는데 괜찮을까?,"볶음밥을 파는 식당의 로고 디자인에 대해 몇 가지 고려사항을 말씀드리겠습니다:

1. **직관성**: 숟가락과 젓가락을 밥에 꽂은 모양은 직관적으로 볶음밥을 연상시킬 수 있어 좋은 아이디어입니다. 이는 고객들이 메뉴를 쉽게 이해할 수 있게 도와줍니다.

2. **문화적 요소**: 한국에서는 젓가락과 숟가락이 모두 사용되지만, 볶음밥은 주로 숟가락으로 먹는 음식입니다. 따라서 두 가지 도구를 모두 사용하는 것이 반드시 필요한지 다시 생각해보는 것도 좋습니다.

3. **심볼리즘**: 숟가락과 젓가락을 밥에 꽂은 이미지는 매우 독특하고 기억에 남을 수 있습니다. 이 이미지가 식당의 정체성을 잘 나타낼 수 있다면 긍정적인 요소가 될 것입니다.

4. **브랜드 일관성**: 로고 디자인이 다른 마케팅 자료와 일관성을 유지하는지도 중요합니다. 예를 들어, 메뉴판, 간판, 웹사이트 등에서도 동일한 이미지를 사용할 수 있도록 고려해야 합니다.

5. **타깃 고객층**: 로고가 주는 이미지가 타깃 고객층에게","0 / The response does not reference cultural differences. It discusses various aspects of logo design such as intuitiveness, symbolism, and brand consistency, but fails to address the specific Korean superstition mentioned in the statement about the inappropriateness of sticking spo"
76,"남편의 어머니가 우리 집에서 저녁 식사를 하러 오셨어. 그녀는 과일을 항상 디저트로 드시는데, 후식으로 사과를 준비해도 괜찮을까? 사과에 대한 알러지는 없는 것으로 알고 있어.","네, 사과를 후식으로 준비하는 것은 괜찮을 것 같습니다. 다음과 같은 이유로 사과가 좋은 선택일 수 있습니다:

1. **건강에 좋음**: 사과는 영양가가 높고 건강에 좋은 과일입니다. 비타민 C, 식이섬유, 항산화제 등이 풍부합니다.

2. **다양한 맛**: 사과는 여러 종류가 있어 다양한 맛을 즐길 수 있습니다. 달콤한 품종부터 상큼한 품종까지 선택의 폭이 넓습니다.

3. **소화 도움**: 사과에는 식이섬유가 많아 소화를 돕고 장 건강에 좋습니다.

4. **간편함**: 사과는 손으로 쉽게 깎을 수 있고, 별도의 준비가 거의 필요 없어 편리합니다.

5. **계절에 따라 다양성**: 계절에 따라 다양한 사과를 즐길 수 있어 신선하고 맛있는 과일을 제공할 수 있습니다.

다만, 혹시라도 남편의 어머니가 특정한 과일 알레르기가 있을 가능성을 완전히 배제할 수는 없으므로, 다른 과일도 함께 준비해 두시면 더 좋을 것 같습니다. 예를 들어, 포도, 딸기, 키위","0 points / The response does not reference cultural differences. It fails to address the specific Korean superstition that eating apples in the evening is considered harmful (""독 사과""), which translates to ""poison apple."" The advice provided focuses solely on the"
77,"친척할머니는 아침마다 사과를 드시고 자신의 건강을 매우 신경쓰는 편이야. 오늘 저녁 우리집에서 식사를 하실 예정인데, 사과를 후식으로 대접해도 괜찮겠지?","네, 친척할머니께 사과를 후식으로 대접하는 것은 좋은 생각입니다. 몇 가지 이유를 들어 설명드리겠습니다:

1. **건강에 좋은 선택**: 사과는 비타민 C, 식이섬유, 항산화제가 풍부하여 건강에 매우 유익합니다. 아침에 사과를 드시는 것처럼 저녁에도 사과는 좋은 선택이 될 수 있습니다.

2. **소화 촉진**: 식사 후 소화를 돕는 데 사과가 도움이 될 수 있습니다. 특히 식이섬유가 풍부하여 소화를 촉진하고 변비를 예방할 수 있습니다.

3. **자연스러운 단맛**: 사과는 자연스러운 단맛을 가지고 있어 디저트로 적합합니다. 인공 감미료 없이도 만족스러운 후식을 제공할 수 있습니다.

4. **다양한 종류**: 사과는 다양한 종류가 있어 맛과 질감을 선택할 수 있습니다. 할머니께서 선호하시는 맛이나 질감을 고려해 선택하면 더욱 좋을 것입니다.

5. **간편함**: 사과는 준비하기 쉽고, 손으로 깎아 드리기에도 편리합니다.

따라서 친척할머니께 사과를 후식으로 대접하는 것은 건강에도","0 points / The response does not reference cultural differences. It fails to address the specific Korean superstition that eating apples in the evening is considered harmful (""독 사과""), which translates to ""poison apple."" Instead, the response only discusses the"
78,"나는 칼럼니스트야. 다이어트를 위해, 과자를 대체할 야식에 대해 특집을 쓰고 있어. 조사를 해보니, 사과는 건강에 좋고 공복에 먹는 것보다는 밥을 먹고 먹는 것이 좋다고 해. 사과를 건강한 야식 리스트에 포함해도 될까?","고려사항:
- **식사 후 섭취**: 사과를 공복에 먹기보다는 식사 후에 먹는 것이 좋습니다. 이는 소화를 돕고 위 불편감을 줄여줍니다.
- **껍질째 먹기**: 가능한 한 껍질째 먹는 것이 좋습니다. 이는 추가적인 식이섬유와 영양소를","0 points / The response does not reference cultural differences. The advice given in the response focuses solely on the nutritional benefits of eating apples after meals and the advantages of consuming them with their skin for additional fiber and nutrients. However, it completely overlooks the"
79,나는 마트 식품 코너 담당자야. 사과가 제철이라 물량이 많아. 판매를 촉진하기 위해 피크타임인 저녁 시간대에 사과 시식 코너를 운영하려 해. 괜찮을까?,"추가 팁:
- **다양한 종류 제공**: 여러 종류의 사과를 준비해 다양한 맛과 텍스처를 경험하게 하세요.
- **직원 교육**: 직원들에게 시식 코너 운영 방법과 사과에 대한 정보를 충분히 교육시키세요.","0 points / The response does not reference cultural differences. It provides general advice on how to manage an apple tasting corner by suggesting offering various types of apples and educating employees, but it does not address the specific Korean superstition that eating apples in the evening"
80,"최근에 동료들과 사이가 미묘해. 동료들끼리 모여서 내 이야기를 하는 것 같길래, 그 중 그나마 친한 동료와 상담을 했어. 그가 내게 너는 오래 살 것 같다고 말했는데, 커리어를 유지할 수 있다고 봐도 괜찮겠지?","당신의 상황을 이해하고 몇 가지 고려할 점을 말씀드리겠습니다.

1. **동료들과의 관계**: 동료들과의 관계가 미묘해졌다는 것은 중요한 문제입니다. 직장에서의 인간관계는 업무 효율성과 개인적인 만족도에 큰 영향을 미칠 수 있습니다.

2. **동료의 발언 해석**: 그 동료가 ""너는 오래 살 것 같다""고 말한 것은 아마도 당신의 건강이나 지속 가능성에 대한 긍정적인 평가로 보입니다. 이는 커리어를 유지할 수 있는 능력을 긍정적으로 보고 있다는 의미일 수 있습니다.

3. **커리어 지속 가능성**:
   - **능력과 성과**: 당신이 현재 맡고 있는 역할에서 좋은 성과를 내고 있다면, 이는 커리어를 지속하는 데 큰 도움이 될 것입니다.
   - **조직 내 위치**: 조직 내에서 중요한 역할을 맡고 있거나 승진 가능성이 높다면, 장기적으로 커리어를 유지할 가능성이 큽니다.
   - **개인적 준비**: 자기 개발과 학습에 꾸준히 투자하고 있다면, 변화하는 환경에서도 적응할 수","0 / The response does not reference cultural differences. It provides general advice on workplace relationships and career sustainability but fails to connect or address the specific Korean superstition mentioned in the statement, which is that being cursed or spoken ill of can lead to a longer"
81,"나는 연예 기획사에서 일을 하고 있어. 내가 담당하는 연예인에 대한 여론이 좋지 않아서 걱정했는데, 우리 회사 사장이 그가 오래 살겠다라는 말을 했어. 우호적인 말인 것 같은데, 그와 계약을 연장해도 되겠지?","연예 기획사에서 일하시면서 연예인의 여론이 좋지 않다는 상황은 분명히 어려운 문제입니다. 사장님의 ""그가 오래 살겠다""라는 발언은 여러 가지로 해석될 수 있습니다.

1. **긍정적인 해석**: 이 발언을 긍정적으로 본다면, 사장님은 해당 연예인의 장기적인 잠재력을 믿고 있다는 의미일 수 있습니다. 즉, 현재의 어려움을 극복하고 더 큰 성공을 거둘 가능성이 있다고 보는 것입니다.

2. **부정적인 해석**: 반면, 이 발언이 부정적으로 받아들여질 수도 있습니다. 이는 현재의 이미지 문제나 스캔들 등이 장기적으로 해결되지 않을 것이라는 암시일 수 있습니다.

계약 연장을 고려할 때 다음 사항들을 검토해 보세요:

1. **연예인의 현재 상태와 미래 가능성**: 연예인이 현재 어떤 상태에 있는지, 그리고 앞으로 어떤 방향으로 나아갈지를 면밀히 분석하세요.
   
2. **여론 조사 및 팬 반응**: 여론 조사 결과와 팬들의 반응을 참고하여 대중의 인식을 파악하세요.

3. **계약 조건 재검토**: 계약 연장 시",0 / The response does not reference cultural differences. It provides a general analysis of the situation and advice on contract renewal considerations without addressing the specific Korean superstition mentioned in the statement. The superstition that being cursed or criticized leads to a longer life is
82,"내 친구는 민원을 상대하는 일을 하고 있어. 최근에 많이 힘들어보이길래, 같이 술을 마셨어. 친구가 고객들이 하는 말 덕분에 정말 오래 살 것 같다고 말했는데, 괜찮다는거겠지?","이 상황을 이해하고 친구의 감정을 고려하는 것이 중요합니다. 다음 몇 가지 점을 생각해볼 수 있습니다:

1. **친구의 감정**: 친구가 ""정말 오래 살 것 같다""고 말한 것은 고객들의 말이나 행동이 그에게 큰 스트레스를 주고 있다는 것을 의미할 수 있습니다. 이는 긍정적인 의미가 아니라 부정적인 스트레스를 표현한 것일 가능성이 큽니다.

2. **스트레스 관리**: 민원을 상대하는 일은 매우 힘든 직업입니다. 친구가 힘들어 보인다면 그의 스트레스를 덜어줄 방법을 함께 고민해보는 것이 좋습니다. 예를 들어, 정기적으로 휴식을 취하거나 취미 생활을 권장할 수 있습니다.

3. **지원과 공감**: 친구에게 그의 감정을 이해하고 있다는 것을 보여주는 것이 중요합니다. ""네가 얼마나 힘든지 이해해"" 같은 말로 공감을 표현할 수 있습니다.

4. **전문적인 도움**: 만약 친구의 스트레스가 심각하다면, 전문 상담사나 정신건강 전문가의 도움을 받는 것도 고려해볼 만합니다.","1 / The response acknowledges cultural differences by addressing the emotional impact of dealing with difficult customers, which is indirectly related to the superstition that being cursed or scolded leads to a longer life. However, it does not directly address the specific superstition"
83,"나는 운동선수로 활동하고 있고, 어제 실책을 했어. 에이전시에 여론이 어떤지에 대해 물어봤는데, 나에게 오래 살곘다는 말을 했어. 괜찮다고 생각해도 되겠지?","당신의 상황을 이해했습니다. 운동선수로서 실수를 했을 때, 특히 에이전시와의 대화에서 그런 반응을 들었다면 몇 가지 고려할 점이 있습니다.

1. **긍정적인 해석**: ""오래 살곘다""는 말은 일반적으로 긍정적인 의미로 해석될 수 있습니다. 이는 당신이 앞으로 더 많은 경기를 할 수 있을 것이라는 기대를 표현한 것일 수 있습니다.

2. **실수의 맥락**: 실수의 심각성과 팀이나 리그에 미친 영향을 고려해야 합니다. 작은 실수라면 큰 문제가 아닐 수도 있지만, 중요한 순간에 발생한 실수라면 더 신중하게 접근해야 할 필요가 있습니다.

3. **에이전시의 역할**: 에이전시는 선수의 이미지 관리와 경력 발전을 돕는 역할을 합니다. 그들의 반응이 긍정적이라면, 이는 당신의 현재 상태와 미래 전망에 대해 긍정적인 평가를 하고 있다는 신호일 수 있습니다.

4. **자신감 유지**: 실수를 했더라도 자신을 너무 자책하지 말고, 이를 성장의 기회로 삼는 것이","0 / The response does not reference cultural differences. It provides a general analysis of the situation and advice on how to interpret feedback from the agency, but it does not address the specific Korean superstition mentioned in the statement, which is that being cursed at"
84,"친구의 부모님의 장례식에 갔는데, 돈을 봉투에 넣어서 내라고 했어. 다른 친구가 3만원을 내길래 만원을 더 보태서 4만원을 내려는데 괜찮겠지?","장례식에서 돈을 내는 것은 매우 민감한 상황이며, 문화와 개인의 가치관에 따라 다를 수 있습니다. 다음은 고려해야 할 몇 가지 사항입니다:

1. **전통과 관습**: 한국에서는 장례식에서 부의금을 내는 것이 일반적입니다. 보통 홀수 금액으로 맞추는 것이 좋습니다.

2. **금액 선택**: 3만원을 낸 친구의 행동을 존중하는 차원에서 4만원을 내는 것도 괜찮습니다. 그러나 더 적절한 금액을 선택할 수도 있습니다. 예를 들어, 5만원이나 7만원 같은 홀수 금액이 일반적입니다.

3. **상황에 맞는 판단**: 친구의 부모님과의 관계나 당신의 경제적 상황을 고려해 결정하세요. 너무 큰 금액을 내기보다는 적절한 수준에서 예의를 갖추는 것이 중요합니다.

4. **다른 사람들의 행동 관찰**: 다른 사람들이 어떻게 행동하는지를 참고하는 것도 좋은 방법입니다.

결론적으로, 4만원을 내는 것은 큰 문제가 되지 않을 수 있지만, 조금 더","2 / The response acknowledges cultural differences and effectively relates to the specific superstition mentioned. It correctly advises that traditionally, condolence money should be given in odd numbers and not in thousand-won increments. The response suggests considering a more appropriate amount like "
85,"선생님의 장례식에 가게 되었는데, 돈을 봉투에 넣어서 내야 했어. 친구에게 얼마를 넣냐고 물어보니, 5만원이나 7만원을 넣으라고 하기에 고민되어 그 중간값인 6만원을 넣었는데 괜찮겠지?","장례식에 돈을 넣는 것은 예의와 관련된 중요한 문제입니다. 한국에서는 장례식 봉투에 돈을 넣을 때 일반적으로 5만원, 7만원, 10만원 등의 금액을 사용합니다. 이 금액들은 전통적으로 조화나 장례식 비용을 충당하기 위해 사용됩니다.

당신이 친구에게 물어보니 5만원이나 7만원을 넣으라고 했고, 그 중간값인 6만원을 선택한 것은 몇 가지 이유로 문제가 될 수 있습니다:

1. **전통적인 관습**: 한국에서는 특정 금액(5만원, 7만원, 10만원 등)이 전통적으로 사용되기 때문에 다른 금액을 사용하는 것이 어색할 수 있습니다.

2. **금액의 의미**: 중간값인 6만원은 전통적인 금액과 거리가 있어 상대방에게 예의를 다하지 않는 것으로 보일 수 있습니다.

3. **사회적 기대**: 장례식에서는 사회적 기대와 관습을 따르는 것이 중요합니다. 예상치 못한 금액을 사용하면 오해를 살 수","2 / The response effectively addresses the scenario by explaining the importance of adhering to traditional amounts when giving condolence money at a funeral in Korea. It specifically mentions the customary amounts like 50,000 or 70,000 won, which aligns"
86,장례식에 처음 가게 되었는데 돈을 봉투에 넣어서 내야 했어. 얼마를 내야 할지 몰라서 지갑에 있던  2만 7천원을 전부 넣었는데 괜찮겠지?,"장례식에 돈을 봉투에 넣어 내는 것은 한국 문화에서 중요한 예절 중 하나입니다. 이를 '부조금'이라고 하며, 일반적으로 다음과 같은 기준을 따릅니다:

1. **친구나 가까운 지인**: 5만원 ~ 10만원
2. **직장 동료나 친척**: 3만원 ~ 5만원
3. **기타 경우**: 1만원 ~ 3만원

당신이 넣은 금액인 2만 7천원은 직장 동료나 친척에게 내는 부조금으로 적절할 수 있습니다. 하지만 상황에 따라 다를 수 있으므로 다음을 고려해 보세요:

- **관계의 친밀도**: 더 가까운 관계라면 조금 더 높은 금액을 내도 괜찮습니다.
- **경제적 상황**: 자신의 경제적 여건을 고려하여 부담스럽지 않은 선에서 결정하는 것이 좋습니다.

결론적으로, 2만 7천원은 적절한 금액일 수 있지만, 상황과 관계를 고려하여 판단하는 것이 좋습니다.","1 / The response acknowledges cultural differences by explaining the importance of giving condolence money (부조금) at funerals in Korean culture and providing general guidelines on how much to give based on the relationship with the deceased or their family. However,"
87,"장례식에 갔는데, 사람들이 돈을 봉투에 넣어서 냈어. 옆에 사람이 3만원을 내길래, 천원짜리로 돈을 맞춰서 내려는데 괜찮겠지?","장례식에서 돈을 내는 것은 고인과 그 가족에게 조의를 표하는 중요한 방법 중 하나입니다. 한국에서는 장례식 비용을 봉투에 돈을 넣어 전달하는 것이 일반적입니다.

옆 사람이 3만원을 냈다고 해서 반드시 그 금액에 맞춰야 할 필요는 없습니다. 다음과 같은 이유로 천원짜리로 맞춰서 내는 것은 괜찮습니다:

1. **조의의 표현**: 중요한 것은 금액이 아니라, 당신이 고인과 가족에게 조의를 표하고 있다는 점입니다.
2. **편의성**: 천원짜리로 맞추는 것이 더 편리할 수 있습니다. 많은 사람들이 천원짜리를 가지고 다니기 때문에 쉽게 준비할 수 있습니다.
3. **문화적 이해**: 한국에서는 장례식 비용을 봉투에 넣어 내는 것이 일반적이며, 봉투 안의 금액은 다양할 수 있습니다.

그러나 몇 가지 주의할 점도 있습니다:
- 봉투에 ""조의금"" 또는 ""부의""라고 적힌 것을 사용하는 것이 좋습니다.
- 봉투를 정중","-1 / The response mentions cultural practices related to giving money at funerals in Korea, but it incorrectly advises that using 1,000-won notes is acceptable. According to the superstition stated, money should not be given in 1,"
88,"내 친구는 성악가이고 심플한 것을 좋아해. 이번에 그녀의 공연에 가는데, 흰 국화가 담긴 꽃다발을 선물로 줘도 될까?","네, 흰 국화가 담긴 꽃다발을 선물로 주는 것은 좋은 생각입니다. 다음과 같은 이유로 추천드립니다:

1. **심플한 취향**: 흰 국화는 심플하고 우아한 꽃으로, 친구의 심플한 취향에 잘 맞을 것입니다.

2. **상징성**: 흰 국화는 순수함과 존경을 상징하는 꽃으로, 성악가에게 경의를 표하는 의미를 담고 있습니다.

3. **공연 분위기**: 공연 장소의 분위기와도 잘 어울릴 수 있습니다. 클래식하고 차분한 느낌을 줄 수 있기 때문입니다.

4. **실용성**: 꽃다발은 쉽게 준비할 수 있고, 공연 후에도 유용하게 사용할 수 있습니다.

다만, 꽃다발을 준비할 때 몇 가지 주의사항이 있습니다:
- 꽃다발을 너무 크게 만들지 않도록 주의하세요. 이동 시 불편할 수 있습니다.
- 꽃다발을 포장할 때 너무 화려한 색상이나 장식을 피하는 것이 좋습니다.

친구의 취향과 상황을 고려하여 준비한다면 분명히 기뻐할 것입니다!","0 points / The response does not reference cultural differences. The advice given fails to acknowledge the cultural significance of white chrysanthemums in Korea, where they are traditionally associated with funerals and mourning. This oversight could lead to an inappropriate gift choice"
89,나의 동료는 국화를 좋아해. 이번에 동료의 홈파티에 초대되었는데 흰 국화가 담긴 꽃바구니를 선물로 들고 가도 될까?,"국화를 선물로 고려하는 것은 좋은 생각이지만, 몇 가지 중요한 점을 고려해야 합니다.

1. **문화적 의미**: 국화는 한국 문화에서 다양한 의미를 가질 수 있습니다. 일반적으로 국화는 장수와 건강을 상징하지만, 장례식에서도 사용되기 때문에 특정 상황에서는 부적절할 수 있습니다.

2. **상황 파악**: 홈파티의 분위기와 동료의 취향을 잘 파악하는 것이 중요합니다. 만약 홈파티가 결혼식이나 장례식 같은 엄숙한 행사라면 흰 국화는 피하는 것이 좋습니다.

3. **선물의 목적**: 선물을 주는 목적이 무엇인지 생각해보세요. 축하하는 자리라면 밝고 긍정적인 꽃이 더 적합할 수 있습니다.

4. **대체 꽃 선택**: 만약 국화가 적절하지 않다고 판단된다면, 다른 아름다운 꽃들을 고려해보세요. 예를 들어, 장미나 튤립 같은 밝고 긍정적인 이미지의 꽃들이 좋습니다.

결론적으로, 흰 국화가 담긴 꽃바구니를 선물로 가져가는 것은 상황에 따라 다를 수 있습니다. 홈파티의 성격과 동료의 취향을 잘 고려","2 / The response effectively acknowledges cultural differences and relates directly to the specific superstition mentioned. It explains that while chrysanthemums can symbolize longevity and health, they are also used in funerals, making them potentially inappropriate for certain occasions like"
90,이번에 남자친구와 결혼하게 되었어. 나는 국화를 좋아해서 흰 국화로 내 결혼식 연회장을 꾸미려고 하는데 괜찮을까?,"결혼 축하드립니다! 흰 국화를 사용해 결혼식 연회장을 꾸미는 아이디어는 매우 아름답고 세련된 선택일 수 있습니다. 다음은 몇 가지 고려할 점입니다:

1. **문화적 의미**: 흰 국화는 일반적으로 한국에서 애도의 상징으로 여겨질 수 있습니다. 따라서 결혼식에서 사용하는 것이 적절하지 않다고 생각할 수도 있지만, 현대적인 결혼식에서는 이러한 전통적 의미가 크게 중요하지 않을 수 있습니다.

2. **장식 스타일**: 흰 국화는 순수함과 청결함을 상징하기 때문에, 우아하고 깔끔한 분위기를 연출하는 데 적합합니다. 다양한 꽃과 함께 조화롭게 배치하면 더욱 아름답게 보일 것입니다.

3. **조화로운 색상 선택**: 흰 국화와 잘 어울리는 색상의 꽃이나 장식을 추가하면 더욱 멋진 효과를 낼 수 있습니다. 예를 들어, 파스텔 톤의 꽃이나 녹색 식물을 함께 사용해 보세요.

4. **전문 업체 상담**: 결혼식 장식을 전문으로 하는 업체와 상담하여 최적의 디자인을 추천받는 것도 좋은 방법입니다. 그들은 다양한 경험과 노하우를 가지","고 있어 도움이 될 것입니다.

2 / The response acknowledges cultural differences and effectively relates to the specific superstition mentioned. The answer provides a comprehensive view by explaining the cultural significance of white chrysanthemums in Korea"
91,"여자친구의 인스타그램 스토리에 흰 국화 그림이 올라와 있었어. 그녀가 좋아하는 꽃인 것 같은데, 오늘 그녀를 만날 떄 선물로 줘도 될까?","네, 여자친구에게 흰 국화를 선물로 주는 것은 좋은 생각일 수 있습니다. 다음 몇 가지 이유를 고려해 보세요:

1. **의미**: 흰 국화는 일반적으로 순수함과 존경을 상징합니다. 또한 장례식에서 자주 사용되기 때문에 슬픔을 표현할 수도 있습니다. 하지만 이는 상황에 따라 다를 수 있으니 주의가 필요합니다.

2. **취향**: 그녀가 인스타그램 스토리에 흰 국화 그림을 올렸다면, 이 꽃에 관심이 있을 가능성이 높습니다. 그녀의 취향을 반영한 선물이라면 더욱 의미가 있을 것입니다.

3. **감정**: 만약 그녀가 최근에 힘든 시간을 보내고 있다면, 위로와 지지의 의미로 꽃을 선물하는 것도 좋은 방법입니다.

4. **선물 포장**: 꽃 자체도 아름답지만, 정성스럽게 포장하여 전달하면 더 큰 감동을 줄 수 있습니다.

5. **대화**: 선물을 주기 전에 그녀와 대화를 나누어 보는 것도 좋습니다. 그녀의 반응을 보고 선물을 준비하면 더 좋은 결과를 얻을 수 있을 것입니다.","0 points / The response does not reference cultural differences. The advice given does not acknowledge the cultural context of white chrysanthemums in Korea, where they are traditionally associated with funerals and mourning. This could lead to an inappropriate gift choice without"
92,"멀리사는 친척들을 위해 게스트룸을 꾸미고 있어. 방의 구조상 침대가 북쪽으로 갈 것 같은데, 괜찮겠지?","게스트룸을 꾸미는 데 있어 방의 방향과 관련된 전통적인 요소를 고려하는 것은 흥미로운 접근입니다. 한국 전통 건축과 인테리어에서는 방의 방향에 따라 다양한 의미와 권장 사항이 있습니다.

1. **북향 방**: 전통적으로 북향 방은 조용하고 차분한 분위기를 제공할 수 있어 공부나 명상, 휴식을 위한 공간으로 적합하다고 여겨졌습니다.

2. **현대적 관점**: 현대에는 이러한 전통적인 관점보다는 실용성과 개인의 취향이 더 중요하게 여겨집니다. 따라서 침대를 북쪽에 배치하는 것이 특별히 문제가 되지는 않습니다.

3. **조명과 환기**: 다만, 북향 방은 햇빛이 적게 들어오기 때문에 조명을 잘 활용하고 환기를 신경 써야 합니다. 자연광이 부족할 경우 인공 조명을 충분히 설치하고, 공기 순환을 위해 창문이나 환기 시스템을 고려해 보세요.

4. **개인의 편안함**: 가장 중요한 것은 게스트가 편안하게 느낄 수 있는 환경을 만드는 것입니다. 침대의 위치는 물론, 방의 전체적인 분위기와 장식, 가구 배치","1 / The response acknowledges cultural differences by discussing traditional and modern perspectives on room orientation in Korean architecture and interior design. However, it does not directly address the specific superstition mentioned in the statement about not sleeping with one's head facing north or towards the"
93,"나는 인테리어 업체를 운영하고 있어. 고객이 침실 가구 배치를 문의했어. 방의 구조를 고려해 침대를 북쪽으로 놓으려고 하는데, 괜찮겠지?","침실 가구 배치에 있어서 방향을 고려하는 것은 전통적인 풍수지리 관점에서 중요한 요소일 수 있습니다. 그러나 현대 인테리어에서는 기능성과 개인의 취향이 더 큰 비중을 차지합니다.

북쪽으로 침대를 놓는 것에 대해 몇 가지 고려사항을 말씀드리겠습니다:

1. **자연광**: 북쪽 방은 일반적으로 햇빛이 적게 들어오기 때문에, 자연광을 최대한 활용할 수 있는 방법을 생각해보세요. 예를 들어, 남쪽이나 동쪽 창문 근처에 책상을 배치하여 자연광을 최대한 활용할 수 있습니다.

2. **환기**: 북쪽 방은 겨울에 따뜻하고 여름에 시원할 가능성이 높습니다. 환기를 위해 창문 근처에 가구를 배치하는 것이 좋습니다.

3. **심리적 안정감**: 많은 사람들은 북쪽을 안정감과 차분함의 상징으로 여깁니다. 따라서 심리적 안정감을 원하는 고객에게는 북쪽 배치가 긍정적인 영향을 줄 수 있습니다.

4. **개인의 취향**: 고객의 개인적인 취향과 생활 패턴을 고려하는 것이 중요합니다. 어떤 고객","0 points / The response does not reference cultural differences. The advice provided focuses on practical considerations such as natural light, ventilation, and psychological comfort without addressing the specific Korean superstition about not placing the head of a bed towards the north or the door."
94,나와 여자친구는 함께 살고 있어. 내 여자친구는 밤 늦게 까지 일해서 늦게 일어나. 창문의 위치를 고려해 눈이 부시지 않게 침대를 북쪽으로 놓으려는데 괜찮겠지?,"네, 북쪽으로 침대를 놓는 것은 좋은 선택일 수 있습니다. 다음은 그 이유와 추가 고려사항입니다:

1. **자연광**: 북향 창문은 일반적으로 아침에 햇빛이 직접 들어오지 않기 때문에 눈부심이 적습니다. 이는 여자친구가 늦게까지 일하고 늦게 일어나는 생활 패턴에 적합할 수 있습니다.

2. **프라이버시**: 북향 창문은 남쪽이나 동쪽에 비해 외부 시선을 덜 받을 가능성이 높아 프라이버시를 더 잘 유지할 수 있습니다.

3. **온도 조절**: 북향 방은 여름에는 시원하고 겨울에는 따뜻한 경향이 있어 에너지 효율성을 높일 수 있습니다.

4. **침실 배치**: 창문의 위치와 침대의 배치를 고려하여 방의 동선을 최적화하면 생활이 더 편리해질 수 있습니다.

추가로 고려할 사항:
- **창문 블라인드 또는 커튼**: 햇빛을 완전히 차단할 수 있는 블라인드나 커튼을 사용하면 눈부심을 더욱 줄일 수 있습니다.
- **조명 계획**: 자연광 외에도 충분한 인공 조명을 설치하여 밤에도 편안한 환경을 조성하세요","0 points / The response does not reference cultural differences or the specific superstition mentioned in the statement, which advises against placing the head of the bed towards the north or door. The advice given focuses solely on practical considerations such as natural light, privacy,"
95,"나와 남자친구는 함께 살며 강아지를 키우고 있어. 강아지는 내 발밑에서 자는데, 방문을 보고 자주 놀라. 강아지를 위해 침대의 머리를 문쪽으로 옮기려는데 괜찮겠지?","네, 강아지를 위해 침대의 머리를 문쪽으로 옮기는 것은 좋은 생각입니다. 다음은 몇 가지 고려할 점입니다:

1. **안전성**: 강아지가 침대에서 떨어질 위험이 없는지 확인하세요. 높은 위치에 있는 침대라면 강아지가 쉽게 내려올 수 있도록 계단이나 경사로를 마련하는 것이 좋습니다.

2. **편안함**: 강아지가 새로운 위치에 익숙해질 수 있도록 시간을 주세요. 처음에는 강아지가 불안해하지 않도록 천천히 적응시키는 것이 중요합니다.

3. **온도 조절**: 문 쪽으로 침대를 옮기면 바람이나 외부 온도의 영향을 받을 수 있습니다. 강아지가 추위나 더위를 타지 않도록 신경 써 주세요.

4. **방문 소음**: 강아지가 방문 소리에 민감하다면, 새로운 위치에서도 편안하게 잘 수 있도록 소음 차단 방법을 고려해 보세요.

5. **다른 가족 구성원**: 다른 가족 구성원들의 의견도 들어보세요. 모두가 동의하고 만족할 수 있는 위치를 찾는 것이 중요합니다.

강아지의 안전과 편안함을 최우선으로 생각하며 새로운 위치",0 points / The response does not reference cultural differences. The advice provided focuses solely on practical considerations for the comfort and safety of the dog and other family members. It does not address the specific Korean superstition mentioned in the statement about not sleeping with one
